timestamp,hive_code,hive_number,temperature_c,humidity_pct,hive_weight_kg,bee_activity_score,scenario,health_label,data_source
2026-07-01T00:00:00,HV-2026-001,1,32.84,70.13,25.251,79.29,normal,healthy,synthetic_prototype_dataset
2026-07-01T01:00:00,HV-2026-001,1,31.87,69.42,25.281,74.89,normal,healthy,synthetic_prototype_dataset
2026-07-01T02:00:00,HV-2026-001,1,32.87,69.53,25.337,78.72,normal,healthy,synthetic_prototype_dataset
2026-07-01T03:00:00,HV-2026-001,1,33.11,71.98,25.378,72.99,normal,healthy,synthetic_prototype_dataset
2026-07-01T04:00:00,HV-2026-001,1,33.52,66.77,25.434,75.83,normal,healthy,synthetic_prototype_dataset
2026-07-01T05:00:00,HV-2026-001,1,33.58,65.59,25.501,75.46,normal,healthy,synthetic_prototype_dataset
2026-07-01T06:00:00,HV-2026-001,1,33.81,64.37,25.545,77.28,normal,healthy,synthetic_prototype_dataset
2026-07-01T07:00:00,HV-2026-001,1,34.52,63.96,25.645,76.4,normal,healthy,synthetic_prototype_dataset
2026-07-01T08:00:00,HV-2026-001,1,34.42,60.04,25.696,83.57,normal,healthy,synthetic_prototype_dataset
2026-07-01T09:00:00,HV-2026-001,1,34.87,58.54,25.701,83.63,normal,healthy,synthetic_prototype_dataset
2026-07-01T10:00:00,HV-2026-001,1,35.46,59.92,25.716,83.81,normal,healthy,synthetic_prototype_dataset
2026-07-01T11:00:00,HV-2026-001,1,35.31,58.63,25.787,85.31,normal,healthy,synthetic_prototype_dataset
2026-07-01T12:00:00,HV-2026-001,1,35.61,58.12,25.839,88.11,normal,healthy,synthetic_prototype_dataset
2026-07-01T13:00:00,HV-2026-001,1,34.6,57.66,25.866,84.87,normal,healthy,synthetic_prototype_dataset
2026-07-01T14:00:00,HV-2026-001,1,35.0,61.63,25.878,91.51,normal,healthy,synthetic_prototype_dataset
2026-07-01T15:00:00,HV-2026-001,1,34.16,59.45,25.924,90.99,normal,healthy,synthetic_prototype_dataset
2026-07-01T16:00:00,HV-2026-001,1,34.97,62.93,25.95,87.9,normal,healthy,synthetic_prototype_dataset
2026-07-01T17:00:00,HV-2026-001,1,34.72,62.84,25.939,85.91,normal,healthy,synthetic_prototype_dataset
2026-07-01T18:00:00,HV-2026-001,1,33.59,65.89,25.974,92.42,normal,healthy,synthetic_prototype_dataset
2026-07-01T19:00:00,HV-2026-001,1,33.47,67.1,26.021,88.8,normal,healthy,synthetic_prototype_dataset
2026-07-01T20:00:00,HV-2026-001,1,33.56,67.31,26.033,88.19,normal,healthy,synthetic_prototype_dataset
2026-07-01T21:00:00,HV-2026-001,1,32.54,70.83,26.042,88.98,normal,healthy,synthetic_prototype_dataset
2026-07-01T22:00:00,HV-2026-001,1,33.09,71.87,26.09,87.78,normal,healthy,synthetic_prototype_dataset
2026-07-01T23:00:00,HV-2026-001,1,32.55,71.62,26.056,82.04,normal,healthy,synthetic_prototype_dataset
2026-07-02T00:00:00,HV-2026-001,1,32.18,70.0,26.095,72.83,normal,healthy,synthetic_prototype_dataset
2026-07-02T01:00:00,HV-2026-001,1,32.65,73.89,26.107,78.58,normal,healthy,synthetic_prototype_dataset
2026-07-02T02:00:00,HV-2026-001,1,32.53,70.48,26.099,74.81,normal,healthy,synthetic_prototype_dataset
2026-07-02T03:00:00,HV-2026-001,1,33.53,66.63,26.139,76.83,normal,healthy,synthetic_prototype_dataset
2026-07-02T04:00:00,HV-2026-001,1,33.16,65.69,26.167,74.15,normal,healthy,synthetic_prototype_dataset
2026-07-02T05:00:00,HV-2026-001,1,33.84,66.64,26.248,75.16,normal,healthy,synthetic_prototype_dataset
2026-07-02T06:00:00,HV-2026-001,1,33.61,65.11,26.281,80.76,normal,healthy,synthetic_prototype_dataset
2026-07-02T07:00:00,HV-2026-001,1,34.79,63.62,26.357,73.67,normal,healthy,synthetic_prototype_dataset
2026-07-02T08:00:00,HV-2026-001,1,34.44,59.62,26.373,74.81,normal,healthy,synthetic_prototype_dataset
2026-07-02T09:00:00,HV-2026-001,1,35.28,59.44,26.355,77.8,normal,healthy,synthetic_prototype_dataset
2026-07-02T10:00:00,HV-2026-001,1,35.34,60.24,26.463,93.2,normal,healthy,synthetic_prototype_dataset
2026-07-02T11:00:00,HV-2026-001,1,35.52,56.25,26.429,85.46,normal,healthy,synthetic_prototype_dataset
2026-07-02T12:00:00,HV-2026-001,1,35.01,57.04,26.45,85.41,normal,healthy,synthetic_prototype_dataset
2026-07-02T13:00:00,HV-2026-001,1,35.81,58.31,26.487,83.48,normal,healthy,synthetic_prototype_dataset
2026-07-02T14:00:00,HV-2026-001,1,34.45,57.85,26.528,94.31,normal,healthy,synthetic_prototype_dataset
2026-07-02T15:00:00,HV-2026-001,1,35.05,61.61,26.551,84.79,normal,healthy,synthetic_prototype_dataset
2026-07-02T16:00:00,HV-2026-001,1,34.29,59.99,26.663,86.65,normal,healthy,synthetic_prototype_dataset
2026-07-02T17:00:00,HV-2026-001,1,34.79,61.35,26.73,91.23,normal,healthy,synthetic_prototype_dataset
2026-07-02T18:00:00,HV-2026-001,1,34.0,64.72,26.737,91.56,normal,healthy,synthetic_prototype_dataset
2026-07-02T19:00:00,HV-2026-001,1,33.53,64.4,26.717,90.48,normal,healthy,synthetic_prototype_dataset
2026-07-02T20:00:00,HV-2026-001,1,34.13,68.58,26.738,90.52,normal,healthy,synthetic_prototype_dataset
2026-07-02T21:00:00,HV-2026-001,1,33.74,70.14,26.748,92.81,normal,healthy,synthetic_prototype_dataset
2026-07-02T22:00:00,HV-2026-001,1,33.14,73.62,26.78,83.84,normal,healthy,synthetic_prototype_dataset
2026-07-02T23:00:00,HV-2026-001,1,32.2,74.52,26.865,86.48,normal,healthy,synthetic_prototype_dataset
2026-07-03T00:00:00,HV-2026-001,1,32.67,74.21,26.851,72.87,normal,healthy,synthetic_prototype_dataset
2026-07-03T01:00:00,HV-2026-001,1,33.18,70.64,26.876,75.43,normal,healthy,synthetic_prototype_dataset
2026-07-03T02:00:00,HV-2026-001,1,33.17,73.18,26.904,78.25,normal,healthy,synthetic_prototype_dataset
2026-07-03T03:00:00,HV-2026-001,1,32.3,69.45,26.9,71.73,normal,healthy,synthetic_prototype_dataset
2026-07-03T04:00:00,HV-2026-001,1,33.1,67.48,26.957,71.36,normal,healthy,synthetic_prototype_dataset
2026-07-03T05:00:00,HV-2026-001,1,33.82,65.52,26.97,79.51,normal,healthy,synthetic_prototype_dataset
2026-07-03T06:00:00,HV-2026-001,1,34.39,66.99,26.99,73.56,normal,healthy,synthetic_prototype_dataset
2026-07-03T07:00:00,HV-2026-001,1,34.38,63.21,27.021,74.03,normal,healthy,synthetic_prototype_dataset
2026-07-03T08:00:00,HV-2026-001,1,34.84,61.49,27.139,86.19,normal,healthy,synthetic_prototype_dataset
2026-07-03T09:00:00,HV-2026-001,1,34.68,59.12,27.122,79.29,normal,healthy,synthetic_prototype_dataset
2026-07-03T10:00:00,HV-2026-001,1,35.41,60.69,27.134,80.71,normal,healthy,synthetic_prototype_dataset
2026-07-03T11:00:00,HV-2026-001,1,34.43,57.53,27.137,82.67,normal,healthy,synthetic_prototype_dataset
2026-07-03T12:00:00,HV-2026-001,1,35.05,57.41,27.118,80.76,normal,healthy,synthetic_prototype_dataset
2026-07-03T13:00:00,HV-2026-001,1,36.36,55.51,27.123,91.02,normal,warning,synthetic_prototype_dataset
2026-07-03T14:00:00,HV-2026-001,1,36.58,56.41,27.152,85.27,normal,warning,synthetic_prototype_dataset
2026-07-03T15:00:00,HV-2026-001,1,35.84,57.86,27.184,91.65,normal,healthy,synthetic_prototype_dataset
2026-07-03T16:00:00,HV-2026-001,1,34.99,60.41,27.217,84.71,normal,healthy,synthetic_prototype_dataset
2026-07-03T17:00:00,HV-2026-001,1,34.37,62.29,27.259,87.94,normal,healthy,synthetic_prototype_dataset
2026-07-03T18:00:00,HV-2026-001,1,34.36,66.41,27.294,91.23,normal,healthy,synthetic_prototype_dataset
2026-07-03T19:00:00,HV-2026-001,1,33.83,66.4,27.294,90.99,normal,healthy,synthetic_prototype_dataset
2026-07-03T20:00:00,HV-2026-001,1,33.45,71.85,27.374,90.87,normal,healthy,synthetic_prototype_dataset
2026-07-03T21:00:00,HV-2026-001,1,32.88,67.53,27.441,89.85,normal,healthy,synthetic_prototype_dataset
2026-07-03T22:00:00,HV-2026-001,1,33.24,67.51,27.498,89.71,normal,healthy,synthetic_prototype_dataset
2026-07-03T23:00:00,HV-2026-001,1,32.39,70.5,27.533,87.29,normal,healthy,synthetic_prototype_dataset
2026-07-04T00:00:00,HV-2026-001,1,32.78,71.2,27.549,76.53,normal,healthy,synthetic_prototype_dataset
2026-07-04T01:00:00,HV-2026-001,1,33.62,66.52,27.566,76.62,normal,healthy,synthetic_prototype_dataset
2026-07-04T02:00:00,HV-2026-001,1,33.22,69.77,27.529,77.15,normal,healthy,synthetic_prototype_dataset
2026-07-04T03:00:00,HV-2026-001,1,34.07,66.57,27.584,74.85,normal,healthy,synthetic_prototype_dataset
2026-07-04T04:00:00,HV-2026-001,1,33.54,65.99,27.598,80.55,normal,healthy,synthetic_prototype_dataset
2026-07-04T05:00:00,HV-2026-001,1,34.14,69.31,27.664,77.54,normal,healthy,synthetic_prototype_dataset
2026-07-04T06:00:00,HV-2026-001,1,35.0,65.17,27.718,74.96,normal,healthy,synthetic_prototype_dataset
2026-07-04T07:00:00,HV-2026-001,1,34.58,61.31,27.777,73.7,normal,healthy,synthetic_prototype_dataset
2026-07-04T08:00:00,HV-2026-001,1,35.22,60.54,27.848,82.25,normal,healthy,synthetic_prototype_dataset
2026-07-04T09:00:00,HV-2026-001,1,35.95,60.75,27.827,81.12,normal,healthy,synthetic_prototype_dataset
2026-07-04T10:00:00,HV-2026-001,1,34.81,57.39,27.918,85.23,normal,healthy,synthetic_prototype_dataset
2026-07-04T11:00:00,HV-2026-001,1,35.16,55.8,27.959,80.26,normal,healthy,synthetic_prototype_dataset
2026-07-04T12:00:00,HV-2026-001,1,35.21,57.94,28.042,88.03,normal,healthy,synthetic_prototype_dataset
2026-07-04T13:00:00,HV-2026-001,1,34.44,58.17,28.088,88.56,normal,healthy,synthetic_prototype_dataset
2026-07-04T14:00:00,HV-2026-001,1,36.07,54.61,28.109,89.71,normal,warning,synthetic_prototype_dataset
2026-07-04T15:00:00,HV-2026-001,1,34.42,62.09,28.163,91.9,normal,healthy,synthetic_prototype_dataset
2026-07-04T16:00:00,HV-2026-001,1,34.61,62.35,28.238,90.34,normal,healthy,synthetic_prototype_dataset
2026-07-04T17:00:00,HV-2026-001,1,34.66,63.06,28.242,89.36,normal,healthy,synthetic_prototype_dataset
2026-07-04T18:00:00,HV-2026-001,1,34.15,65.07,28.307,86.3,normal,healthy,synthetic_prototype_dataset
2026-07-04T19:00:00,HV-2026-001,1,33.82,68.86,28.305,87.0,normal,healthy,synthetic_prototype_dataset
2026-07-04T20:00:00,HV-2026-001,1,33.66,69.4,28.331,94.17,normal,healthy,synthetic_prototype_dataset
2026-07-04T21:00:00,HV-2026-001,1,33.68,70.85,28.375,97.08,normal,healthy,synthetic_prototype_dataset
2026-07-04T22:00:00,HV-2026-001,1,33.0,66.84,28.456,86.52,normal,healthy,synthetic_prototype_dataset
2026-07-04T23:00:00,HV-2026-001,1,33.01,73.5,28.425,82.73,normal,healthy,synthetic_prototype_dataset
2026-07-05T00:00:00,HV-2026-001,1,32.26,69.76,28.466,77.83,normal,healthy,synthetic_prototype_dataset
2026-07-05T01:00:00,HV-2026-001,1,33.15,68.41,28.41,76.19,normal,healthy,synthetic_prototype_dataset
2026-07-05T02:00:00,HV-2026-001,1,32.95,71.08,28.459,76.48,normal,healthy,synthetic_prototype_dataset
2026-07-05T03:00:00,HV-2026-001,1,33.71,69.55,28.503,73.53,normal,healthy,synthetic_prototype_dataset
2026-07-05T04:00:00,HV-2026-001,1,33.55,68.04,28.557,74.62,normal,healthy,synthetic_prototype_dataset
2026-07-05T05:00:00,HV-2026-001,1,34.18,65.52,28.578,78.9,normal,healthy,synthetic_prototype_dataset
2026-07-05T06:00:00,HV-2026-001,1,33.39,61.85,28.551,67.83,normal,warning,synthetic_prototype_dataset
2026-07-05T07:00:00,HV-2026-001,1,34.32,63.72,28.566,78.52,normal,healthy,synthetic_prototype_dataset
2026-07-05T08:00:00,HV-2026-001,1,35.42,63.08,28.593,84.36,normal,healthy,synthetic_prototype_dataset
2026-07-05T09:00:00,HV-2026-001,1,35.25,57.73,28.606,76.18,normal,healthy,synthetic_prototype_dataset
2026-07-05T10:00:00,HV-2026-001,1,35.01,57.48,28.672,89.02,normal,healthy,synthetic_prototype_dataset
2026-07-05T11:00:00,HV-2026-001,1,34.92,58.13,28.676,86.18,normal,healthy,synthetic_prototype_dataset
2026-07-05T12:00:00,HV-2026-001,1,35.53,53.89,28.751,83.78,normal,healthy,synthetic_prototype_dataset
2026-07-05T13:00:00,HV-2026-001,1,35.3,55.5,28.771,88.6,normal,healthy,synthetic_prototype_dataset
2026-07-05T14:00:00,HV-2026-001,1,35.33,58.72,28.826,92.75,normal,healthy,synthetic_prototype_dataset
2026-07-05T15:00:00,HV-2026-001,1,35.05,56.58,28.904,87.77,normal,healthy,synthetic_prototype_dataset
2026-07-05T16:00:00,HV-2026-001,1,35.44,61.38,28.937,90.74,normal,healthy,synthetic_prototype_dataset
2026-07-05T17:00:00,HV-2026-001,1,35.5,66.11,28.974,90.44,normal,healthy,synthetic_prototype_dataset
2026-07-05T18:00:00,HV-2026-001,1,34.77,62.66,29.015,89.91,normal,healthy,synthetic_prototype_dataset
2026-07-05T19:00:00,HV-2026-001,1,34.09,64.5,28.984,82.62,normal,healthy,synthetic_prototype_dataset
2026-07-05T20:00:00,HV-2026-001,1,33.13,66.86,28.999,96.3,normal,healthy,synthetic_prototype_dataset
2026-07-05T21:00:00,HV-2026-001,1,33.86,67.4,29.036,87.51,normal,healthy,synthetic_prototype_dataset
2026-07-05T22:00:00,HV-2026-001,1,33.03,70.58,29.083,86.94,normal,healthy,synthetic_prototype_dataset
2026-07-05T23:00:00,HV-2026-001,1,33.51,68.89,29.108,96.2,normal,healthy,synthetic_prototype_dataset
2026-07-06T00:00:00,HV-2026-001,1,33.15,73.58,29.136,78.03,normal,healthy,synthetic_prototype_dataset
2026-07-06T01:00:00,HV-2026-001,1,33.07,70.45,29.134,77.51,normal,healthy,synthetic_prototype_dataset
2026-07-06T02:00:00,HV-2026-001,1,32.84,71.26,29.197,77.28,normal,healthy,synthetic_prototype_dataset
2026-07-06T03:00:00,HV-2026-001,1,33.3,69.77,29.211,79.27,normal,healthy,synthetic_prototype_dataset
2026-07-06T04:00:00,HV-2026-001,1,32.88,66.9,29.167,70.77,normal,healthy,synthetic_prototype_dataset
2026-07-06T05:00:00,HV-2026-001,1,34.63,67.42,29.166,70.74,normal,healthy,synthetic_prototype_dataset
2026-07-06T06:00:00,HV-2026-001,1,33.02,63.02,29.276,77.52,normal,healthy,synthetic_prototype_dataset
2026-07-06T07:00:00,HV-2026-001,1,34.43,63.03,29.247,76.79,normal,healthy,synthetic_prototype_dataset
2026-07-06T08:00:00,HV-2026-001,1,35.04,60.35,29.304,80.83,normal,healthy,synthetic_prototype_dataset
2026-07-06T09:00:00,HV-2026-001,1,35.57,57.81,29.369,87.06,normal,healthy,synthetic_prototype_dataset
2026-07-06T10:00:00,HV-2026-001,1,35.04,56.34,29.454,82.33,normal,healthy,synthetic_prototype_dataset
2026-07-06T11:00:00,HV-2026-001,1,36.24,56.44,29.545,83.32,normal,warning,synthetic_prototype_dataset
2026-07-06T12:00:00,HV-2026-001,1,35.77,59.82,29.575,82.61,normal,healthy,synthetic_prototype_dataset
2026-07-06T13:00:00,HV-2026-001,1,35.4,58.05,29.563,89.34,normal,healthy,synthetic_prototype_dataset
2026-07-06T14:00:00,HV-2026-001,1,35.23,60.0,29.522,85.37,normal,healthy,synthetic_prototype_dataset
2026-07-06T15:00:00,HV-2026-001,1,34.51,57.56,29.571,88.31,normal,healthy,synthetic_prototype_dataset
2026-07-06T16:00:00,HV-2026-001,1,34.89,60.21,29.616,85.99,normal,healthy,synthetic_prototype_dataset
2026-07-06T17:00:00,HV-2026-001,1,35.0,63.38,29.663,91.83,normal,healthy,synthetic_prototype_dataset
2026-07-06T18:00:00,HV-2026-001,1,34.48,67.66,29.69,88.93,normal,healthy,synthetic_prototype_dataset
2026-07-06T19:00:00,HV-2026-001,1,33.67,63.95,29.671,86.77,normal,healthy,synthetic_prototype_dataset
2026-07-06T20:00:00,HV-2026-001,1,33.67,68.1,29.698,86.84,normal,healthy,synthetic_prototype_dataset
2026-07-06T21:00:00,HV-2026-001,1,33.84,70.28,29.718,86.65,normal,healthy,synthetic_prototype_dataset
2026-07-06T22:00:00,HV-2026-001,1,33.47,70.4,29.692,87.89,normal,healthy,synthetic_prototype_dataset
2026-07-06T23:00:00,HV-2026-001,1,33.21,69.14,29.724,82.02,normal,healthy,synthetic_prototype_dataset
2026-07-07T00:00:00,HV-2026-001,1,33.71,73.07,29.74,77.27,normal,healthy,synthetic_prototype_dataset
2026-07-07T01:00:00,HV-2026-001,1,32.07,68.5,29.755,72.25,normal,healthy,synthetic_prototype_dataset
2026-07-07T02:00:00,HV-2026-001,1,33.61,73.48,29.738,73.07,normal,healthy,synthetic_prototype_dataset
2026-07-07T03:00:00,HV-2026-001,1,33.6,71.67,29.721,76.87,normal,healthy,synthetic_prototype_dataset
2026-07-07T04:00:00,HV-2026-001,1,34.58,64.35,29.701,74.52,normal,healthy,synthetic_prototype_dataset
2026-07-07T05:00:00,HV-2026-001,1,33.84,67.1,29.734,69.79,normal,warning,synthetic_prototype_dataset
2026-07-07T06:00:00,HV-2026-001,1,34.64,62.78,29.804,73.8,normal,healthy,synthetic_prototype_dataset
2026-07-07T07:00:00,HV-2026-001,1,34.46,62.99,29.855,79.4,normal,healthy,synthetic_prototype_dataset
2026-07-07T08:00:00,HV-2026-001,1,34.3,61.29,29.849,80.45,normal,healthy,synthetic_prototype_dataset
2026-07-07T09:00:00,HV-2026-001,1,34.69,59.68,29.855,76.87,normal,healthy,synthetic_prototype_dataset
2026-07-07T10:00:00,HV-2026-001,1,35.86,58.2,29.871,88.08,normal,healthy,synthetic_prototype_dataset
2026-07-07T11:00:00,HV-2026-001,1,35.47,57.12,29.921,82.35,normal,healthy,synthetic_prototype_dataset
2026-07-07T12:00:00,HV-2026-001,1,35.92,55.86,29.949,90.67,normal,healthy,synthetic_prototype_dataset
2026-07-07T13:00:00,HV-2026-001,1,35.2,52.72,30.048,96.03,normal,healthy,synthetic_prototype_dataset
2026-07-07T14:00:00,HV-2026-001,1,35.35,54.28,30.08,87.12,normal,healthy,synthetic_prototype_dataset
2026-07-07T15:00:00,HV-2026-001,1,35.25,56.87,30.141,90.77,normal,healthy,synthetic_prototype_dataset
2026-07-07T16:00:00,HV-2026-001,1,34.39,61.58,30.25,90.12,normal,healthy,synthetic_prototype_dataset
2026-07-07T17:00:00,HV-2026-001,1,34.6,61.76,30.306,83.82,normal,healthy,synthetic_prototype_dataset
2026-07-07T18:00:00,HV-2026-001,1,34.49,63.12,30.4,89.39,normal,healthy,synthetic_prototype_dataset
2026-07-07T19:00:00,HV-2026-001,1,34.83,63.65,30.446,91.0,normal,healthy,synthetic_prototype_dataset
2026-07-07T20:00:00,HV-2026-001,1,33.37,67.64,30.513,88.39,normal,healthy,synthetic_prototype_dataset
2026-07-07T21:00:00,HV-2026-001,1,32.73,68.74,30.507,87.74,normal,healthy,synthetic_prototype_dataset
2026-07-07T22:00:00,HV-2026-001,1,33.25,66.82,30.475,89.81,normal,healthy,synthetic_prototype_dataset
2026-07-07T23:00:00,HV-2026-001,1,32.92,65.97,30.527,88.06,normal,healthy,synthetic_prototype_dataset
2026-07-08T00:00:00,HV-2026-001,1,32.85,68.29,30.582,77.22,normal,healthy,synthetic_prototype_dataset
2026-07-08T01:00:00,HV-2026-001,1,34.28,71.18,30.62,75.42,normal,healthy,synthetic_prototype_dataset
2026-07-08T02:00:00,HV-2026-001,1,33.71,70.85,30.689,74.18,normal,healthy,synthetic_prototype_dataset
2026-07-08T03:00:00,HV-2026-001,1,33.35,67.75,30.742,81.24,normal,healthy,synthetic_prototype_dataset
2026-07-08T04:00:00,HV-2026-001,1,33.61,66.4,30.778,75.14,normal,healthy,synthetic_prototype_dataset
2026-07-08T05:00:00,HV-2026-001,1,34.56,61.42,30.774,73.26,normal,healthy,synthetic_prototype_dataset
2026-07-08T06:00:00,HV-2026-001,1,33.42,61.93,30.767,75.3,normal,healthy,synthetic_prototype_dataset
2026-07-08T07:00:00,HV-2026-001,1,35.31,61.41,30.756,77.63,normal,healthy,synthetic_prototype_dataset
2026-07-08T08:00:00,HV-2026-001,1,35.59,58.41,30.754,81.58,normal,healthy,synthetic_prototype_dataset
2026-07-08T09:00:00,HV-2026-001,1,35.29,59.88,30.787,83.81,normal,healthy,synthetic_prototype_dataset
2026-07-08T10:00:00,HV-2026-001,1,35.13,57.58,30.817,78.74,normal,healthy,synthetic_prototype_dataset
2026-07-08T11:00:00,HV-2026-001,1,35.02,58.13,30.846,80.94,normal,healthy,synthetic_prototype_dataset
2026-07-08T12:00:00,HV-2026-001,1,35.73,58.69,30.808,80.66,normal,healthy,synthetic_prototype_dataset
2026-07-08T13:00:00,HV-2026-001,1,35.31,59.53,30.861,89.79,normal,healthy,synthetic_prototype_dataset
2026-07-08T14:00:00,HV-2026-001,1,35.08,55.58,30.919,88.33,normal,healthy,synthetic_prototype_dataset
2026-07-08T15:00:00,HV-2026-001,1,35.63,58.37,30.97,89.49,normal,healthy,synthetic_prototype_dataset
2026-07-08T16:00:00,HV-2026-001,1,35.47,61.61,30.951,81.66,normal,healthy,synthetic_prototype_dataset
2026-07-08T17:00:00,HV-2026-001,1,35.26,63.99,30.949,83.37,normal,healthy,synthetic_prototype_dataset
2026-07-08T18:00:00,HV-2026-001,1,34.51,65.34,31.041,91.81,normal,healthy,synthetic_prototype_dataset
2026-07-08T19:00:00,HV-2026-001,1,33.96,63.87,31.067,88.83,normal,healthy,synthetic_prototype_dataset
2026-07-08T20:00:00,HV-2026-001,1,33.36,70.85,31.154,93.5,normal,healthy,synthetic_prototype_dataset
2026-07-08T21:00:00,HV-2026-001,1,33.13,70.15,31.202,90.48,normal,healthy,synthetic_prototype_dataset
2026-07-08T22:00:00,HV-2026-001,1,33.9,70.87,31.253,90.35,normal,healthy,synthetic_prototype_dataset
2026-07-08T23:00:00,HV-2026-001,1,33.37,67.21,31.281,85.16,normal,healthy,synthetic_prototype_dataset
2026-07-09T00:00:00,HV-2026-001,1,32.64,73.54,31.366,80.76,normal,healthy,synthetic_prototype_dataset
2026-07-09T01:00:00,HV-2026-001,1,33.38,72.71,31.391,76.71,normal,healthy,synthetic_prototype_dataset
2026-07-09T02:00:00,HV-2026-001,1,32.9,70.29,31.419,71.44,normal,healthy,synthetic_prototype_dataset
2026-07-09T03:00:00,HV-2026-001,1,33.58,68.32,31.506,79.13,normal,healthy,synthetic_prototype_dataset
2026-07-09T04:00:00,HV-2026-001,1,33.88,67.46,31.533,75.29,normal,healthy,synthetic_prototype_dataset
2026-07-09T05:00:00,HV-2026-001,1,33.7,65.05,31.532,71.62,normal,healthy,synthetic_prototype_dataset
2026-07-09T06:00:00,HV-2026-001,1,34.75,64.22,31.494,75.57,normal,healthy,synthetic_prototype_dataset
2026-07-09T07:00:00,HV-2026-001,1,35.3,63.61,31.555,77.96,normal,healthy,synthetic_prototype_dataset
2026-07-09T08:00:00,HV-2026-001,1,34.79,58.06,31.597,80.95,normal,healthy,synthetic_prototype_dataset
2026-07-09T09:00:00,HV-2026-001,1,36.02,60.54,31.626,76.87,normal,warning,synthetic_prototype_dataset
2026-07-09T10:00:00,HV-2026-001,1,35.5,57.84,31.657,80.98,normal,healthy,synthetic_prototype_dataset
2026-07-09T11:00:00,HV-2026-001,1,35.89,55.85,31.676,85.61,normal,healthy,synthetic_prototype_dataset
2026-07-09T12:00:00,HV-2026-001,1,35.64,56.95,31.728,81.91,normal,healthy,synthetic_prototype_dataset
2026-07-09T13:00:00,HV-2026-001,1,35.56,59.34,31.73,79.7,normal,healthy,synthetic_prototype_dataset
2026-07-09T14:00:00,HV-2026-001,1,34.81,57.5,31.773,87.71,normal,healthy,synthetic_prototype_dataset
2026-07-09T15:00:00,HV-2026-001,1,35.99,53.75,31.828,94.4,normal,healthy,synthetic_prototype_dataset
2026-07-09T16:00:00,HV-2026-001,1,34.66,59.33,31.839,86.39,normal,healthy,synthetic_prototype_dataset
2026-07-09T17:00:00,HV-2026-001,1,34.71,64.27,31.938,88.7,normal,healthy,synthetic_prototype_dataset
2026-07-09T18:00:00,HV-2026-001,1,35.38,63.58,32.029,89.67,normal,healthy,synthetic_prototype_dataset
2026-07-09T19:00:00,HV-2026-001,1,34.24,65.98,32.165,92.86,normal,healthy,synthetic_prototype_dataset
2026-07-09T20:00:00,HV-2026-001,1,33.55,68.76,32.177,87.81,normal,healthy,synthetic_prototype_dataset
2026-07-09T21:00:00,HV-2026-001,1,34.01,68.52,32.212,88.98,normal,healthy,synthetic_prototype_dataset
2026-07-09T22:00:00,HV-2026-001,1,33.55,70.34,32.169,90.46,normal,healthy,synthetic_prototype_dataset
2026-07-09T23:00:00,HV-2026-001,1,32.82,67.68,32.192,87.4,normal,healthy,synthetic_prototype_dataset
2026-07-10T00:00:00,HV-2026-001,1,32.95,71.88,32.17,74.58,normal,healthy,synthetic_prototype_dataset
2026-07-10T01:00:00,HV-2026-001,1,33.05,70.06,32.205,72.47,normal,healthy,synthetic_prototype_dataset
2026-07-10T02:00:00,HV-2026-001,1,33.77,69.56,32.164,69.14,normal,warning,synthetic_prototype_dataset
2026-07-10T03:00:00,HV-2026-001,1,33.64,67.93,32.185,75.9,normal,healthy,synthetic_prototype_dataset
2026-07-10T04:00:00,HV-2026-001,1,34.02,68.59,32.171,71.9,normal,healthy,synthetic_prototype_dataset
2026-07-10T05:00:00,HV-2026-001,1,33.74,65.71,32.24,74.49,normal,healthy,synthetic_prototype_dataset
2026-07-10T06:00:00,HV-2026-001,1,33.44,60.31,32.236,74.05,normal,healthy,synthetic_prototype_dataset
2026-07-10T07:00:00,HV-2026-001,1,34.72,61.64,32.25,81.5,normal,healthy,synthetic_prototype_dataset
2026-07-10T08:00:00,HV-2026-001,1,34.91,58.33,32.296,74.25,normal,healthy,synthetic_prototype_dataset
2026-07-10T09:00:00,HV-2026-001,1,35.66,58.62,32.325,86.92,normal,healthy,synthetic_prototype_dataset
2026-07-10T10:00:00,HV-2026-001,1,35.41,61.03,32.355,78.53,normal,healthy,synthetic_prototype_dataset
2026-07-10T11:00:00,HV-2026-001,1,35.85,54.68,32.369,85.91,normal,healthy,synthetic_prototype_dataset
2026-07-10T12:00:00,HV-2026-001,1,36.12,55.26,32.446,89.14,normal,warning,synthetic_prototype_dataset
2026-07-10T13:00:00,HV-2026-001,1,36.47,57.57,32.537,77.25,normal,warning,synthetic_prototype_dataset
2026-07-10T14:00:00,HV-2026-001,1,35.55,55.76,32.583,86.12,normal,healthy,synthetic_prototype_dataset
2026-07-10T15:00:00,HV-2026-001,1,35.41,61.82,32.618,90.38,normal,healthy,synthetic_prototype_dataset
2026-07-10T16:00:00,HV-2026-001,1,35.11,60.02,32.656,91.09,normal,healthy,synthetic_prototype_dataset
2026-07-10T17:00:00,HV-2026-001,1,35.43,64.54,32.701,91.94,normal,healthy,synthetic_prototype_dataset
2026-07-10T18:00:00,HV-2026-001,1,34.05,63.22,32.763,93.03,normal,healthy,synthetic_prototype_dataset
2026-07-10T19:00:00,HV-2026-001,1,34.33,66.79,32.805,94.08,normal,healthy,synthetic_prototype_dataset
2026-07-10T20:00:00,HV-2026-001,1,34.05,66.24,32.842,79.27,normal,healthy,synthetic_prototype_dataset
2026-07-10T21:00:00,HV-2026-001,1,33.82,61.76,32.807,90.52,normal,healthy,synthetic_prototype_dataset
2026-07-10T22:00:00,HV-2026-001,1,33.66,67.35,32.807,92.92,normal,healthy,synthetic_prototype_dataset
2026-07-10T23:00:00,HV-2026-001,1,33.09,74.18,32.832,88.54,normal,healthy,synthetic_prototype_dataset
2026-07-11T00:00:00,HV-2026-001,1,34.03,70.5,32.822,75.62,normal,healthy,synthetic_prototype_dataset
2026-07-11T01:00:00,HV-2026-001,1,33.33,67.57,32.838,73.4,normal,healthy,synthetic_prototype_dataset
2026-07-11T02:00:00,HV-2026-001,1,33.9,69.39,32.853,75.63,normal,healthy,synthetic_prototype_dataset
2026-07-11T03:00:00,HV-2026-001,1,33.79,69.33,32.843,72.35,normal,healthy,synthetic_prototype_dataset
2026-07-11T04:00:00,HV-2026-001,1,34.45,66.03,32.818,77.55,normal,healthy,synthetic_prototype_dataset
2026-07-11T05:00:00,HV-2026-001,1,34.48,62.32,32.851,78.57,normal,healthy,synthetic_prototype_dataset
2026-07-11T06:00:00,HV-2026-001,1,34.77,64.41,32.827,77.16,normal,healthy,synthetic_prototype_dataset
2026-07-11T07:00:00,HV-2026-001,1,34.81,60.59,32.883,83.0,normal,healthy,synthetic_prototype_dataset
2026-07-11T08:00:00,HV-2026-001,1,36.06,62.13,32.908,80.41,normal,warning,synthetic_prototype_dataset
2026-07-11T09:00:00,HV-2026-001,1,35.87,58.54,32.947,84.24,normal,healthy,synthetic_prototype_dataset
2026-07-11T10:00:00,HV-2026-001,1,35.71,55.89,32.97,85.22,normal,healthy,synthetic_prototype_dataset
2026-07-11T11:00:00,HV-2026-001,1,35.86,57.12,33.034,83.21,normal,healthy,synthetic_prototype_dataset
2026-07-11T12:00:00,HV-2026-001,1,36.25,56.95,33.033,89.22,normal,warning,synthetic_prototype_dataset
2026-07-11T13:00:00,HV-2026-001,1,35.64,53.53,33.04,83.53,normal,healthy,synthetic_prototype_dataset
2026-07-11T14:00:00,HV-2026-001,1,35.76,56.71,33.071,90.29,normal,healthy,synthetic_prototype_dataset
2026-07-11T15:00:00,HV-2026-001,1,35.68,58.89,33.125,91.09,normal,healthy,synthetic_prototype_dataset
2026-07-11T16:00:00,HV-2026-001,1,34.31,59.11,33.087,89.65,normal,healthy,synthetic_prototype_dataset
2026-07-11T17:00:00,HV-2026-001,1,34.94,63.34,33.162,90.59,normal,healthy,synthetic_prototype_dataset
2026-07-11T18:00:00,HV-2026-001,1,34.38,64.14,33.174,90.0,normal,healthy,synthetic_prototype_dataset
2026-07-11T19:00:00,HV-2026-001,1,34.71,64.08,33.227,92.25,normal,healthy,synthetic_prototype_dataset
2026-07-11T20:00:00,HV-2026-001,1,33.53,68.52,33.276,89.88,normal,healthy,synthetic_prototype_dataset
2026-07-11T21:00:00,HV-2026-001,1,33.34,66.67,33.282,90.83,normal,healthy,synthetic_prototype_dataset
2026-07-11T22:00:00,HV-2026-001,1,33.05,70.12,33.264,87.41,normal,healthy,synthetic_prototype_dataset
2026-07-11T23:00:00,HV-2026-001,1,33.4,74.43,33.241,92.26,normal,healthy,synthetic_prototype_dataset
2026-07-12T00:00:00,HV-2026-001,1,33.41,70.91,33.27,77.56,normal,healthy,synthetic_prototype_dataset
2026-07-12T01:00:00,HV-2026-001,1,33.31,72.55,33.279,79.96,normal,healthy,synthetic_prototype_dataset
2026-07-12T02:00:00,HV-2026-001,1,33.22,69.13,33.266,77.59,normal,healthy,synthetic_prototype_dataset
2026-07-12T03:00:00,HV-2026-001,1,34.37,67.98,33.285,72.1,normal,healthy,synthetic_prototype_dataset
2026-07-12T04:00:00,HV-2026-001,1,33.89,63.81,33.278,76.79,normal,healthy,synthetic_prototype_dataset
2026-07-12T05:00:00,HV-2026-001,1,34.9,70.04,33.282,81.02,normal,healthy,synthetic_prototype_dataset
2026-07-12T06:00:00,HV-2026-001,1,34.75,62.9,33.322,76.22,normal,healthy,synthetic_prototype_dataset
2026-07-12T07:00:00,HV-2026-001,1,35.03,60.63,33.298,72.42,normal,healthy,synthetic_prototype_dataset
2026-07-12T08:00:00,HV-2026-001,1,35.58,59.17,33.307,79.65,normal,healthy,synthetic_prototype_dataset
2026-07-12T09:00:00,HV-2026-001,1,35.92,58.55,33.318,85.65,normal,healthy,synthetic_prototype_dataset
2026-07-12T10:00:00,HV-2026-001,1,36.48,58.0,33.39,84.02,normal,warning,synthetic_prototype_dataset
2026-07-12T11:00:00,HV-2026-001,1,36.4,57.52,33.451,83.52,normal,warning,synthetic_prototype_dataset
2026-07-12T12:00:00,HV-2026-001,1,35.45,57.43,33.446,83.12,normal,healthy,synthetic_prototype_dataset
2026-07-12T13:00:00,HV-2026-001,1,36.48,57.92,33.541,82.78,normal,warning,synthetic_prototype_dataset
2026-07-12T14:00:00,HV-2026-001,1,35.25,56.68,33.587,88.4,normal,healthy,synthetic_prototype_dataset
2026-07-12T15:00:00,HV-2026-001,1,36.07,57.57,33.64,84.99,normal,warning,synthetic_prototype_dataset
2026-07-12T16:00:00,HV-2026-001,1,35.49,59.68,33.652,88.7,normal,healthy,synthetic_prototype_dataset
2026-07-12T17:00:00,HV-2026-001,1,34.89,60.87,33.748,89.54,normal,healthy,synthetic_prototype_dataset
2026-07-12T18:00:00,HV-2026-001,1,34.53,59.4,33.746,89.08,normal,healthy,synthetic_prototype_dataset
2026-07-12T19:00:00,HV-2026-001,1,33.99,67.47,33.765,94.39,normal,healthy,synthetic_prototype_dataset
2026-07-12T20:00:00,HV-2026-001,1,34.02,66.74,33.787,89.54,normal,healthy,synthetic_prototype_dataset
2026-07-12T21:00:00,HV-2026-001,1,34.49,63.95,33.742,87.03,normal,healthy,synthetic_prototype_dataset
2026-07-12T22:00:00,HV-2026-001,1,33.52,70.48,33.784,86.78,normal,healthy,synthetic_prototype_dataset
2026-07-12T23:00:00,HV-2026-001,1,33.84,71.79,33.815,90.48,normal,healthy,synthetic_prototype_dataset
2026-07-13T00:00:00,HV-2026-001,1,33.49,69.09,33.865,76.39,normal,healthy,synthetic_prototype_dataset
2026-07-13T01:00:00,HV-2026-001,1,33.41,72.51,33.804,71.04,normal,healthy,synthetic_prototype_dataset
2026-07-13T02:00:00,HV-2026-001,1,33.01,68.51,33.82,70.72,normal,healthy,synthetic_prototype_dataset
2026-07-13T03:00:00,HV-2026-001,1,33.3,66.5,33.931,82.31,normal,healthy,synthetic_prototype_dataset
2026-07-13T04:00:00,HV-2026-001,1,33.83,65.94,33.916,69.32,normal,warning,synthetic_prototype_dataset
2026-07-13T05:00:00,HV-2026-001,1,34.28,63.11,33.938,70.4,normal,healthy,synthetic_prototype_dataset
2026-07-13T06:00:00,HV-2026-001,1,34.32,63.37,33.976,77.46,normal,healthy,synthetic_prototype_dataset
2026-07-13T07:00:00,HV-2026-001,1,34.41,62.82,33.973,80.04,normal,healthy,synthetic_prototype_dataset
2026-07-13T08:00:00,HV-2026-001,1,35.31,57.12,33.991,80.9,normal,healthy,synthetic_prototype_dataset
2026-07-13T09:00:00,HV-2026-001,1,35.86,57.89,34.079,84.88,normal,healthy,synthetic_prototype_dataset
2026-07-13T10:00:00,HV-2026-001,1,35.68,58.39,34.184,89.86,normal,healthy,synthetic_prototype_dataset
2026-07-13T11:00:00,HV-2026-001,1,35.37,54.67,34.277,80.82,normal,healthy,synthetic_prototype_dataset
2026-07-13T12:00:00,HV-2026-001,1,35.37,55.22,34.334,85.54,normal,healthy,synthetic_prototype_dataset
2026-07-13T13:00:00,HV-2026-001,1,35.63,55.12,34.352,84.03,normal,healthy,synthetic_prototype_dataset
2026-07-13T14:00:00,HV-2026-001,1,36.82,57.57,34.425,80.68,normal,warning,synthetic_prototype_dataset
2026-07-13T15:00:00,HV-2026-001,1,35.5,56.86,34.373,84.11,normal,healthy,synthetic_prototype_dataset
2026-07-13T16:00:00,HV-2026-001,1,34.5,55.55,34.369,94.16,normal,healthy,synthetic_prototype_dataset
2026-07-13T17:00:00,HV-2026-001,1,34.98,63.61,34.417,92.62,normal,healthy,synthetic_prototype_dataset
2026-07-13T18:00:00,HV-2026-001,1,34.26,64.04,34.473,87.98,normal,healthy,synthetic_prototype_dataset
2026-07-13T19:00:00,HV-2026-001,1,34.58,65.93,34.478,85.95,normal,healthy,synthetic_prototype_dataset
2026-07-13T20:00:00,HV-2026-001,1,33.48,66.75,34.515,86.75,normal,healthy,synthetic_prototype_dataset
2026-07-13T21:00:00,HV-2026-001,1,33.76,69.07,34.561,94.37,normal,healthy,synthetic_prototype_dataset
2026-07-13T22:00:00,HV-2026-001,1,34.11,67.36,34.645,86.27,normal,healthy,synthetic_prototype_dataset
2026-07-13T23:00:00,HV-2026-001,1,33.88,69.98,34.656,80.78,normal,healthy,synthetic_prototype_dataset
2026-07-14T00:00:00,HV-2026-001,1,33.31,67.24,34.715,81.31,normal,healthy,synthetic_prototype_dataset
2026-07-14T01:00:00,HV-2026-001,1,33.07,70.35,34.714,73.8,normal,healthy,synthetic_prototype_dataset
2026-07-14T02:00:00,HV-2026-001,1,33.91,69.04,34.8,74.31,normal,healthy,synthetic_prototype_dataset
2026-07-14T03:00:00,HV-2026-001,1,34.22,68.17,34.853,74.43,normal,healthy,synthetic_prototype_dataset
2026-07-14T04:00:00,HV-2026-001,1,34.01,66.34,34.849,78.32,normal,healthy,synthetic_prototype_dataset
2026-07-14T05:00:00,HV-2026-001,1,34.64,65.92,34.928,81.07,normal,healthy,synthetic_prototype_dataset
2026-07-14T06:00:00,HV-2026-001,1,34.52,63.72,34.931,76.08,normal,healthy,synthetic_prototype_dataset
2026-07-14T07:00:00,HV-2026-001,1,34.75,64.15,34.969,77.06,normal,healthy,synthetic_prototype_dataset
2026-07-14T08:00:00,HV-2026-001,1,35.87,55.64,34.928,82.41,normal,healthy,synthetic_prototype_dataset
2026-07-14T09:00:00,HV-2026-001,1,35.63,58.54,34.915,81.28,normal,healthy,synthetic_prototype_dataset
2026-07-14T10:00:00,HV-2026-001,1,36.71,58.47,34.959,76.48,normal,warning,synthetic_prototype_dataset
2026-07-14T11:00:00,HV-2026-001,1,35.76,52.45,35.009,87.48,normal,healthy,synthetic_prototype_dataset
2026-07-14T12:00:00,HV-2026-001,1,35.28,54.85,35.01,82.52,normal,healthy,synthetic_prototype_dataset
2026-07-14T13:00:00,HV-2026-001,1,35.96,52.53,35.075,89.75,normal,healthy,synthetic_prototype_dataset
2026-07-14T14:00:00,HV-2026-001,1,35.7,52.52,35.082,92.44,normal,healthy,synthetic_prototype_dataset
2026-07-14T15:00:00,HV-2026-001,1,34.35,57.47,35.082,91.75,normal,healthy,synthetic_prototype_dataset
2026-07-14T16:00:00,HV-2026-001,1,35.03,60.27,35.139,95.95,normal,healthy,synthetic_prototype_dataset
2026-07-14T17:00:00,HV-2026-001,1,34.93,61.91,35.121,94.05,normal,healthy,synthetic_prototype_dataset
2026-07-14T18:00:00,HV-2026-001,1,34.34,62.03,35.15,84.53,normal,healthy,synthetic_prototype_dataset
2026-07-14T19:00:00,HV-2026-001,1,34.45,66.6,35.185,84.32,normal,healthy,synthetic_prototype_dataset
2026-07-14T20:00:00,HV-2026-001,1,33.98,67.88,35.145,85.76,normal,healthy,synthetic_prototype_dataset
2026-07-14T21:00:00,HV-2026-001,1,34.16,68.48,35.184,95.44,normal,healthy,synthetic_prototype_dataset
2026-07-14T22:00:00,HV-2026-001,1,33.77,70.29,35.304,87.38,normal,healthy,synthetic_prototype_dataset
2026-07-14T23:00:00,HV-2026-001,1,33.07,70.58,35.344,85.26,normal,healthy,synthetic_prototype_dataset
2026-07-15T00:00:00,HV-2026-001,1,32.93,74.17,35.381,73.44,normal,healthy,synthetic_prototype_dataset
2026-07-15T01:00:00,HV-2026-001,1,33.85,69.58,35.397,77.97,normal,healthy,synthetic_prototype_dataset
2026-07-15T02:00:00,HV-2026-001,1,32.99,69.71,35.489,77.63,normal,healthy,synthetic_prototype_dataset
2026-07-15T03:00:00,HV-2026-001,1,33.61,67.05,35.499,75.11,normal,healthy,synthetic_prototype_dataset
2026-07-15T04:00:00,HV-2026-001,1,33.88,68.16,35.464,79.02,normal,healthy,synthetic_prototype_dataset
2026-07-15T05:00:00,HV-2026-001,1,34.19,65.5,35.449,80.65,normal,healthy,synthetic_prototype_dataset
2026-07-15T06:00:00,HV-2026-001,1,35.26,64.74,35.421,78.9,normal,healthy,synthetic_prototype_dataset
2026-07-15T07:00:00,HV-2026-001,1,35.21,58.31,35.446,79.1,normal,healthy,synthetic_prototype_dataset
2026-07-15T08:00:00,HV-2026-001,1,35.6,59.83,35.485,84.78,normal,healthy,synthetic_prototype_dataset
2026-07-15T09:00:00,HV-2026-001,1,36.17,52.9,35.508,79.61,normal,warning,synthetic_prototype_dataset
2026-07-15T10:00:00,HV-2026-001,1,35.03,57.12,35.59,79.2,normal,healthy,synthetic_prototype_dataset
2026-07-15T11:00:00,HV-2026-001,1,36.1,54.6,35.607,88.97,normal,warning,synthetic_prototype_dataset
2026-07-15T12:00:00,HV-2026-001,1,35.75,56.84,35.584,92.42,normal,healthy,synthetic_prototype_dataset
2026-07-15T13:00:00,HV-2026-001,1,36.22,55.92,35.647,80.61,normal,warning,synthetic_prototype_dataset
2026-07-15T14:00:00,HV-2026-001,1,36.35,56.37,35.682,83.92,normal,warning,synthetic_prototype_dataset
2026-07-15T15:00:00,HV-2026-001,1,35.35,59.31,35.732,91.22,normal,healthy,synthetic_prototype_dataset
2026-07-15T16:00:00,HV-2026-001,1,35.34,60.43,35.755,97.33,normal,healthy,synthetic_prototype_dataset
2026-07-15T17:00:00,HV-2026-001,1,34.33,63.47,35.837,86.9,normal,healthy,synthetic_prototype_dataset
2026-07-15T18:00:00,HV-2026-001,1,35.7,64.8,35.9,90.1,normal,healthy,synthetic_prototype_dataset
2026-07-15T19:00:00,HV-2026-001,1,34.26,64.45,35.939,94.78,normal,healthy,synthetic_prototype_dataset
2026-07-15T20:00:00,HV-2026-001,1,34.13,64.87,35.993,92.75,normal,healthy,synthetic_prototype_dataset
2026-07-15T21:00:00,HV-2026-001,1,34.07,69.3,36.008,85.68,normal,healthy,synthetic_prototype_dataset
2026-07-15T22:00:00,HV-2026-001,1,33.18,66.13,36.042,87.83,normal,healthy,synthetic_prototype_dataset
2026-07-15T23:00:00,HV-2026-001,1,33.24,64.45,36.023,91.03,normal,healthy,synthetic_prototype_dataset
2026-07-16T00:00:00,HV-2026-001,1,33.1,70.65,35.999,81.04,normal,healthy,synthetic_prototype_dataset
2026-07-16T01:00:00,HV-2026-001,1,33.38,70.28,36.106,81.31,normal,healthy,synthetic_prototype_dataset
2026-07-16T02:00:00,HV-2026-001,1,33.44,67.99,36.119,77.78,normal,healthy,synthetic_prototype_dataset
2026-07-16T03:00:00,HV-2026-001,1,33.73,67.24,36.196,75.6,normal,healthy,synthetic_prototype_dataset
2026-07-16T04:00:00,HV-2026-001,1,35.08,66.66,36.283,77.25,normal,healthy,synthetic_prototype_dataset
2026-07-16T05:00:00,HV-2026-001,1,34.8,63.51,36.278,77.61,normal,healthy,synthetic_prototype_dataset
2026-07-16T06:00:00,HV-2026-001,1,35.14,63.07,36.258,71.24,normal,healthy,synthetic_prototype_dataset
2026-07-16T07:00:00,HV-2026-001,1,34.39,58.01,36.287,81.77,normal,healthy,synthetic_prototype_dataset
2026-07-16T08:00:00,HV-2026-001,1,35.34,55.43,36.31,79.05,normal,healthy,synthetic_prototype_dataset
2026-07-16T09:00:00,HV-2026-001,1,36.56,55.43,36.33,83.39,normal,warning,synthetic_prototype_dataset
2026-07-16T10:00:00,HV-2026-001,1,36.03,57.95,36.372,83.96,normal,warning,synthetic_prototype_dataset
2026-07-16T11:00:00,HV-2026-001,1,36.31,54.78,36.443,77.58,normal,warning,synthetic_prototype_dataset
2026-07-16T12:00:00,HV-2026-001,1,36.15,56.32,36.464,84.79,normal,warning,synthetic_prototype_dataset
2026-07-16T13:00:00,HV-2026-001,1,35.68,54.31,36.495,83.24,normal,healthy,synthetic_prototype_dataset
2026-07-16T14:00:00,HV-2026-001,1,35.97,54.87,36.562,83.99,normal,healthy,synthetic_prototype_dataset
2026-07-16T15:00:00,HV-2026-001,1,35.36,56.93,36.649,90.09,normal,healthy,synthetic_prototype_dataset
2026-07-16T16:00:00,HV-2026-001,1,35.25,60.4,36.613,89.37,normal,healthy,synthetic_prototype_dataset
2026-07-16T17:00:00,HV-2026-001,1,35.94,61.43,36.649,91.8,normal,healthy,synthetic_prototype_dataset
2026-07-16T18:00:00,HV-2026-001,1,35.1,59.4,36.62,90.74,normal,healthy,synthetic_prototype_dataset
2026-07-16T19:00:00,HV-2026-001,1,34.04,67.17,36.634,83.11,normal,healthy,synthetic_prototype_dataset
2026-07-16T20:00:00,HV-2026-001,1,33.48,61.55,36.651,88.86,normal,healthy,synthetic_prototype_dataset
2026-07-16T21:00:00,HV-2026-001,1,33.59,69.89,36.718,88.34,normal,healthy,synthetic_prototype_dataset
2026-07-16T22:00:00,HV-2026-001,1,32.61,70.17,36.762,89.21,normal,healthy,synthetic_prototype_dataset
2026-07-16T23:00:00,HV-2026-001,1,33.89,67.66,36.858,83.75,normal,healthy,synthetic_prototype_dataset
2026-07-17T00:00:00,HV-2026-001,1,33.73,66.97,36.85,81.31,normal,healthy,synthetic_prototype_dataset
2026-07-17T01:00:00,HV-2026-001,1,33.32,71.28,36.883,75.63,normal,healthy,synthetic_prototype_dataset
2026-07-17T02:00:00,HV-2026-001,1,34.18,68.65,36.846,73.19,normal,healthy,synthetic_prototype_dataset
2026-07-17T03:00:00,HV-2026-001,1,34.02,68.67,36.816,73.46,normal,healthy,synthetic_prototype_dataset
2026-07-17T04:00:00,HV-2026-001,1,33.78,65.85,36.793,73.8,normal,healthy,synthetic_prototype_dataset
2026-07-17T05:00:00,HV-2026-001,1,34.03,66.21,36.846,75.49,normal,healthy,synthetic_prototype_dataset
2026-07-17T06:00:00,HV-2026-001,1,34.52,63.26,36.843,71.99,normal,healthy,synthetic_prototype_dataset
2026-07-17T07:00:00,HV-2026-001,1,34.61,60.06,36.827,78.39,normal,healthy,synthetic_prototype_dataset
2026-07-17T08:00:00,HV-2026-001,1,35.67,56.65,36.858,78.85,normal,healthy,synthetic_prototype_dataset
2026-07-17T09:00:00,HV-2026-001,1,35.77,58.04,36.841,76.94,normal,healthy,synthetic_prototype_dataset
2026-07-17T10:00:00,HV-2026-001,1,35.84,58.8,36.801,84.21,normal,healthy,synthetic_prototype_dataset
2026-07-17T11:00:00,HV-2026-001,1,36.49,55.97,36.861,78.65,normal,warning,synthetic_prototype_dataset
2026-07-17T12:00:00,HV-2026-001,1,35.94,53.09,36.821,89.2,normal,healthy,synthetic_prototype_dataset
2026-07-17T13:00:00,HV-2026-001,1,35.51,55.43,36.816,82.17,normal,healthy,synthetic_prototype_dataset
2026-07-17T14:00:00,HV-2026-001,1,35.74,55.64,36.871,89.71,normal,healthy,synthetic_prototype_dataset
2026-07-17T15:00:00,HV-2026-001,1,35.76,58.49,36.967,85.2,normal,healthy,synthetic_prototype_dataset
2026-07-17T16:00:00,HV-2026-001,1,35.32,61.55,37.049,84.55,normal,healthy,synthetic_prototype_dataset
2026-07-17T17:00:00,HV-2026-001,1,34.89,63.64,37.101,90.56,normal,healthy,synthetic_prototype_dataset
2026-07-17T18:00:00,HV-2026-001,1,34.6,62.32,37.141,89.12,normal,healthy,synthetic_prototype_dataset
2026-07-17T19:00:00,HV-2026-001,1,34.34,64.96,37.142,91.74,normal,healthy,synthetic_prototype_dataset
2026-07-17T20:00:00,HV-2026-001,1,35.36,63.31,37.178,86.86,normal,healthy,synthetic_prototype_dataset
2026-07-17T21:00:00,HV-2026-001,1,34.04,68.04,37.23,93.05,normal,healthy,synthetic_prototype_dataset
2026-07-17T22:00:00,HV-2026-001,1,33.66,71.11,37.173,93.69,normal,healthy,synthetic_prototype_dataset
2026-07-17T23:00:00,HV-2026-001,1,33.61,71.71,37.155,84.2,normal,healthy,synthetic_prototype_dataset
2026-07-18T00:00:00,HV-2026-001,1,33.45,70.01,37.19,79.8,normal,healthy,synthetic_prototype_dataset
2026-07-18T01:00:00,HV-2026-001,1,32.63,71.56,37.215,75.29,normal,healthy,synthetic_prototype_dataset
2026-07-18T02:00:00,HV-2026-001,1,32.9,70.01,37.156,78.27,normal,healthy,synthetic_prototype_dataset
2026-07-18T03:00:00,HV-2026-001,1,33.09,68.09,37.177,80.09,normal,healthy,synthetic_prototype_dataset
2026-07-18T04:00:00,HV-2026-001,1,33.95,65.29,37.184,80.46,normal,healthy,synthetic_prototype_dataset
2026-07-18T05:00:00,HV-2026-001,1,34.59,64.16,37.201,70.51,normal,healthy,synthetic_prototype_dataset
2026-07-18T06:00:00,HV-2026-001,1,34.86,59.88,37.252,76.45,normal,healthy,synthetic_prototype_dataset
2026-07-18T07:00:00,HV-2026-001,1,36.1,59.25,37.273,83.45,normal,warning,synthetic_prototype_dataset
2026-07-18T08:00:00,HV-2026-001,1,35.87,58.29,37.311,79.63,normal,healthy,synthetic_prototype_dataset
2026-07-18T09:00:00,HV-2026-001,1,35.73,56.84,37.342,75.76,normal,healthy,synthetic_prototype_dataset
2026-07-18T10:00:00,HV-2026-001,1,35.87,57.79,37.371,77.35,normal,healthy,synthetic_prototype_dataset
2026-07-18T11:00:00,HV-2026-001,1,36.39,56.94,37.387,80.84,normal,warning,synthetic_prototype_dataset
2026-07-18T12:00:00,HV-2026-001,1,35.31,54.2,37.41,90.2,normal,healthy,synthetic_prototype_dataset
2026-07-18T13:00:00,HV-2026-001,1,35.65,57.43,37.434,87.97,normal,healthy,synthetic_prototype_dataset
2026-07-18T14:00:00,HV-2026-001,1,35.75,58.55,37.458,82.62,normal,healthy,synthetic_prototype_dataset
2026-07-18T15:00:00,HV-2026-001,1,34.98,57.14,37.455,90.37,normal,healthy,synthetic_prototype_dataset
2026-07-18T16:00:00,HV-2026-001,1,35.13,63.82,37.432,90.24,normal,healthy,synthetic_prototype_dataset
2026-07-18T17:00:00,HV-2026-001,1,34.51,60.34,37.471,81.74,normal,healthy,synthetic_prototype_dataset
2026-07-18T18:00:00,HV-2026-001,1,34.79,66.47,37.485,90.91,normal,healthy,synthetic_prototype_dataset
2026-07-18T19:00:00,HV-2026-001,1,34.81,64.56,37.489,81.92,normal,healthy,synthetic_prototype_dataset
2026-07-18T20:00:00,HV-2026-001,1,34.32,66.34,37.479,89.97,normal,healthy,synthetic_prototype_dataset
2026-07-18T21:00:00,HV-2026-001,1,33.5,67.04,37.525,84.25,normal,healthy,synthetic_prototype_dataset
2026-07-18T22:00:00,HV-2026-001,1,34.03,66.59,37.527,94.85,normal,healthy,synthetic_prototype_dataset
2026-07-18T23:00:00,HV-2026-001,1,33.94,69.98,37.519,85.25,normal,healthy,synthetic_prototype_dataset
2026-07-19T00:00:00,HV-2026-001,1,33.4,70.17,37.541,75.89,normal,healthy,synthetic_prototype_dataset
2026-07-19T01:00:00,HV-2026-001,1,33.31,67.26,37.548,79.2,normal,healthy,synthetic_prototype_dataset
2026-07-19T02:00:00,HV-2026-001,1,32.92,68.82,37.544,76.39,normal,healthy,synthetic_prototype_dataset
2026-07-19T03:00:00,HV-2026-001,1,33.57,70.71,37.587,71.41,normal,healthy,synthetic_prototype_dataset
2026-07-19T04:00:00,HV-2026-001,1,34.32,65.2,37.591,77.1,normal,healthy,synthetic_prototype_dataset
2026-07-19T05:00:00,HV-2026-001,1,34.11,66.52,37.589,73.83,normal,healthy,synthetic_prototype_dataset
2026-07-19T06:00:00,HV-2026-001,1,34.37,62.08,37.653,78.2,normal,healthy,synthetic_prototype_dataset
2026-07-19T07:00:00,HV-2026-001,1,35.77,65.37,37.642,78.07,normal,healthy,synthetic_prototype_dataset
2026-07-19T08:00:00,HV-2026-001,1,34.79,58.2,37.649,75.92,normal,healthy,synthetic_prototype_dataset
2026-07-19T09:00:00,HV-2026-001,1,35.11,57.89,37.641,84.31,normal,healthy,synthetic_prototype_dataset
2026-07-19T10:00:00,HV-2026-001,1,35.38,62.09,37.663,83.25,normal,healthy,synthetic_prototype_dataset
2026-07-19T11:00:00,HV-2026-001,1,35.34,59.41,37.742,85.56,normal,healthy,synthetic_prototype_dataset
2026-07-19T12:00:00,HV-2026-001,1,35.36,56.48,37.746,91.02,normal,healthy,synthetic_prototype_dataset
2026-07-19T13:00:00,HV-2026-001,1,36.29,56.51,37.703,81.67,normal,warning,synthetic_prototype_dataset
2026-07-19T14:00:00,HV-2026-001,1,36.1,59.22,37.785,81.84,normal,warning,synthetic_prototype_dataset
2026-07-19T15:00:00,HV-2026-001,1,35.72,59.98,37.767,88.91,normal,healthy,synthetic_prototype_dataset
2026-07-19T16:00:00,HV-2026-001,1,35.44,59.06,37.74,88.38,normal,healthy,synthetic_prototype_dataset
2026-07-19T17:00:00,HV-2026-001,1,34.85,61.02,37.754,88.33,normal,healthy,synthetic_prototype_dataset
2026-07-19T18:00:00,HV-2026-001,1,34.65,63.89,37.773,88.57,normal,healthy,synthetic_prototype_dataset
2026-07-19T19:00:00,HV-2026-001,1,34.37,61.45,37.815,89.88,normal,healthy,synthetic_prototype_dataset
2026-07-19T20:00:00,HV-2026-001,1,34.03,68.33,37.772,82.61,normal,healthy,synthetic_prototype_dataset
2026-07-19T21:00:00,HV-2026-001,1,33.87,68.03,37.803,87.32,normal,healthy,synthetic_prototype_dataset
2026-07-19T22:00:00,HV-2026-001,1,33.84,70.84,37.845,87.21,normal,healthy,synthetic_prototype_dataset
2026-07-19T23:00:00,HV-2026-001,1,32.46,71.24,37.912,89.36,normal,healthy,synthetic_prototype_dataset
2026-07-20T00:00:00,HV-2026-001,1,32.94,71.39,37.967,81.46,normal,healthy,synthetic_prototype_dataset
2026-07-20T01:00:00,HV-2026-001,1,32.99,69.53,38.019,76.2,normal,healthy,synthetic_prototype_dataset
2026-07-20T02:00:00,HV-2026-001,1,33.01,69.98,38.064,76.31,normal,healthy,synthetic_prototype_dataset
2026-07-20T03:00:00,HV-2026-001,1,33.82,67.66,38.141,72.85,normal,healthy,synthetic_prototype_dataset
2026-07-20T04:00:00,HV-2026-001,1,33.73,66.69,38.196,70.76,normal,healthy,synthetic_prototype_dataset
2026-07-20T05:00:00,HV-2026-001,1,33.71,61.32,38.222,72.09,normal,healthy,synthetic_prototype_dataset
2026-07-20T06:00:00,HV-2026-001,1,34.47,64.36,38.225,76.81,normal,healthy,synthetic_prototype_dataset
2026-07-20T07:00:00,HV-2026-001,1,34.84,62.57,38.267,75.41,normal,healthy,synthetic_prototype_dataset
2026-07-20T08:00:00,HV-2026-001,1,35.21,61.55,38.31,74.73,normal,healthy,synthetic_prototype_dataset
2026-07-20T09:00:00,HV-2026-001,1,35.85,56.27,38.393,84.94,normal,healthy,synthetic_prototype_dataset
2026-07-20T10:00:00,HV-2026-001,1,35.9,57.39,38.424,85.37,normal,healthy,synthetic_prototype_dataset
2026-07-20T11:00:00,HV-2026-001,1,35.73,56.84,38.495,82.56,normal,healthy,synthetic_prototype_dataset
2026-07-20T12:00:00,HV-2026-001,1,35.66,54.02,38.5,79.5,normal,healthy,synthetic_prototype_dataset
2026-07-20T13:00:00,HV-2026-001,1,36.22,59.67,38.593,79.85,normal,warning,synthetic_prototype_dataset
2026-07-20T14:00:00,HV-2026-001,1,36.09,59.67,38.619,87.84,normal,warning,synthetic_prototype_dataset
2026-07-20T15:00:00,HV-2026-001,1,34.66,58.7,38.623,89.63,normal,healthy,synthetic_prototype_dataset
2026-07-20T16:00:00,HV-2026-001,1,34.59,60.65,38.696,86.78,normal,healthy,synthetic_prototype_dataset
2026-07-20T17:00:00,HV-2026-001,1,34.46,57.48,38.721,87.84,normal,healthy,synthetic_prototype_dataset
2026-07-20T18:00:00,HV-2026-001,1,33.94,63.99,38.735,86.23,normal,healthy,synthetic_prototype_dataset
2026-07-20T19:00:00,HV-2026-001,1,34.05,66.91,38.781,89.43,normal,healthy,synthetic_prototype_dataset
2026-07-20T20:00:00,HV-2026-001,1,34.27,64.58,38.807,90.04,normal,healthy,synthetic_prototype_dataset
2026-07-20T21:00:00,HV-2026-001,1,33.51,68.91,38.805,90.72,normal,healthy,synthetic_prototype_dataset
2026-07-20T22:00:00,HV-2026-001,1,33.76,63.98,38.872,77.46,normal,healthy,synthetic_prototype_dataset
2026-07-20T23:00:00,HV-2026-001,1,33.11,71.78,38.885,81.98,normal,healthy,synthetic_prototype_dataset
2026-07-21T00:00:00,HV-2026-001,1,32.81,72.12,38.843,79.95,normal,healthy,synthetic_prototype_dataset
2026-07-21T01:00:00,HV-2026-001,1,33.33,67.88,38.848,72.44,normal,healthy,synthetic_prototype_dataset
2026-07-21T02:00:00,HV-2026-001,1,33.87,70.65,38.813,74.59,normal,healthy,synthetic_prototype_dataset
2026-07-21T03:00:00,HV-2026-001,1,33.3,70.55,38.79,81.61,normal,healthy,synthetic_prototype_dataset
2026-07-21T04:00:00,HV-2026-001,1,33.94,64.68,38.792,73.19,normal,healthy,synthetic_prototype_dataset
2026-07-21T05:00:00,HV-2026-001,1,33.7,65.25,38.774,68.37,normal,warning,synthetic_prototype_dataset
2026-07-21T06:00:00,HV-2026-001,1,34.44,60.02,38.772,72.82,normal,healthy,synthetic_prototype_dataset
2026-07-21T07:00:00,HV-2026-001,1,34.55,65.06,38.799,78.69,normal,healthy,synthetic_prototype_dataset
2026-07-21T08:00:00,HV-2026-001,1,34.46,58.59,38.837,76.04,normal,healthy,synthetic_prototype_dataset
2026-07-21T09:00:00,HV-2026-001,1,35.93,56.15,38.86,79.31,normal,healthy,synthetic_prototype_dataset
2026-07-21T10:00:00,HV-2026-001,1,35.81,56.05,38.889,82.17,normal,healthy,synthetic_prototype_dataset
2026-07-21T11:00:00,HV-2026-001,1,35.53,57.38,38.938,84.21,normal,healthy,synthetic_prototype_dataset
2026-07-21T12:00:00,HV-2026-001,1,35.71,57.7,38.972,84.83,normal,healthy,synthetic_prototype_dataset
2026-07-21T13:00:00,HV-2026-001,1,35.91,59.56,38.968,89.8,normal,healthy,synthetic_prototype_dataset
2026-07-21T14:00:00,HV-2026-001,1,34.88,57.6,39.065,89.83,normal,healthy,synthetic_prototype_dataset
2026-07-21T15:00:00,HV-2026-001,1,35.6,57.31,39.107,88.05,normal,healthy,synthetic_prototype_dataset
2026-07-21T16:00:00,HV-2026-001,1,34.9,59.25,39.152,86.84,normal,healthy,synthetic_prototype_dataset
2026-07-21T17:00:00,HV-2026-001,1,34.58,59.01,39.199,91.79,normal,healthy,synthetic_prototype_dataset
2026-07-21T18:00:00,HV-2026-001,1,34.71,65.01,39.232,91.37,normal,healthy,synthetic_prototype_dataset
2026-07-21T19:00:00,HV-2026-001,1,34.41,64.91,39.239,97.63,normal,healthy,synthetic_prototype_dataset
2026-07-21T20:00:00,HV-2026-001,1,33.75,65.57,39.279,90.4,normal,healthy,synthetic_prototype_dataset
2026-07-21T21:00:00,HV-2026-001,1,33.05,70.24,39.3,85.05,normal,healthy,synthetic_prototype_dataset
2026-07-21T22:00:00,HV-2026-001,1,34.02,70.46,39.281,94.34,normal,healthy,synthetic_prototype_dataset
2026-07-21T23:00:00,HV-2026-001,1,33.65,70.01,39.362,87.66,normal,healthy,synthetic_prototype_dataset
2026-07-22T00:00:00,HV-2026-001,1,33.25,69.19,39.407,77.67,normal,healthy,synthetic_prototype_dataset
2026-07-22T01:00:00,HV-2026-001,1,33.32,68.72,39.437,75.76,normal,healthy,synthetic_prototype_dataset
2026-07-22T02:00:00,HV-2026-001,1,32.84,66.79,39.482,66.89,normal,warning,synthetic_prototype_dataset
2026-07-22T03:00:00,HV-2026-001,1,33.74,67.47,39.552,74.27,normal,healthy,synthetic_prototype_dataset
2026-07-22T04:00:00,HV-2026-001,1,34.21,66.17,39.581,78.58,normal,healthy,synthetic_prototype_dataset
2026-07-22T05:00:00,HV-2026-001,1,34.02,66.99,39.572,77.03,normal,healthy,synthetic_prototype_dataset
2026-07-22T06:00:00,HV-2026-001,1,34.98,64.57,39.664,73.33,normal,healthy,synthetic_prototype_dataset
2026-07-22T07:00:00,HV-2026-001,1,34.28,59.78,39.712,79.57,normal,healthy,synthetic_prototype_dataset
2026-07-22T08:00:00,HV-2026-001,1,35.26,57.86,39.768,75.34,normal,healthy,synthetic_prototype_dataset
2026-07-22T09:00:00,HV-2026-001,1,36.01,63.58,39.815,83.35,normal,warning,synthetic_prototype_dataset
2026-07-22T10:00:00,HV-2026-001,1,35.47,54.06,39.832,79.17,normal,healthy,synthetic_prototype_dataset
2026-07-22T11:00:00,HV-2026-001,1,35.17,59.72,39.882,85.85,normal,healthy,synthetic_prototype_dataset
2026-07-22T12:00:00,HV-2026-001,1,35.73,56.07,39.958,85.79,normal,healthy,synthetic_prototype_dataset
2026-07-22T13:00:00,HV-2026-001,1,36.06,56.27,39.989,81.76,normal,warning,synthetic_prototype_dataset
2026-07-22T14:00:00,HV-2026-001,1,34.8,56.85,40.033,83.62,normal,healthy,synthetic_prototype_dataset
2026-07-22T15:00:00,HV-2026-001,1,35.47,58.53,39.999,85.73,normal,healthy,synthetic_prototype_dataset
2026-07-22T16:00:00,HV-2026-001,1,35.4,60.58,39.996,90.08,normal,healthy,synthetic_prototype_dataset
2026-07-22T17:00:00,HV-2026-001,1,35.36,62.97,40.027,88.24,normal,healthy,synthetic_prototype_dataset
2026-07-22T18:00:00,HV-2026-001,1,34.28,64.22,40.063,92.2,normal,healthy,synthetic_prototype_dataset
2026-07-22T19:00:00,HV-2026-001,1,34.29,66.67,40.091,92.63,normal,healthy,synthetic_prototype_dataset
2026-07-22T20:00:00,HV-2026-001,1,34.31,65.43,40.053,94.93,normal,healthy,synthetic_prototype_dataset
2026-07-22T21:00:00,HV-2026-001,1,33.76,65.25,40.053,91.64,normal,healthy,synthetic_prototype_dataset
2026-07-22T22:00:00,HV-2026-001,1,33.31,68.52,40.127,84.46,normal,healthy,synthetic_prototype_dataset
2026-07-22T23:00:00,HV-2026-001,1,32.95,70.52,40.166,88.84,normal,healthy,synthetic_prototype_dataset
2026-07-23T00:00:00,HV-2026-001,1,33.63,70.87,40.208,75.09,normal,healthy,synthetic_prototype_dataset
2026-07-23T01:00:00,HV-2026-001,1,33.29,70.47,40.24,78.7,normal,healthy,synthetic_prototype_dataset
2026-07-23T02:00:00,HV-2026-001,1,33.64,69.66,40.237,76.24,normal,healthy,synthetic_prototype_dataset
2026-07-23T03:00:00,HV-2026-001,1,33.59,68.81,40.339,74.17,normal,healthy,synthetic_prototype_dataset
2026-07-23T04:00:00,HV-2026-001,1,34.06,68.94,40.368,84.18,normal,healthy,synthetic_prototype_dataset
2026-07-23T05:00:00,HV-2026-001,1,34.01,65.91,40.365,74.77,normal,healthy,synthetic_prototype_dataset
2026-07-23T06:00:00,HV-2026-001,1,34.63,65.04,40.401,80.41,normal,healthy,synthetic_prototype_dataset
2026-07-23T07:00:00,HV-2026-001,1,34.81,61.1,40.521,79.21,normal,healthy,synthetic_prototype_dataset
2026-07-23T08:00:00,HV-2026-001,1,34.85,58.76,40.517,82.9,normal,healthy,synthetic_prototype_dataset
2026-07-23T09:00:00,HV-2026-001,1,35.28,58.79,40.549,83.92,normal,healthy,synthetic_prototype_dataset
2026-07-23T10:00:00,HV-2026-001,1,35.26,55.52,40.595,85.1,normal,healthy,synthetic_prototype_dataset
2026-07-23T11:00:00,HV-2026-001,1,35.93,55.3,40.659,81.92,normal,healthy,synthetic_prototype_dataset
2026-07-23T12:00:00,HV-2026-001,1,35.59,54.81,40.747,88.12,normal,healthy,synthetic_prototype_dataset
2026-07-23T13:00:00,HV-2026-001,1,36.05,59.0,40.888,80.79,normal,warning,synthetic_prototype_dataset
2026-07-23T14:00:00,HV-2026-001,1,35.31,56.34,40.901,84.35,normal,healthy,synthetic_prototype_dataset
2026-07-23T15:00:00,HV-2026-001,1,35.3,56.37,40.953,89.12,normal,healthy,synthetic_prototype_dataset
2026-07-23T16:00:00,HV-2026-001,1,35.39,60.93,41.012,88.22,normal,healthy,synthetic_prototype_dataset
2026-07-23T17:00:00,HV-2026-001,1,35.81,62.12,40.981,86.37,normal,healthy,synthetic_prototype_dataset
2026-07-23T18:00:00,HV-2026-001,1,33.74,63.54,41.006,88.36,normal,healthy,synthetic_prototype_dataset
2026-07-23T19:00:00,HV-2026-001,1,35.09,66.31,41.057,86.62,normal,healthy,synthetic_prototype_dataset
2026-07-23T20:00:00,HV-2026-001,1,33.42,67.08,41.088,83.03,normal,healthy,synthetic_prototype_dataset
2026-07-23T21:00:00,HV-2026-001,1,33.52,68.49,41.105,86.09,normal,healthy,synthetic_prototype_dataset
2026-07-23T22:00:00,HV-2026-001,1,33.15,69.26,41.133,90.24,normal,healthy,synthetic_prototype_dataset
2026-07-23T23:00:00,HV-2026-001,1,33.75,69.75,41.142,88.64,normal,healthy,synthetic_prototype_dataset
2026-07-24T00:00:00,HV-2026-001,1,33.44,69.88,41.195,79.43,normal,healthy,synthetic_prototype_dataset
2026-07-24T01:00:00,HV-2026-001,1,33.79,73.62,41.19,76.05,normal,healthy,synthetic_prototype_dataset
2026-07-24T02:00:00,HV-2026-001,1,33.35,69.55,41.192,70.8,normal,healthy,synthetic_prototype_dataset
2026-07-24T03:00:00,HV-2026-001,1,33.59,67.23,41.22,73.22,normal,healthy,synthetic_prototype_dataset
2026-07-24T04:00:00,HV-2026-001,1,33.32,67.58,41.25,78.03,normal,healthy,synthetic_prototype_dataset
2026-07-24T05:00:00,HV-2026-001,1,35.12,65.97,41.292,72.23,normal,healthy,synthetic_prototype_dataset
2026-07-24T06:00:00,HV-2026-001,1,33.89,66.51,41.285,72.35,normal,healthy,synthetic_prototype_dataset
2026-07-24T07:00:00,HV-2026-001,1,34.79,61.69,41.278,76.76,normal,healthy,synthetic_prototype_dataset
2026-07-24T08:00:00,HV-2026-001,1,35.67,58.71,41.259,82.92,normal,healthy,synthetic_prototype_dataset
2026-07-24T09:00:00,HV-2026-001,1,35.61,57.6,41.238,78.75,normal,healthy,synthetic_prototype_dataset
2026-07-24T10:00:00,HV-2026-001,1,35.57,59.7,41.239,82.7,normal,healthy,synthetic_prototype_dataset
2026-07-24T11:00:00,HV-2026-001,1,36.03,52.61,41.316,80.19,normal,warning,synthetic_prototype_dataset
2026-07-24T12:00:00,HV-2026-001,1,35.92,57.11,41.396,87.83,normal,healthy,synthetic_prototype_dataset
2026-07-24T13:00:00,HV-2026-001,1,34.65,55.49,41.444,86.42,normal,healthy,synthetic_prototype_dataset
2026-07-24T14:00:00,HV-2026-001,1,35.81,59.02,41.508,87.37,normal,healthy,synthetic_prototype_dataset
2026-07-24T15:00:00,HV-2026-001,1,34.56,57.89,41.563,85.12,normal,healthy,synthetic_prototype_dataset
2026-07-24T16:00:00,HV-2026-001,1,35.4,61.8,41.605,78.8,normal,healthy,synthetic_prototype_dataset
2026-07-24T17:00:00,HV-2026-001,1,34.23,65.25,41.62,82.94,normal,healthy,synthetic_prototype_dataset
2026-07-24T18:00:00,HV-2026-001,1,35.02,63.69,41.689,90.97,normal,healthy,synthetic_prototype_dataset
2026-07-24T19:00:00,HV-2026-001,1,34.34,66.13,41.738,97.85,normal,healthy,synthetic_prototype_dataset
2026-07-24T20:00:00,HV-2026-001,1,34.26,64.32,41.779,93.52,normal,healthy,synthetic_prototype_dataset
2026-07-24T21:00:00,HV-2026-001,1,34.09,67.84,41.844,92.18,normal,healthy,synthetic_prototype_dataset
2026-07-24T22:00:00,HV-2026-001,1,34.5,68.37,41.852,87.05,normal,healthy,synthetic_prototype_dataset
2026-07-24T23:00:00,HV-2026-001,1,32.99,68.82,41.78,85.59,normal,healthy,synthetic_prototype_dataset
2026-07-25T00:00:00,HV-2026-001,1,33.28,69.94,41.873,76.05,normal,healthy,synthetic_prototype_dataset
2026-07-25T01:00:00,HV-2026-001,1,33.74,71.06,41.927,76.98,normal,healthy,synthetic_prototype_dataset
2026-07-25T02:00:00,HV-2026-001,1,33.9,69.99,41.969,77.28,normal,healthy,synthetic_prototype_dataset
2026-07-25T03:00:00,HV-2026-001,1,33.36,69.5,42.072,75.05,normal,healthy,synthetic_prototype_dataset
2026-07-25T04:00:00,HV-2026-001,1,33.95,69.59,42.137,76.04,normal,healthy,synthetic_prototype_dataset
2026-07-25T05:00:00,HV-2026-001,1,33.0,66.57,42.084,81.14,normal,healthy,synthetic_prototype_dataset
2026-07-25T06:00:00,HV-2026-001,1,34.49,65.62,42.078,70.57,normal,healthy,synthetic_prototype_dataset
2026-07-25T07:00:00,HV-2026-001,1,34.87,61.95,42.086,78.12,normal,healthy,synthetic_prototype_dataset
2026-07-25T08:00:00,HV-2026-001,1,36.31,61.83,42.152,80.43,normal,warning,synthetic_prototype_dataset
2026-07-25T09:00:00,HV-2026-001,1,36.0,58.53,42.114,80.7,normal,healthy,synthetic_prototype_dataset
2026-07-25T10:00:00,HV-2026-001,1,35.9,56.02,42.146,80.58,normal,healthy,synthetic_prototype_dataset
2026-07-25T11:00:00,HV-2026-001,1,36.34,58.41,42.209,84.3,normal,warning,synthetic_prototype_dataset
2026-07-25T12:00:00,HV-2026-001,1,35.69,57.18,42.21,78.25,normal,healthy,synthetic_prototype_dataset
2026-07-25T13:00:00,HV-2026-001,1,35.73,57.65,42.295,92.61,normal,healthy,synthetic_prototype_dataset
2026-07-25T14:00:00,HV-2026-001,1,36.24,55.97,42.325,88.1,normal,warning,synthetic_prototype_dataset
2026-07-25T15:00:00,HV-2026-001,1,36.47,61.54,42.405,84.29,normal,warning,synthetic_prototype_dataset
2026-07-25T16:00:00,HV-2026-001,1,34.66,61.74,42.404,88.69,normal,healthy,synthetic_prototype_dataset
2026-07-25T17:00:00,HV-2026-001,1,34.7,64.88,42.426,81.34,normal,healthy,synthetic_prototype_dataset
2026-07-25T18:00:00,HV-2026-001,1,34.64,62.57,42.457,89.7,normal,healthy,synthetic_prototype_dataset
2026-07-25T19:00:00,HV-2026-001,1,33.95,67.06,42.428,88.07,normal,healthy,synthetic_prototype_dataset
2026-07-25T20:00:00,HV-2026-001,1,34.07,66.22,42.397,91.86,normal,healthy,synthetic_prototype_dataset
2026-07-25T21:00:00,HV-2026-001,1,34.0,68.69,42.353,91.41,normal,healthy,synthetic_prototype_dataset
2026-07-25T22:00:00,HV-2026-001,1,32.54,70.44,42.347,84.06,normal,healthy,synthetic_prototype_dataset
2026-07-25T23:00:00,HV-2026-001,1,32.96,70.26,42.35,89.17,normal,healthy,synthetic_prototype_dataset
2026-07-26T00:00:00,HV-2026-001,1,32.85,72.76,42.385,73.56,normal,healthy,synthetic_prototype_dataset
2026-07-26T01:00:00,HV-2026-001,1,32.7,67.8,42.42,74.76,normal,healthy,synthetic_prototype_dataset
2026-07-26T02:00:00,HV-2026-001,1,32.16,69.1,42.413,81.51,normal,healthy,synthetic_prototype_dataset
2026-07-26T03:00:00,HV-2026-001,1,32.66,66.36,42.477,80.75,normal,healthy,synthetic_prototype_dataset
2026-07-26T04:00:00,HV-2026-001,1,33.36,66.36,42.524,67.86,normal,warning,synthetic_prototype_dataset
2026-07-26T05:00:00,HV-2026-001,1,33.18,65.31,42.603,74.47,normal,healthy,synthetic_prototype_dataset
2026-07-26T06:00:00,HV-2026-001,1,34.4,66.04,42.702,73.98,normal,healthy,synthetic_prototype_dataset
2026-07-26T07:00:00,HV-2026-001,1,34.68,65.47,42.673,81.42,normal,healthy,synthetic_prototype_dataset
2026-07-26T08:00:00,HV-2026-001,1,34.54,60.68,42.695,76.27,normal,healthy,synthetic_prototype_dataset
2026-07-26T09:00:00,HV-2026-001,1,34.83,59.55,42.763,80.9,normal,healthy,synthetic_prototype_dataset
2026-07-26T10:00:00,HV-2026-001,1,35.51,58.97,42.767,85.59,normal,healthy,synthetic_prototype_dataset
2026-07-26T11:00:00,HV-2026-001,1,35.97,61.93,42.795,82.92,normal,healthy,synthetic_prototype_dataset
2026-07-26T12:00:00,HV-2026-001,1,36.0,58.47,42.818,84.49,normal,healthy,synthetic_prototype_dataset
2026-07-26T13:00:00,HV-2026-001,1,35.85,55.75,42.847,87.42,normal,healthy,synthetic_prototype_dataset
2026-07-26T14:00:00,HV-2026-001,1,35.92,56.85,42.825,81.42,normal,healthy,synthetic_prototype_dataset
2026-07-26T15:00:00,HV-2026-001,1,34.7,56.69,42.86,84.77,normal,healthy,synthetic_prototype_dataset
2026-07-26T16:00:00,HV-2026-001,1,34.68,59.11,42.882,94.15,normal,healthy,synthetic_prototype_dataset
2026-07-26T17:00:00,HV-2026-001,1,34.98,62.22,42.9,88.36,normal,healthy,synthetic_prototype_dataset
2026-07-26T18:00:00,HV-2026-001,1,34.5,65.05,42.898,90.13,normal,healthy,synthetic_prototype_dataset
2026-07-26T19:00:00,HV-2026-001,1,33.1,66.19,42.95,88.9,normal,healthy,synthetic_prototype_dataset
2026-07-26T20:00:00,HV-2026-001,1,34.52,65.91,42.982,89.4,normal,healthy,synthetic_prototype_dataset
2026-07-26T21:00:00,HV-2026-001,1,33.39,68.74,43.011,91.9,normal,healthy,synthetic_prototype_dataset
2026-07-26T22:00:00,HV-2026-001,1,33.84,70.06,43.065,85.67,normal,healthy,synthetic_prototype_dataset
2026-07-26T23:00:00,HV-2026-001,1,33.44,69.39,43.128,94.84,normal,healthy,synthetic_prototype_dataset
2026-07-27T00:00:00,HV-2026-001,1,32.93,67.24,43.134,80.31,normal,healthy,synthetic_prototype_dataset
2026-07-27T01:00:00,HV-2026-001,1,33.28,71.4,43.194,77.7,normal,healthy,synthetic_prototype_dataset
2026-07-27T02:00:00,HV-2026-001,1,33.71,71.9,43.272,77.26,normal,healthy,synthetic_prototype_dataset
2026-07-27T03:00:00,HV-2026-001,1,33.77,68.58,43.276,81.97,normal,healthy,synthetic_prototype_dataset
2026-07-27T04:00:00,HV-2026-001,1,33.73,69.14,43.305,73.95,normal,healthy,synthetic_prototype_dataset
2026-07-27T05:00:00,HV-2026-001,1,33.95,68.58,43.35,70.01,normal,healthy,synthetic_prototype_dataset
2026-07-27T06:00:00,HV-2026-001,1,34.19,67.39,43.367,69.7,normal,warning,synthetic_prototype_dataset
2026-07-27T07:00:00,HV-2026-001,1,35.47,63.6,43.39,76.53,normal,healthy,synthetic_prototype_dataset
2026-07-27T08:00:00,HV-2026-001,1,35.42,59.71,43.46,81.52,normal,healthy,synthetic_prototype_dataset
2026-07-27T09:00:00,HV-2026-001,1,35.31,59.5,43.488,85.02,normal,healthy,synthetic_prototype_dataset
2026-07-27T10:00:00,HV-2026-001,1,35.02,55.2,43.547,85.21,normal,healthy,synthetic_prototype_dataset
2026-07-27T11:00:00,HV-2026-001,1,35.76,58.16,43.576,87.28,normal,healthy,synthetic_prototype_dataset
2026-07-27T12:00:00,HV-2026-001,1,35.56,56.31,43.608,92.97,normal,healthy,synthetic_prototype_dataset
2026-07-27T13:00:00,HV-2026-001,1,34.76,58.32,43.592,86.73,normal,healthy,synthetic_prototype_dataset
2026-07-27T14:00:00,HV-2026-001,1,35.22,54.37,43.648,86.79,normal,healthy,synthetic_prototype_dataset
2026-07-27T15:00:00,HV-2026-001,1,34.26,60.75,43.739,94.15,normal,healthy,synthetic_prototype_dataset
2026-07-27T16:00:00,HV-2026-001,1,35.1,60.77,43.823,95.41,normal,healthy,synthetic_prototype_dataset
2026-07-27T17:00:00,HV-2026-001,1,35.13,60.68,43.864,91.42,normal,healthy,synthetic_prototype_dataset
2026-07-27T18:00:00,HV-2026-001,1,33.47,65.03,43.973,92.24,normal,healthy,synthetic_prototype_dataset
2026-07-27T19:00:00,HV-2026-001,1,34.61,66.33,43.996,91.21,normal,healthy,synthetic_prototype_dataset
2026-07-27T20:00:00,HV-2026-001,1,33.27,65.95,44.065,94.33,normal,healthy,synthetic_prototype_dataset
2026-07-27T21:00:00,HV-2026-001,1,32.92,70.88,44.087,90.12,normal,healthy,synthetic_prototype_dataset
2026-07-27T22:00:00,HV-2026-001,1,33.37,72.04,44.115,93.06,normal,healthy,synthetic_prototype_dataset
2026-07-27T23:00:00,HV-2026-001,1,33.17,72.07,44.111,94.66,normal,healthy,synthetic_prototype_dataset
2026-07-28T00:00:00,HV-2026-001,1,33.13,72.67,44.079,73.12,normal,healthy,synthetic_prototype_dataset
2026-07-28T01:00:00,HV-2026-001,1,33.52,71.66,44.037,79.63,normal,healthy,synthetic_prototype_dataset
2026-07-28T02:00:00,HV-2026-001,1,32.85,72.98,44.059,76.72,normal,healthy,synthetic_prototype_dataset
2026-07-28T03:00:00,HV-2026-001,1,33.83,67.72,44.05,75.31,normal,healthy,synthetic_prototype_dataset
2026-07-28T04:00:00,HV-2026-001,1,33.94,65.49,44.016,78.88,normal,healthy,synthetic_prototype_dataset
2026-07-28T05:00:00,HV-2026-001,1,33.61,65.49,43.976,73.62,normal,healthy,synthetic_prototype_dataset
2026-07-28T06:00:00,HV-2026-001,1,34.21,66.06,43.974,81.8,normal,healthy,synthetic_prototype_dataset
2026-07-28T07:00:00,HV-2026-001,1,34.24,61.34,44.053,78.57,normal,healthy,synthetic_prototype_dataset
2026-07-28T08:00:00,HV-2026-001,1,34.62,60.6,44.13,84.76,normal,healthy,synthetic_prototype_dataset
2026-07-28T09:00:00,HV-2026-001,1,34.77,59.36,44.167,77.91,normal,healthy,synthetic_prototype_dataset
2026-07-28T10:00:00,HV-2026-001,1,35.32,58.33,44.245,87.23,normal,healthy,synthetic_prototype_dataset
2026-07-28T11:00:00,HV-2026-001,1,35.32,57.24,44.309,82.47,normal,healthy,synthetic_prototype_dataset
2026-07-28T12:00:00,HV-2026-001,1,35.78,57.22,44.317,82.55,normal,healthy,synthetic_prototype_dataset
2026-07-28T13:00:00,HV-2026-001,1,36.12,57.34,44.418,84.45,normal,warning,synthetic_prototype_dataset
2026-07-28T14:00:00,HV-2026-001,1,35.47,62.63,44.423,81.48,normal,healthy,synthetic_prototype_dataset
2026-07-28T15:00:00,HV-2026-001,1,35.71,57.94,44.463,86.88,normal,healthy,synthetic_prototype_dataset
2026-07-28T16:00:00,HV-2026-001,1,34.99,59.17,44.494,91.1,normal,healthy,synthetic_prototype_dataset
2026-07-28T17:00:00,HV-2026-001,1,34.1,61.31,44.516,84.88,normal,healthy,synthetic_prototype_dataset
2026-07-28T18:00:00,HV-2026-001,1,34.03,64.6,44.532,89.05,normal,healthy,synthetic_prototype_dataset
2026-07-28T19:00:00,HV-2026-001,1,33.87,65.01,44.581,94.91,normal,healthy,synthetic_prototype_dataset
2026-07-28T20:00:00,HV-2026-001,1,33.36,68.76,44.597,90.8,normal,healthy,synthetic_prototype_dataset
2026-07-28T21:00:00,HV-2026-001,1,34.0,70.25,44.56,90.52,normal,healthy,synthetic_prototype_dataset
2026-07-28T22:00:00,HV-2026-001,1,33.65,70.05,44.62,85.71,normal,healthy,synthetic_prototype_dataset
2026-07-28T23:00:00,HV-2026-001,1,32.29,71.4,44.584,86.27,normal,healthy,synthetic_prototype_dataset
2026-07-29T00:00:00,HV-2026-001,1,33.42,68.15,44.564,72.39,normal,healthy,synthetic_prototype_dataset
2026-07-29T01:00:00,HV-2026-001,1,32.86,70.69,44.638,79.34,normal,healthy,synthetic_prototype_dataset
2026-07-29T02:00:00,HV-2026-001,1,33.24,70.91,44.677,72.98,normal,healthy,synthetic_prototype_dataset
2026-07-29T03:00:00,HV-2026-001,1,33.61,67.53,44.731,80.15,normal,healthy,synthetic_prototype_dataset
2026-07-29T04:00:00,HV-2026-001,1,33.59,67.77,44.77,65.98,normal,warning,synthetic_prototype_dataset
2026-07-29T05:00:00,HV-2026-001,1,33.95,66.19,44.793,78.47,normal,healthy,synthetic_prototype_dataset
2026-07-29T06:00:00,HV-2026-001,1,34.11,62.53,44.813,76.24,normal,healthy,synthetic_prototype_dataset
2026-07-29T07:00:00,HV-2026-001,1,34.53,63.06,44.875,74.03,normal,healthy,synthetic_prototype_dataset
2026-07-29T08:00:00,HV-2026-001,1,34.87,63.41,44.844,80.25,normal,healthy,synthetic_prototype_dataset
2026-07-29T09:00:00,HV-2026-001,1,34.8,58.97,44.846,80.76,normal,healthy,synthetic_prototype_dataset
2026-07-29T10:00:00,HV-2026-001,1,36.1,56.25,44.843,77.74,normal,warning,synthetic_prototype_dataset
2026-07-29T11:00:00,HV-2026-001,1,36.18,56.99,44.882,81.86,normal,warning,synthetic_prototype_dataset
2026-07-29T12:00:00,HV-2026-001,1,35.02,57.16,45.011,90.77,normal,healthy,synthetic_prototype_dataset
2026-07-29T13:00:00,HV-2026-001,1,35.02,58.99,45.025,80.89,normal,healthy,synthetic_prototype_dataset
2026-07-29T14:00:00,HV-2026-001,1,35.73,60.61,45.104,86.48,normal,healthy,synthetic_prototype_dataset
2026-07-29T15:00:00,HV-2026-001,1,34.99,60.98,45.158,87.56,normal,healthy,synthetic_prototype_dataset
2026-07-29T16:00:00,HV-2026-001,1,34.07,61.29,45.234,85.33,normal,healthy,synthetic_prototype_dataset
2026-07-29T17:00:00,HV-2026-001,1,34.77,63.37,45.294,92.93,normal,healthy,synthetic_prototype_dataset
2026-07-29T18:00:00,HV-2026-001,1,33.83,61.67,45.305,93.11,normal,healthy,synthetic_prototype_dataset
2026-07-29T19:00:00,HV-2026-001,1,33.57,65.15,45.266,96.01,normal,healthy,synthetic_prototype_dataset
2026-07-29T20:00:00,HV-2026-001,1,33.87,69.47,45.325,91.54,normal,healthy,synthetic_prototype_dataset
2026-07-29T21:00:00,HV-2026-001,1,33.12,69.24,45.335,98.0,normal,healthy,synthetic_prototype_dataset
2026-07-29T22:00:00,HV-2026-001,1,33.27,69.81,45.376,84.59,normal,healthy,synthetic_prototype_dataset
2026-07-29T23:00:00,HV-2026-001,1,33.57,70.16,45.419,90.84,normal,healthy,synthetic_prototype_dataset
2026-07-30T00:00:00,HV-2026-001,1,32.95,71.96,45.444,75.8,normal,healthy,synthetic_prototype_dataset
2026-07-30T01:00:00,HV-2026-001,1,32.56,70.74,45.521,75.62,normal,healthy,synthetic_prototype_dataset
2026-07-30T02:00:00,HV-2026-001,1,32.59,69.92,45.584,78.36,normal,healthy,synthetic_prototype_dataset
2026-07-30T03:00:00,HV-2026-001,1,33.41,69.28,45.629,73.75,normal,healthy,synthetic_prototype_dataset
2026-07-30T04:00:00,HV-2026-001,1,33.31,70.04,45.685,72.56,normal,healthy,synthetic_prototype_dataset
2026-07-30T05:00:00,HV-2026-001,1,33.35,66.8,45.771,69.3,normal,warning,synthetic_prototype_dataset
2026-07-30T06:00:00,HV-2026-001,1,34.2,62.31,45.773,74.72,normal,healthy,synthetic_prototype_dataset
2026-07-30T07:00:00,HV-2026-001,1,34.22,62.02,45.799,75.95,normal,healthy,synthetic_prototype_dataset
2026-07-30T08:00:00,HV-2026-001,1,34.07,62.69,45.855,82.57,normal,healthy,synthetic_prototype_dataset
2026-07-30T09:00:00,HV-2026-001,1,34.3,60.38,45.912,77.75,normal,healthy,synthetic_prototype_dataset
2026-07-30T10:00:00,HV-2026-001,1,35.2,58.52,46.014,89.74,normal,healthy,synthetic_prototype_dataset
2026-07-30T11:00:00,HV-2026-001,1,34.58,62.52,46.023,87.96,normal,healthy,synthetic_prototype_dataset
2026-07-30T12:00:00,HV-2026-001,1,35.81,56.0,46.083,85.52,normal,healthy,synthetic_prototype_dataset
2026-07-30T13:00:00,HV-2026-001,1,35.58,58.44,46.168,87.37,normal,healthy,synthetic_prototype_dataset
2026-07-30T14:00:00,HV-2026-001,1,35.12,60.7,46.23,90.69,normal,healthy,synthetic_prototype_dataset
2026-07-30T15:00:00,HV-2026-001,1,34.69,57.96,46.251,86.76,normal,healthy,synthetic_prototype_dataset
2026-07-30T16:00:00,HV-2026-001,1,35.08,63.05,46.283,94.53,normal,healthy,synthetic_prototype_dataset
2026-07-30T17:00:00,HV-2026-001,1,35.03,63.42,46.288,95.39,normal,healthy,synthetic_prototype_dataset
2026-07-30T18:00:00,HV-2026-001,1,34.05,65.02,46.306,86.89,normal,healthy,synthetic_prototype_dataset
2026-07-30T19:00:00,HV-2026-001,1,33.08,67.74,46.304,98.0,normal,healthy,synthetic_prototype_dataset
2026-07-30T20:00:00,HV-2026-001,1,32.93,66.03,46.347,94.88,normal,healthy,synthetic_prototype_dataset
2026-07-30T21:00:00,HV-2026-001,1,33.18,70.77,46.307,86.56,normal,healthy,synthetic_prototype_dataset
2026-07-30T22:00:00,HV-2026-001,1,32.46,67.44,46.336,80.27,normal,healthy,synthetic_prototype_dataset
2026-07-30T23:00:00,HV-2026-001,1,32.22,70.59,46.332,88.49,normal,healthy,synthetic_prototype_dataset
2026-07-31T00:00:00,HV-2026-001,1,32.84,73.61,46.383,79.99,normal,healthy,synthetic_prototype_dataset
2026-07-31T01:00:00,HV-2026-001,1,32.74,72.31,46.426,76.5,normal,healthy,synthetic_prototype_dataset
2026-07-31T02:00:00,HV-2026-001,1,32.7,70.46,46.423,77.48,normal,healthy,synthetic_prototype_dataset
2026-07-31T03:00:00,HV-2026-001,1,33.04,68.76,46.425,71.76,normal,healthy,synthetic_prototype_dataset
2026-07-31T04:00:00,HV-2026-001,1,33.79,68.64,46.419,78.83,normal,healthy,synthetic_prototype_dataset
2026-07-31T05:00:00,HV-2026-001,1,33.41,64.28,46.48,74.12,normal,healthy,synthetic_prototype_dataset
2026-07-31T06:00:00,HV-2026-001,1,33.82,65.07,46.545,76.07,normal,healthy,synthetic_prototype_dataset
2026-07-31T07:00:00,HV-2026-001,1,33.8,64.17,46.553,84.44,normal,healthy,synthetic_prototype_dataset
2026-07-31T08:00:00,HV-2026-001,1,34.65,57.48,46.595,86.43,normal,healthy,synthetic_prototype_dataset
2026-07-31T09:00:00,HV-2026-001,1,35.63,63.35,46.594,84.55,normal,healthy,synthetic_prototype_dataset
2026-07-31T10:00:00,HV-2026-001,1,34.8,59.34,46.587,80.74,normal,healthy,synthetic_prototype_dataset
2026-07-31T11:00:00,HV-2026-001,1,34.95,59.86,46.655,85.49,normal,healthy,synthetic_prototype_dataset
2026-07-31T12:00:00,HV-2026-001,1,34.69,57.44,46.672,88.94,normal,healthy,synthetic_prototype_dataset
2026-07-31T13:00:00,HV-2026-001,1,35.79,60.14,46.688,77.52,normal,healthy,synthetic_prototype_dataset
2026-07-31T14:00:00,HV-2026-001,1,34.33,61.5,46.717,85.5,normal,healthy,synthetic_prototype_dataset
2026-07-31T15:00:00,HV-2026-001,1,35.66,62.33,46.758,87.91,normal,healthy,synthetic_prototype_dataset
2026-07-31T16:00:00,HV-2026-001,1,34.59,61.91,46.852,91.0,normal,healthy,synthetic_prototype_dataset
2026-07-31T17:00:00,HV-2026-001,1,34.66,65.29,46.845,92.52,normal,healthy,synthetic_prototype_dataset
2026-07-31T18:00:00,HV-2026-001,1,33.87,60.47,46.8,86.44,normal,healthy,synthetic_prototype_dataset
2026-07-31T19:00:00,HV-2026-001,1,33.9,67.02,46.831,96.71,normal,healthy,synthetic_prototype_dataset
2026-07-31T20:00:00,HV-2026-001,1,32.78,68.45,46.867,86.95,normal,healthy,synthetic_prototype_dataset
2026-07-31T21:00:00,HV-2026-001,1,33.09,67.07,46.941,86.55,normal,healthy,synthetic_prototype_dataset
2026-07-31T22:00:00,HV-2026-001,1,33.79,71.0,47.002,87.94,normal,healthy,synthetic_prototype_dataset
2026-07-31T23:00:00,HV-2026-001,1,32.73,70.71,47.032,88.22,normal,healthy,synthetic_prototype_dataset
2026-08-01T00:00:00,HV-2026-001,1,32.27,71.98,47.035,84.05,normal,healthy,synthetic_prototype_dataset
2026-08-01T01:00:00,HV-2026-001,1,32.63,74.75,47.053,76.91,normal,healthy,synthetic_prototype_dataset
2026-08-01T02:00:00,HV-2026-001,1,32.21,70.47,47.086,81.55,normal,healthy,synthetic_prototype_dataset
2026-08-01T03:00:00,HV-2026-001,1,33.11,72.65,47.133,81.7,normal,healthy,synthetic_prototype_dataset
2026-08-01T04:00:00,HV-2026-001,1,33.25,73.01,47.141,73.32,normal,healthy,synthetic_prototype_dataset
2026-08-01T05:00:00,HV-2026-001,1,33.05,71.22,47.195,74.83,normal,healthy,synthetic_prototype_dataset
2026-08-01T06:00:00,HV-2026-001,1,34.49,66.45,47.289,70.58,normal,healthy,synthetic_prototype_dataset
2026-08-01T07:00:00,HV-2026-001,1,34.14,62.56,47.245,81.54,normal,healthy,synthetic_prototype_dataset
2026-08-01T08:00:00,HV-2026-001,1,34.46,63.04,47.357,78.39,normal,healthy,synthetic_prototype_dataset
2026-08-01T09:00:00,HV-2026-001,1,34.66,60.47,47.425,79.37,normal,healthy,synthetic_prototype_dataset
2026-08-01T10:00:00,HV-2026-001,1,34.77,61.05,47.476,75.84,normal,healthy,synthetic_prototype_dataset
2026-08-01T11:00:00,HV-2026-001,1,34.63,61.15,47.531,81.85,normal,healthy,synthetic_prototype_dataset
2026-08-01T12:00:00,HV-2026-001,1,35.15,58.23,47.599,81.15,normal,healthy,synthetic_prototype_dataset
2026-08-01T13:00:00,HV-2026-001,1,34.8,58.94,47.639,89.11,normal,healthy,synthetic_prototype_dataset
2026-08-01T14:00:00,HV-2026-001,1,34.5,59.79,47.719,89.83,normal,healthy,synthetic_prototype_dataset
2026-08-01T15:00:00,HV-2026-001,1,34.91,60.09,47.731,88.68,normal,healthy,synthetic_prototype_dataset
2026-08-01T16:00:00,HV-2026-001,1,35.14,61.49,47.737,87.8,normal,healthy,synthetic_prototype_dataset
2026-08-01T17:00:00,HV-2026-001,1,34.35,62.72,47.788,91.71,normal,healthy,synthetic_prototype_dataset
2026-08-01T18:00:00,HV-2026-001,1,34.33,67.77,47.853,86.73,normal,healthy,synthetic_prototype_dataset
2026-08-01T19:00:00,HV-2026-001,1,33.18,66.88,47.862,85.9,normal,healthy,synthetic_prototype_dataset
2026-08-01T20:00:00,HV-2026-001,1,33.08,67.85,47.863,88.42,normal,healthy,synthetic_prototype_dataset
2026-08-01T21:00:00,HV-2026-001,1,33.54,70.52,47.975,89.53,normal,healthy,synthetic_prototype_dataset
2026-08-01T22:00:00,HV-2026-001,1,32.67,71.28,48.009,89.65,normal,healthy,synthetic_prototype_dataset
2026-08-01T23:00:00,HV-2026-001,1,33.61,70.45,48.064,87.83,normal,healthy,synthetic_prototype_dataset
2026-08-02T00:00:00,HV-2026-001,1,31.85,73.8,48.133,73.0,normal,healthy,synthetic_prototype_dataset
2026-08-02T01:00:00,HV-2026-001,1,32.59,69.07,48.114,79.67,normal,healthy,synthetic_prototype_dataset
2026-08-02T02:00:00,HV-2026-001,1,32.52,69.48,48.147,74.17,normal,healthy,synthetic_prototype_dataset
2026-08-02T03:00:00,HV-2026-001,1,32.72,71.7,48.132,72.83,normal,healthy,synthetic_prototype_dataset
2026-08-02T04:00:00,HV-2026-001,1,33.27,70.66,48.2,73.67,normal,healthy,synthetic_prototype_dataset
2026-08-02T05:00:00,HV-2026-001,1,33.94,65.82,48.289,72.03,normal,healthy,synthetic_prototype_dataset
2026-08-02T06:00:00,HV-2026-001,1,34.45,64.23,48.384,78.07,normal,healthy,synthetic_prototype_dataset
2026-08-02T07:00:00,HV-2026-001,1,33.73,62.66,48.437,81.51,normal,healthy,synthetic_prototype_dataset
2026-08-02T08:00:00,HV-2026-001,1,34.47,62.0,48.493,80.08,normal,healthy,synthetic_prototype_dataset
2026-08-02T09:00:00,HV-2026-001,1,34.19,59.0,48.535,85.61,normal,healthy,synthetic_prototype_dataset
2026-08-02T10:00:00,HV-2026-001,1,35.71,60.76,48.583,85.62,normal,healthy,synthetic_prototype_dataset
2026-08-02T11:00:00,HV-2026-001,1,34.81,58.38,48.595,80.15,normal,healthy,synthetic_prototype_dataset
2026-08-02T12:00:00,HV-2026-001,1,35.3,58.75,48.661,87.81,normal,healthy,synthetic_prototype_dataset
2026-08-02T13:00:00,HV-2026-001,1,35.22,59.66,48.703,88.55,normal,healthy,synthetic_prototype_dataset
2026-08-02T14:00:00,HV-2026-001,1,34.65,60.02,48.768,85.78,normal,healthy,synthetic_prototype_dataset
2026-08-02T15:00:00,HV-2026-001,1,34.8,59.34,48.791,85.0,normal,healthy,synthetic_prototype_dataset
2026-08-02T16:00:00,HV-2026-001,1,35.07,63.83,48.847,96.43,normal,healthy,synthetic_prototype_dataset
2026-08-02T17:00:00,HV-2026-001,1,34.11,69.06,48.873,90.77,normal,healthy,synthetic_prototype_dataset
2026-08-02T18:00:00,HV-2026-001,1,33.68,66.09,48.932,89.6,normal,healthy,synthetic_prototype_dataset
2026-08-02T19:00:00,HV-2026-001,1,34.32,67.66,48.967,86.7,normal,healthy,synthetic_prototype_dataset
2026-08-02T20:00:00,HV-2026-001,1,33.39,68.67,48.97,86.81,normal,healthy,synthetic_prototype_dataset
2026-08-02T21:00:00,HV-2026-001,1,34.14,69.89,48.944,86.49,normal,healthy,synthetic_prototype_dataset
2026-08-02T22:00:00,HV-2026-001,1,32.71,72.46,48.989,90.49,normal,healthy,synthetic_prototype_dataset
2026-08-02T23:00:00,HV-2026-001,1,32.31,72.79,48.983,84.94,normal,healthy,synthetic_prototype_dataset
2026-08-03T00:00:00,HV-2026-001,1,32.07,70.48,49.045,78.41,normal,healthy,synthetic_prototype_dataset
2026-08-03T01:00:00,HV-2026-001,1,32.97,72.45,49.097,69.84,normal,warning,synthetic_prototype_dataset
2026-08-03T02:00:00,HV-2026-001,1,33.05,72.0,49.144,77.33,normal,healthy,synthetic_prototype_dataset
2026-08-03T03:00:00,HV-2026-001,1,32.42,67.87,49.144,77.98,normal,healthy,synthetic_prototype_dataset
2026-08-03T04:00:00,HV-2026-001,1,33.44,66.66,49.135,73.47,normal,healthy,synthetic_prototype_dataset
2026-08-03T05:00:00,HV-2026-001,1,33.29,64.98,49.11,73.12,normal,healthy,synthetic_prototype_dataset
2026-08-03T06:00:00,HV-2026-001,1,33.82,63.49,49.131,79.7,normal,healthy,synthetic_prototype_dataset
2026-08-03T07:00:00,HV-2026-001,1,33.53,63.43,49.192,76.36,normal,healthy,synthetic_prototype_dataset
2026-08-03T08:00:00,HV-2026-001,1,34.18,64.21,49.211,83.49,normal,healthy,synthetic_prototype_dataset
2026-08-03T09:00:00,HV-2026-001,1,34.9,60.05,49.262,82.48,normal,healthy,synthetic_prototype_dataset
2026-08-03T10:00:00,HV-2026-001,1,35.37,58.57,49.301,82.78,normal,healthy,synthetic_prototype_dataset
2026-08-03T11:00:00,HV-2026-001,1,35.36,57.01,49.377,86.15,normal,healthy,synthetic_prototype_dataset
2026-08-03T12:00:00,HV-2026-001,1,34.49,60.79,49.498,89.41,normal,healthy,synthetic_prototype_dataset
2026-08-03T13:00:00,HV-2026-001,1,35.68,59.01,49.483,80.65,normal,healthy,synthetic_prototype_dataset
2026-08-03T14:00:00,HV-2026-001,1,35.02,58.49,49.493,87.9,normal,healthy,synthetic_prototype_dataset
2026-08-03T15:00:00,HV-2026-001,1,34.98,58.05,49.518,94.22,normal,healthy,synthetic_prototype_dataset
2026-08-03T16:00:00,HV-2026-001,1,33.95,63.68,49.539,91.43,normal,healthy,synthetic_prototype_dataset
2026-08-03T17:00:00,HV-2026-001,1,34.61,65.14,49.605,85.85,normal,healthy,synthetic_prototype_dataset
2026-08-03T18:00:00,HV-2026-001,1,34.28,64.08,49.643,90.9,normal,healthy,synthetic_prototype_dataset
2026-08-03T19:00:00,HV-2026-001,1,33.67,68.04,49.639,85.16,normal,healthy,synthetic_prototype_dataset
2026-08-03T20:00:00,HV-2026-001,1,33.53,69.45,49.704,89.37,normal,healthy,synthetic_prototype_dataset
2026-08-03T21:00:00,HV-2026-001,1,32.23,72.31,49.716,90.13,normal,healthy,synthetic_prototype_dataset
2026-08-03T22:00:00,HV-2026-001,1,32.37,74.64,49.71,86.94,normal,healthy,synthetic_prototype_dataset
2026-08-03T23:00:00,HV-2026-001,1,32.58,70.41,49.747,92.75,normal,healthy,synthetic_prototype_dataset
2026-08-04T00:00:00,HV-2026-001,1,32.19,73.52,49.676,75.86,normal,healthy,synthetic_prototype_dataset
2026-08-04T01:00:00,HV-2026-001,1,32.32,71.1,49.739,74.86,normal,healthy,synthetic_prototype_dataset
2026-08-04T02:00:00,HV-2026-001,1,32.51,71.2,49.696,72.04,normal,healthy,synthetic_prototype_dataset
2026-08-04T03:00:00,HV-2026-001,1,33.23,66.97,49.695,74.6,normal,healthy,synthetic_prototype_dataset
2026-08-04T04:00:00,HV-2026-001,1,33.85,70.7,49.7,80.57,normal,healthy,synthetic_prototype_dataset
2026-08-04T05:00:00,HV-2026-001,1,33.05,69.44,49.678,79.76,normal,healthy,synthetic_prototype_dataset
2026-08-04T06:00:00,HV-2026-001,1,33.53,63.96,49.695,76.97,normal,healthy,synthetic_prototype_dataset
2026-08-04T07:00:00,HV-2026-001,1,33.83,65.0,49.7,80.0,normal,healthy,synthetic_prototype_dataset
2026-08-04T08:00:00,HV-2026-001,1,34.56,62.2,49.714,80.15,normal,healthy,synthetic_prototype_dataset
2026-08-04T09:00:00,HV-2026-001,1,34.88,64.57,49.781,84.77,normal,healthy,synthetic_prototype_dataset
2026-08-04T10:00:00,HV-2026-001,1,36.23,60.68,49.835,83.85,normal,warning,synthetic_prototype_dataset
2026-08-04T11:00:00,HV-2026-001,1,34.52,58.25,49.858,86.79,normal,healthy,synthetic_prototype_dataset
2026-08-04T12:00:00,HV-2026-001,1,34.94,59.06,49.939,88.92,normal,healthy,synthetic_prototype_dataset
2026-08-04T13:00:00,HV-2026-001,1,34.9,57.85,50.021,89.82,normal,healthy,synthetic_prototype_dataset
2026-08-04T14:00:00,HV-2026-001,1,34.12,59.19,50.07,90.85,normal,healthy,synthetic_prototype_dataset
2026-08-04T15:00:00,HV-2026-001,1,35.04,61.37,50.131,89.16,normal,healthy,synthetic_prototype_dataset
2026-08-04T16:00:00,HV-2026-001,1,34.06,61.84,50.169,89.4,normal,healthy,synthetic_prototype_dataset
2026-08-04T17:00:00,HV-2026-001,1,33.2,63.29,50.205,88.9,normal,healthy,synthetic_prototype_dataset
2026-08-04T18:00:00,HV-2026-001,1,33.6,66.69,50.197,84.3,normal,healthy,synthetic_prototype_dataset
2026-08-04T19:00:00,HV-2026-001,1,33.22,69.0,50.281,92.62,normal,healthy,synthetic_prototype_dataset
2026-08-04T20:00:00,HV-2026-001,1,32.4,68.9,50.315,90.14,normal,healthy,synthetic_prototype_dataset
2026-08-04T21:00:00,HV-2026-001,1,33.04,69.11,50.342,90.41,normal,healthy,synthetic_prototype_dataset
2026-08-04T22:00:00,HV-2026-001,1,32.96,70.43,50.355,78.66,normal,healthy,synthetic_prototype_dataset
2026-08-04T23:00:00,HV-2026-001,1,32.18,71.63,50.344,87.69,normal,healthy,synthetic_prototype_dataset
2026-08-05T00:00:00,HV-2026-001,1,32.32,68.93,50.377,72.75,normal,healthy,synthetic_prototype_dataset
2026-08-05T01:00:00,HV-2026-001,1,32.61,70.45,50.403,75.01,normal,healthy,synthetic_prototype_dataset
2026-08-05T02:00:00,HV-2026-001,1,32.66,72.29,50.419,70.62,normal,healthy,synthetic_prototype_dataset
2026-08-05T03:00:00,HV-2026-001,1,32.07,69.9,50.444,73.87,normal,healthy,synthetic_prototype_dataset
2026-08-05T04:00:00,HV-2026-001,1,33.28,69.0,50.435,75.03,normal,healthy,synthetic_prototype_dataset
2026-08-05T05:00:00,HV-2026-001,1,33.42,68.4,50.526,73.66,normal,healthy,synthetic_prototype_dataset
2026-08-05T06:00:00,HV-2026-001,1,33.62,66.77,50.55,74.25,normal,healthy,synthetic_prototype_dataset
2026-08-05T07:00:00,HV-2026-001,1,33.29,63.27,50.537,71.78,normal,healthy,synthetic_prototype_dataset
2026-08-05T08:00:00,HV-2026-001,1,33.94,60.62,50.587,81.73,normal,healthy,synthetic_prototype_dataset
2026-08-05T09:00:00,HV-2026-001,1,34.16,60.58,50.556,79.63,normal,healthy,synthetic_prototype_dataset
2026-08-05T10:00:00,HV-2026-001,1,34.96,61.42,50.569,86.68,normal,healthy,synthetic_prototype_dataset
2026-08-05T11:00:00,HV-2026-001,1,34.22,56.99,50.635,90.37,normal,healthy,synthetic_prototype_dataset
2026-08-05T12:00:00,HV-2026-001,1,35.17,58.93,50.6,78.82,normal,healthy,synthetic_prototype_dataset
2026-08-05T13:00:00,HV-2026-001,1,34.96,58.59,50.604,87.34,normal,healthy,synthetic_prototype_dataset
2026-08-05T14:00:00,HV-2026-001,1,34.83,61.64,50.652,92.42,normal,healthy,synthetic_prototype_dataset
2026-08-05T15:00:00,HV-2026-001,1,34.57,60.84,50.729,85.51,normal,healthy,synthetic_prototype_dataset
2026-08-05T16:00:00,HV-2026-001,1,35.57,63.18,50.781,91.36,normal,healthy,synthetic_prototype_dataset
2026-08-05T17:00:00,HV-2026-001,1,34.83,65.61,50.758,94.79,normal,healthy,synthetic_prototype_dataset
2026-08-05T18:00:00,HV-2026-001,1,33.5,66.19,50.743,91.84,normal,healthy,synthetic_prototype_dataset
2026-08-05T19:00:00,HV-2026-001,1,33.02,67.99,50.758,96.62,normal,healthy,synthetic_prototype_dataset
2026-08-05T20:00:00,HV-2026-001,1,33.89,69.58,50.786,88.22,normal,healthy,synthetic_prototype_dataset
2026-08-05T21:00:00,HV-2026-001,1,33.23,70.36,50.796,92.36,normal,healthy,synthetic_prototype_dataset
2026-08-05T22:00:00,HV-2026-001,1,32.28,71.99,50.765,90.59,normal,healthy,synthetic_prototype_dataset
2026-08-05T23:00:00,HV-2026-001,1,33.27,74.06,50.842,84.15,normal,healthy,synthetic_prototype_dataset
2026-08-06T00:00:00,HV-2026-001,1,32.39,71.48,50.859,78.7,normal,healthy,synthetic_prototype_dataset
2026-08-06T01:00:00,HV-2026-001,1,32.38,70.39,50.838,71.17,normal,healthy,synthetic_prototype_dataset
2026-08-06T02:00:00,HV-2026-001,1,32.68,75.95,50.91,68.7,normal,warning,synthetic_prototype_dataset
2026-08-06T03:00:00,HV-2026-001,1,33.31,72.81,50.881,74.94,normal,healthy,synthetic_prototype_dataset
2026-08-06T04:00:00,HV-2026-001,1,33.43,70.67,50.86,78.14,normal,healthy,synthetic_prototype_dataset
2026-08-06T05:00:00,HV-2026-001,1,32.29,67.59,50.925,76.06,normal,healthy,synthetic_prototype_dataset
2026-08-06T06:00:00,HV-2026-001,1,33.36,67.78,50.984,80.59,normal,healthy,synthetic_prototype_dataset
2026-08-06T07:00:00,HV-2026-001,1,34.32,66.31,51.035,78.76,normal,healthy,synthetic_prototype_dataset
2026-08-06T08:00:00,HV-2026-001,1,34.28,62.25,51.022,76.28,normal,healthy,synthetic_prototype_dataset
2026-08-06T09:00:00,HV-2026-001,1,34.38,61.66,51.107,81.21,normal,healthy,synthetic_prototype_dataset
2026-08-06T10:00:00,HV-2026-001,1,35.17,62.06,51.136,85.08,normal,healthy,synthetic_prototype_dataset
2026-08-06T11:00:00,HV-2026-001,1,34.73,61.79,51.199,80.36,normal,healthy,synthetic_prototype_dataset
2026-08-06T12:00:00,HV-2026-001,1,34.96,62.14,51.235,87.47,normal,healthy,synthetic_prototype_dataset
2026-08-06T13:00:00,HV-2026-001,1,35.09,57.55,51.296,82.23,normal,healthy,synthetic_prototype_dataset
2026-08-06T14:00:00,HV-2026-001,1,34.43,62.05,51.351,87.06,normal,healthy,synthetic_prototype_dataset
2026-08-06T15:00:00,HV-2026-001,1,34.71,61.12,51.392,91.23,normal,healthy,synthetic_prototype_dataset
2026-08-06T16:00:00,HV-2026-001,1,33.91,62.75,51.419,83.97,normal,healthy,synthetic_prototype_dataset
2026-08-06T17:00:00,HV-2026-001,1,33.51,67.19,51.466,85.25,normal,healthy,synthetic_prototype_dataset
2026-08-06T18:00:00,HV-2026-001,1,32.9,65.97,51.551,89.35,normal,healthy,synthetic_prototype_dataset
2026-08-06T19:00:00,HV-2026-001,1,33.84,68.62,51.592,85.21,normal,healthy,synthetic_prototype_dataset
2026-08-06T20:00:00,HV-2026-001,1,33.36,69.07,51.647,86.67,normal,healthy,synthetic_prototype_dataset
2026-08-06T21:00:00,HV-2026-001,1,32.75,71.76,51.667,90.35,normal,healthy,synthetic_prototype_dataset
2026-08-06T22:00:00,HV-2026-001,1,32.34,71.07,51.748,91.8,normal,healthy,synthetic_prototype_dataset
2026-08-06T23:00:00,HV-2026-001,1,31.99,73.96,51.747,82.96,normal,healthy,synthetic_prototype_dataset
2026-08-07T00:00:00,HV-2026-001,1,32.7,70.27,51.804,75.12,normal,healthy,synthetic_prototype_dataset
2026-08-07T01:00:00,HV-2026-001,1,32.18,73.84,51.85,73.11,normal,healthy,synthetic_prototype_dataset
2026-08-07T02:00:00,HV-2026-001,1,32.73,72.6,51.831,75.41,normal,healthy,synthetic_prototype_dataset
2026-08-07T03:00:00,HV-2026-001,1,33.23,74.31,51.881,71.83,normal,healthy,synthetic_prototype_dataset
2026-08-07T04:00:00,HV-2026-001,1,33.1,71.37,51.931,78.75,normal,healthy,synthetic_prototype_dataset
2026-08-07T05:00:00,HV-2026-001,1,33.36,68.02,51.935,69.36,normal,warning,synthetic_prototype_dataset
2026-08-07T06:00:00,HV-2026-001,1,33.68,66.67,51.98,71.32,normal,healthy,synthetic_prototype_dataset
2026-08-07T07:00:00,HV-2026-001,1,34.16,68.22,52.007,77.61,normal,healthy,synthetic_prototype_dataset
2026-08-07T08:00:00,HV-2026-001,1,34.32,66.5,52.001,80.33,normal,healthy,synthetic_prototype_dataset
2026-08-07T09:00:00,HV-2026-001,1,34.09,60.4,52.033,86.07,normal,healthy,synthetic_prototype_dataset
2026-08-07T10:00:00,HV-2026-001,1,35.47,61.08,52.058,91.72,normal,healthy,synthetic_prototype_dataset
2026-08-07T11:00:00,HV-2026-001,1,34.59,58.55,52.036,89.41,normal,healthy,synthetic_prototype_dataset
2026-08-07T12:00:00,HV-2026-001,1,35.27,63.69,52.03,91.0,normal,healthy,synthetic_prototype_dataset
2026-08-07T13:00:00,HV-2026-001,1,34.82,61.03,52.016,92.25,normal,healthy,synthetic_prototype_dataset
2026-08-07T14:00:00,HV-2026-001,1,35.01,60.21,52.08,85.45,normal,healthy,synthetic_prototype_dataset
2026-08-07T15:00:00,HV-2026-001,1,34.19,60.55,52.056,91.95,normal,healthy,synthetic_prototype_dataset
2026-08-07T16:00:00,HV-2026-001,1,34.72,61.58,52.106,88.59,normal,healthy,synthetic_prototype_dataset
2026-08-07T17:00:00,HV-2026-001,1,34.02,63.4,52.109,93.56,normal,healthy,synthetic_prototype_dataset
2026-08-07T18:00:00,HV-2026-001,1,33.5,69.98,52.14,86.76,normal,healthy,synthetic_prototype_dataset
2026-08-07T19:00:00,HV-2026-001,1,33.75,69.29,52.191,94.05,normal,healthy,synthetic_prototype_dataset
2026-08-07T20:00:00,HV-2026-001,1,32.59,69.61,52.21,85.01,normal,healthy,synthetic_prototype_dataset
2026-08-07T21:00:00,HV-2026-001,1,32.49,73.69,52.243,84.22,normal,healthy,synthetic_prototype_dataset
2026-08-07T22:00:00,HV-2026-001,1,31.71,75.4,52.265,85.58,normal,warning,synthetic_prototype_dataset
2026-08-07T23:00:00,HV-2026-001,1,32.15,70.44,52.34,85.73,normal,healthy,synthetic_prototype_dataset
2026-08-08T00:00:00,HV-2026-001,1,32.8,73.58,52.415,76.9,normal,healthy,synthetic_prototype_dataset
2026-08-08T01:00:00,HV-2026-001,1,32.61,74.54,52.462,77.22,normal,healthy,synthetic_prototype_dataset
2026-08-08T02:00:00,HV-2026-001,1,32.25,76.0,52.455,75.32,normal,warning,synthetic_prototype_dataset
2026-08-08T03:00:00,HV-2026-001,1,32.57,72.16,52.465,77.1,normal,healthy,synthetic_prototype_dataset
2026-08-08T04:00:00,HV-2026-001,1,32.75,67.14,52.49,72.15,normal,healthy,synthetic_prototype_dataset
2026-08-08T05:00:00,HV-2026-001,1,32.36,68.54,52.532,77.84,normal,healthy,synthetic_prototype_dataset
2026-08-08T06:00:00,HV-2026-001,1,33.74,63.01,52.51,82.91,normal,healthy,synthetic_prototype_dataset
2026-08-08T07:00:00,HV-2026-001,1,33.35,65.77,52.511,78.11,normal,healthy,synthetic_prototype_dataset
2026-08-08T08:00:00,HV-2026-001,1,33.84,64.0,52.545,78.05,normal,healthy,synthetic_prototype_dataset
2026-08-08T09:00:00,HV-2026-001,1,33.93,62.02,52.537,82.85,normal,healthy,synthetic_prototype_dataset
2026-08-08T10:00:00,HV-2026-001,1,35.79,62.85,52.6,82.7,normal,healthy,synthetic_prototype_dataset
2026-08-08T11:00:00,HV-2026-001,1,33.86,57.34,52.685,81.76,normal,healthy,synthetic_prototype_dataset
2026-08-08T12:00:00,HV-2026-001,1,34.47,59.19,52.69,81.61,normal,healthy,synthetic_prototype_dataset
2026-08-08T13:00:00,HV-2026-001,1,34.71,58.12,52.707,84.37,normal,healthy,synthetic_prototype_dataset
2026-08-08T14:00:00,HV-2026-001,1,34.84,60.01,52.743,90.21,normal,healthy,synthetic_prototype_dataset
2026-08-08T15:00:00,HV-2026-001,1,34.34,61.04,52.801,91.27,normal,healthy,synthetic_prototype_dataset
2026-08-08T16:00:00,HV-2026-001,1,34.06,63.13,52.811,86.51,normal,healthy,synthetic_prototype_dataset
2026-08-08T17:00:00,HV-2026-001,1,34.16,65.48,52.861,90.86,normal,healthy,synthetic_prototype_dataset
2026-08-08T18:00:00,HV-2026-001,1,33.5,67.74,52.923,93.19,normal,healthy,synthetic_prototype_dataset
2026-08-08T19:00:00,HV-2026-001,1,33.1,70.79,52.956,92.09,normal,healthy,synthetic_prototype_dataset
2026-08-08T20:00:00,HV-2026-001,1,32.96,70.43,52.955,91.98,normal,healthy,synthetic_prototype_dataset
2026-08-08T21:00:00,HV-2026-001,1,33.84,70.76,52.983,87.37,normal,healthy,synthetic_prototype_dataset
2026-08-08T22:00:00,HV-2026-001,1,32.13,75.33,52.984,86.24,normal,warning,synthetic_prototype_dataset
2026-08-08T23:00:00,HV-2026-001,1,31.51,71.88,52.95,89.32,normal,healthy,synthetic_prototype_dataset
2026-08-09T00:00:00,HV-2026-001,1,33.39,72.96,52.916,79.15,normal,healthy,synthetic_prototype_dataset
2026-08-09T01:00:00,HV-2026-001,1,31.85,75.72,52.931,73.29,normal,warning,synthetic_prototype_dataset
2026-08-09T02:00:00,HV-2026-001,1,32.23,74.04,52.948,74.26,normal,healthy,synthetic_prototype_dataset
2026-08-09T03:00:00,HV-2026-001,1,32.42,69.28,52.987,69.75,normal,warning,synthetic_prototype_dataset
2026-08-09T04:00:00,HV-2026-001,1,32.58,71.48,53.023,78.07,normal,healthy,synthetic_prototype_dataset
2026-08-09T05:00:00,HV-2026-001,1,33.07,70.54,53.08,77.56,normal,healthy,synthetic_prototype_dataset
2026-08-09T06:00:00,HV-2026-001,1,33.85,67.97,53.09,71.3,normal,healthy,synthetic_prototype_dataset
2026-08-09T07:00:00,HV-2026-001,1,33.96,65.79,53.153,74.55,normal,healthy,synthetic_prototype_dataset
2026-08-09T08:00:00,HV-2026-001,1,33.68,63.95,53.18,73.02,normal,healthy,synthetic_prototype_dataset
2026-08-09T09:00:00,HV-2026-001,1,34.52,58.33,53.181,86.09,normal,healthy,synthetic_prototype_dataset
2026-08-09T10:00:00,HV-2026-001,1,35.38,58.37,53.207,83.15,normal,healthy,synthetic_prototype_dataset
2026-08-09T11:00:00,HV-2026-001,1,35.49,58.97,53.231,89.94,normal,healthy,synthetic_prototype_dataset
2026-08-09T12:00:00,HV-2026-001,1,34.57,60.92,53.222,85.3,normal,healthy,synthetic_prototype_dataset
2026-08-09T13:00:00,HV-2026-001,1,33.94,57.96,53.294,86.93,normal,healthy,synthetic_prototype_dataset
2026-08-09T14:00:00,HV-2026-001,1,34.42,59.21,53.329,89.18,normal,healthy,synthetic_prototype_dataset
2026-08-09T15:00:00,HV-2026-001,1,34.8,56.94,53.34,89.49,normal,healthy,synthetic_prototype_dataset
2026-08-09T16:00:00,HV-2026-001,1,34.04,63.84,53.388,88.46,normal,healthy,synthetic_prototype_dataset
2026-08-09T17:00:00,HV-2026-001,1,33.53,64.36,53.462,87.32,normal,healthy,synthetic_prototype_dataset
2026-08-09T18:00:00,HV-2026-001,1,33.41,66.95,53.546,88.95,normal,healthy,synthetic_prototype_dataset
2026-08-09T19:00:00,HV-2026-001,1,33.53,70.65,53.569,89.14,normal,healthy,synthetic_prototype_dataset
2026-08-09T20:00:00,HV-2026-001,1,32.64,69.66,53.624,90.33,normal,healthy,synthetic_prototype_dataset
2026-08-09T21:00:00,HV-2026-001,1,32.62,69.54,53.615,96.44,normal,healthy,synthetic_prototype_dataset
2026-08-09T22:00:00,HV-2026-001,1,32.23,71.29,53.69,89.11,normal,healthy,synthetic_prototype_dataset
2026-08-09T23:00:00,HV-2026-001,1,32.44,73.13,53.704,86.51,normal,healthy,synthetic_prototype_dataset
2026-08-10T00:00:00,HV-2026-001,1,31.47,73.57,53.739,82.48,normal,healthy,synthetic_prototype_dataset
2026-08-10T01:00:00,HV-2026-001,1,32.18,69.29,53.761,85.59,normal,healthy,synthetic_prototype_dataset
2026-08-10T02:00:00,HV-2026-001,1,32.66,71.33,53.807,73.4,normal,healthy,synthetic_prototype_dataset
2026-08-10T03:00:00,HV-2026-001,1,31.87,71.05,53.835,69.45,normal,warning,synthetic_prototype_dataset
2026-08-10T04:00:00,HV-2026-001,1,32.23,70.25,53.845,77.38,normal,healthy,synthetic_prototype_dataset
2026-08-10T05:00:00,HV-2026-001,1,32.51,69.83,53.829,81.75,normal,healthy,synthetic_prototype_dataset
2026-08-10T06:00:00,HV-2026-001,1,32.62,64.77,53.869,81.82,normal,healthy,synthetic_prototype_dataset
2026-08-10T07:00:00,HV-2026-001,1,33.87,65.93,53.894,74.23,normal,healthy,synthetic_prototype_dataset
2026-08-10T08:00:00,HV-2026-001,1,33.82,61.05,53.879,81.03,normal,healthy,synthetic_prototype_dataset
2026-08-10T09:00:00,HV-2026-001,1,33.81,62.36,53.868,82.39,normal,healthy,synthetic_prototype_dataset
2026-08-10T10:00:00,HV-2026-001,1,34.3,63.2,53.917,87.33,normal,healthy,synthetic_prototype_dataset
2026-08-10T11:00:00,HV-2026-001,1,34.31,60.07,53.923,83.08,normal,healthy,synthetic_prototype_dataset
2026-08-10T12:00:00,HV-2026-001,1,34.58,58.43,53.923,80.95,normal,healthy,synthetic_prototype_dataset
2026-08-10T13:00:00,HV-2026-001,1,33.6,58.07,53.988,81.51,normal,healthy,synthetic_prototype_dataset
2026-08-10T14:00:00,HV-2026-001,1,33.9,63.89,54.008,89.25,normal,healthy,synthetic_prototype_dataset
2026-08-10T15:00:00,HV-2026-001,1,34.6,62.97,53.995,88.13,normal,healthy,synthetic_prototype_dataset
2026-08-10T16:00:00,HV-2026-001,1,33.32,67.64,53.977,85.86,normal,healthy,synthetic_prototype_dataset
2026-08-10T17:00:00,HV-2026-001,1,33.26,62.23,54.058,98.0,normal,healthy,synthetic_prototype_dataset
2026-08-10T18:00:00,HV-2026-001,1,33.18,64.36,54.01,89.15,normal,healthy,synthetic_prototype_dataset
2026-08-10T19:00:00,HV-2026-001,1,32.91,67.37,54.042,91.26,normal,healthy,synthetic_prototype_dataset
2026-08-10T20:00:00,HV-2026-001,1,32.89,69.66,54.029,91.85,normal,healthy,synthetic_prototype_dataset
2026-08-10T21:00:00,HV-2026-001,1,32.48,73.28,54.082,83.96,normal,healthy,synthetic_prototype_dataset
2026-08-10T22:00:00,HV-2026-001,1,31.62,71.43,54.07,90.77,normal,healthy,synthetic_prototype_dataset
2026-08-10T23:00:00,HV-2026-001,1,32.3,75.47,54.108,87.51,normal,warning,synthetic_prototype_dataset
2026-08-11T00:00:00,HV-2026-001,1,32.6,74.67,54.136,81.18,normal,healthy,synthetic_prototype_dataset
2026-08-11T01:00:00,HV-2026-001,1,32.16,73.04,54.132,78.46,normal,healthy,synthetic_prototype_dataset
2026-08-11T02:00:00,HV-2026-001,1,32.79,72.8,54.202,69.1,normal,warning,synthetic_prototype_dataset
2026-08-11T03:00:00,HV-2026-001,1,32.42,71.7,54.202,84.34,normal,healthy,synthetic_prototype_dataset
2026-08-11T04:00:00,HV-2026-001,1,32.68,69.59,54.228,68.99,normal,warning,synthetic_prototype_dataset
2026-08-11T05:00:00,HV-2026-001,1,32.68,70.41,54.231,73.1,normal,healthy,synthetic_prototype_dataset
2026-08-11T06:00:00,HV-2026-001,1,33.95,69.24,54.274,74.41,normal,healthy,synthetic_prototype_dataset
2026-08-11T07:00:00,HV-2026-001,1,33.59,63.57,54.264,74.17,normal,healthy,synthetic_prototype_dataset
2026-08-11T08:00:00,HV-2026-001,1,33.73,61.46,54.239,80.39,normal,healthy,synthetic_prototype_dataset
2026-08-11T09:00:00,HV-2026-001,1,34.39,64.94,54.25,82.39,normal,healthy,synthetic_prototype_dataset
2026-08-11T10:00:00,HV-2026-001,1,34.63,60.31,54.313,85.71,normal,healthy,synthetic_prototype_dataset
2026-08-11T11:00:00,HV-2026-001,1,34.76,59.61,54.341,79.74,normal,healthy,synthetic_prototype_dataset
2026-08-11T12:00:00,HV-2026-001,1,34.3,58.71,54.344,87.44,normal,healthy,synthetic_prototype_dataset
2026-08-11T13:00:00,HV-2026-001,1,35.15,58.43,54.397,83.49,normal,healthy,synthetic_prototype_dataset
2026-08-11T14:00:00,HV-2026-001,1,34.35,59.52,54.461,85.75,normal,healthy,synthetic_prototype_dataset
2026-08-11T15:00:00,HV-2026-001,1,34.74,61.44,54.479,84.55,normal,healthy,synthetic_prototype_dataset
2026-08-11T16:00:00,HV-2026-001,1,34.12,64.94,54.526,97.36,normal,healthy,synthetic_prototype_dataset
2026-08-11T17:00:00,HV-2026-001,1,34.34,64.46,54.549,91.52,normal,healthy,synthetic_prototype_dataset
2026-08-11T18:00:00,HV-2026-001,1,32.98,68.93,54.591,90.9,normal,healthy,synthetic_prototype_dataset
2026-08-11T19:00:00,HV-2026-001,1,33.33,71.74,54.622,89.48,normal,healthy,synthetic_prototype_dataset
2026-08-11T20:00:00,HV-2026-001,1,33.39,72.07,54.636,89.54,normal,healthy,synthetic_prototype_dataset
2026-08-11T21:00:00,HV-2026-001,1,32.53,72.43,54.613,83.54,normal,healthy,synthetic_prototype_dataset
2026-08-11T22:00:00,HV-2026-001,1,31.84,71.15,54.616,90.35,normal,healthy,synthetic_prototype_dataset
2026-08-11T23:00:00,HV-2026-001,1,32.03,73.94,54.598,85.49,normal,healthy,synthetic_prototype_dataset
2026-08-12T00:00:00,HV-2026-001,1,32.3,74.97,54.598,76.57,normal,healthy,synthetic_prototype_dataset
2026-08-12T01:00:00,HV-2026-001,1,33.07,73.63,54.598,75.39,normal,healthy,synthetic_prototype_dataset
2026-08-12T02:00:00,HV-2026-001,1,32.25,72.69,54.622,70.95,normal,healthy,synthetic_prototype_dataset
2026-08-12T03:00:00,HV-2026-001,1,31.98,71.58,54.642,74.02,normal,healthy,synthetic_prototype_dataset
2026-08-12T04:00:00,HV-2026-001,1,32.6,70.51,54.698,75.65,normal,healthy,synthetic_prototype_dataset
2026-08-12T05:00:00,HV-2026-001,1,33.18,67.74,54.743,77.32,normal,healthy,synthetic_prototype_dataset
2026-08-12T06:00:00,HV-2026-001,1,33.72,68.19,54.788,75.66,normal,healthy,synthetic_prototype_dataset
2026-08-12T07:00:00,HV-2026-001,1,33.78,67.0,54.79,75.63,normal,healthy,synthetic_prototype_dataset
2026-08-12T08:00:00,HV-2026-001,1,34.07,64.15,54.791,79.36,normal,healthy,synthetic_prototype_dataset
2026-08-12T09:00:00,HV-2026-001,1,34.21,57.96,54.818,80.81,normal,healthy,synthetic_prototype_dataset
2026-08-12T10:00:00,HV-2026-001,1,34.39,63.39,54.813,80.11,normal,healthy,synthetic_prototype_dataset
2026-08-12T11:00:00,HV-2026-001,1,33.41,59.27,54.84,82.74,normal,healthy,synthetic_prototype_dataset
2026-08-12T12:00:00,HV-2026-001,1,35.13,61.45,54.885,84.6,normal,healthy,synthetic_prototype_dataset
2026-08-12T13:00:00,HV-2026-001,1,35.05,60.11,54.899,81.1,normal,healthy,synthetic_prototype_dataset
2026-08-12T14:00:00,HV-2026-001,1,34.26,62.2,55.021,88.34,normal,healthy,synthetic_prototype_dataset
2026-08-12T15:00:00,HV-2026-001,1,33.91,59.82,55.081,82.76,normal,healthy,synthetic_prototype_dataset
2026-08-12T16:00:00,HV-2026-001,1,34.23,64.87,55.134,88.75,normal,healthy,synthetic_prototype_dataset
2026-08-12T17:00:00,HV-2026-001,1,33.92,65.4,55.141,96.36,normal,healthy,synthetic_prototype_dataset
2026-08-12T18:00:00,HV-2026-001,1,33.18,68.3,55.086,94.47,normal,healthy,synthetic_prototype_dataset
2026-08-12T19:00:00,HV-2026-001,1,33.66,68.77,55.13,91.84,normal,healthy,synthetic_prototype_dataset
2026-08-12T20:00:00,HV-2026-001,1,32.4,71.39,55.127,87.39,normal,healthy,synthetic_prototype_dataset
2026-08-12T21:00:00,HV-2026-001,1,32.92,73.61,55.127,86.37,normal,healthy,synthetic_prototype_dataset
2026-08-12T22:00:00,HV-2026-001,1,31.92,74.28,55.117,89.37,normal,healthy,synthetic_prototype_dataset
2026-08-12T23:00:00,HV-2026-001,1,32.41,73.5,55.178,86.04,normal,healthy,synthetic_prototype_dataset
2026-08-13T00:00:00,HV-2026-001,1,31.92,72.2,55.238,73.32,normal,healthy,synthetic_prototype_dataset
2026-08-13T01:00:00,HV-2026-001,1,32.22,73.59,55.226,73.87,normal,healthy,synthetic_prototype_dataset
2026-08-13T02:00:00,HV-2026-001,1,32.81,73.38,55.216,77.07,normal,healthy,synthetic_prototype_dataset
2026-08-13T03:00:00,HV-2026-001,1,32.33,78.12,55.251,72.48,normal,warning,synthetic_prototype_dataset
2026-08-13T04:00:00,HV-2026-001,1,33.3,67.14,55.279,82.98,normal,healthy,synthetic_prototype_dataset
2026-08-13T05:00:00,HV-2026-001,1,32.93,65.65,55.29,81.09,normal,healthy,synthetic_prototype_dataset
2026-08-13T06:00:00,HV-2026-001,1,33.48,65.45,55.292,74.04,normal,healthy,synthetic_prototype_dataset
2026-08-13T07:00:00,HV-2026-001,1,33.81,67.55,55.353,79.42,normal,healthy,synthetic_prototype_dataset
2026-08-13T08:00:00,HV-2026-001,1,33.37,61.07,55.402,74.91,normal,healthy,synthetic_prototype_dataset
2026-08-13T09:00:00,HV-2026-001,1,34.13,62.55,55.396,77.77,normal,healthy,synthetic_prototype_dataset
2026-08-13T10:00:00,HV-2026-001,1,34.4,61.8,55.471,85.12,normal,healthy,synthetic_prototype_dataset
2026-08-13T11:00:00,HV-2026-001,1,34.6,58.85,55.474,82.73,normal,healthy,synthetic_prototype_dataset
2026-08-13T12:00:00,HV-2026-001,1,34.8,60.56,55.443,83.15,normal,healthy,synthetic_prototype_dataset
2026-08-13T13:00:00,HV-2026-001,1,35.11,60.34,55.436,95.35,normal,healthy,synthetic_prototype_dataset
2026-08-13T14:00:00,HV-2026-001,1,34.43,61.59,55.493,86.84,normal,healthy,synthetic_prototype_dataset
2026-08-13T15:00:00,HV-2026-001,1,33.91,65.83,55.568,91.81,normal,healthy,synthetic_prototype_dataset
2026-08-13T16:00:00,HV-2026-001,1,34.22,61.65,55.651,86.57,normal,healthy,synthetic_prototype_dataset
2026-08-13T17:00:00,HV-2026-001,1,33.78,62.19,55.613,90.99,normal,healthy,synthetic_prototype_dataset
2026-08-13T18:00:00,HV-2026-001,1,32.95,63.38,55.662,97.42,normal,healthy,synthetic_prototype_dataset
2026-08-13T19:00:00,HV-2026-001,1,33.6,68.3,55.687,92.99,normal,healthy,synthetic_prototype_dataset
2026-08-13T20:00:00,HV-2026-001,1,33.17,69.84,55.713,90.58,normal,healthy,synthetic_prototype_dataset
2026-08-13T21:00:00,HV-2026-001,1,32.65,71.67,55.734,93.76,normal,healthy,synthetic_prototype_dataset
2026-08-13T22:00:00,HV-2026-001,1,32.73,73.88,55.819,86.77,normal,healthy,synthetic_prototype_dataset
2026-08-13T23:00:00,HV-2026-001,1,32.79,74.69,55.959,82.93,normal,healthy,synthetic_prototype_dataset
2026-08-14T00:00:00,HV-2026-001,1,31.69,74.74,55.998,82.83,normal,healthy,synthetic_prototype_dataset
2026-08-14T01:00:00,HV-2026-001,1,31.75,75.38,56.063,78.2,normal,warning,synthetic_prototype_dataset
2026-08-14T02:00:00,HV-2026-001,1,31.75,75.59,56.131,77.69,normal,warning,synthetic_prototype_dataset
2026-08-14T03:00:00,HV-2026-001,1,32.48,72.35,56.154,78.24,normal,healthy,synthetic_prototype_dataset
2026-08-14T04:00:00,HV-2026-001,1,32.67,68.96,56.142,73.37,normal,healthy,synthetic_prototype_dataset
2026-08-14T05:00:00,HV-2026-001,1,33.07,68.75,56.174,77.75,normal,healthy,synthetic_prototype_dataset
2026-08-14T06:00:00,HV-2026-001,1,33.02,69.63,56.19,74.48,normal,healthy,synthetic_prototype_dataset
2026-08-14T07:00:00,HV-2026-001,1,33.86,61.87,56.187,81.26,normal,healthy,synthetic_prototype_dataset
2026-08-14T08:00:00,HV-2026-001,1,33.17,65.5,56.27,78.33,normal,healthy,synthetic_prototype_dataset
2026-08-14T09:00:00,HV-2026-001,1,34.35,64.05,56.288,84.39,normal,healthy,synthetic_prototype_dataset
2026-08-14T10:00:00,HV-2026-001,1,34.13,60.07,56.297,84.2,normal,healthy,synthetic_prototype_dataset
2026-08-14T11:00:00,HV-2026-001,1,35.08,59.9,56.293,80.73,normal,healthy,synthetic_prototype_dataset
2026-08-14T12:00:00,HV-2026-001,1,34.78,63.31,56.35,84.55,normal,healthy,synthetic_prototype_dataset
2026-08-14T13:00:00,HV-2026-001,1,34.9,59.8,56.379,83.75,normal,healthy,synthetic_prototype_dataset
2026-08-14T14:00:00,HV-2026-001,1,35.06,56.36,56.45,86.5,normal,healthy,synthetic_prototype_dataset
2026-08-14T15:00:00,HV-2026-001,1,34.04,65.09,56.465,86.55,normal,healthy,synthetic_prototype_dataset
2026-08-14T16:00:00,HV-2026-001,1,33.9,64.23,56.488,84.01,normal,healthy,synthetic_prototype_dataset
2026-08-14T17:00:00,HV-2026-001,1,33.25,67.48,56.524,91.46,normal,healthy,synthetic_prototype_dataset
2026-08-14T18:00:00,HV-2026-001,1,33.19,65.8,56.613,89.34,normal,healthy,synthetic_prototype_dataset
2026-08-14T19:00:00,HV-2026-001,1,32.77,70.77,56.612,87.8,normal,healthy,synthetic_prototype_dataset
2026-08-14T20:00:00,HV-2026-001,1,32.66,70.49,56.646,96.84,normal,healthy,synthetic_prototype_dataset
2026-08-14T21:00:00,HV-2026-001,1,32.54,67.66,56.683,89.07,normal,healthy,synthetic_prototype_dataset
2026-08-14T22:00:00,HV-2026-001,1,32.2,73.49,56.707,87.94,normal,healthy,synthetic_prototype_dataset
2026-08-14T23:00:00,HV-2026-001,1,32.32,72.77,56.699,97.69,normal,healthy,synthetic_prototype_dataset
2026-08-15T00:00:00,HV-2026-001,1,31.68,74.18,56.671,76.41,normal,healthy,synthetic_prototype_dataset
2026-08-15T01:00:00,HV-2026-001,1,31.62,72.97,56.733,77.65,normal,healthy,synthetic_prototype_dataset
2026-08-15T02:00:00,HV-2026-001,1,32.43,69.87,56.822,71.83,normal,healthy,synthetic_prototype_dataset
2026-08-15T03:00:00,HV-2026-001,1,33.07,73.79,56.867,73.01,normal,healthy,synthetic_prototype_dataset
2026-08-15T04:00:00,HV-2026-001,1,32.72,69.65,56.893,75.13,normal,healthy,synthetic_prototype_dataset
2026-08-15T05:00:00,HV-2026-001,1,32.05,70.83,56.916,74.3,normal,healthy,synthetic_prototype_dataset
2026-08-15T06:00:00,HV-2026-001,1,33.05,67.65,56.909,68.11,normal,warning,synthetic_prototype_dataset
2026-08-15T07:00:00,HV-2026-001,1,33.82,66.12,56.927,73.81,normal,healthy,synthetic_prototype_dataset
2026-08-15T08:00:00,HV-2026-001,1,33.99,60.86,56.921,77.0,normal,healthy,synthetic_prototype_dataset
2026-08-15T09:00:00,HV-2026-001,1,34.6,61.4,56.939,88.2,normal,healthy,synthetic_prototype_dataset
2026-08-15T10:00:00,HV-2026-001,1,34.58,61.55,56.964,80.91,normal,healthy,synthetic_prototype_dataset
2026-08-15T11:00:00,HV-2026-001,1,33.57,61.98,57.02,83.9,normal,healthy,synthetic_prototype_dataset
2026-08-15T12:00:00,HV-2026-001,1,34.54,61.33,57.008,83.83,normal,healthy,synthetic_prototype_dataset
2026-08-15T13:00:00,HV-2026-001,1,34.04,63.43,57.082,79.4,normal,healthy,synthetic_prototype_dataset
2026-08-15T14:00:00,HV-2026-001,1,33.74,60.7,57.108,83.49,normal,healthy,synthetic_prototype_dataset
2026-08-15T15:00:00,HV-2026-001,1,35.09,62.61,57.165,86.51,normal,healthy,synthetic_prototype_dataset
2026-08-15T16:00:00,HV-2026-001,1,34.28,62.82,57.193,91.66,normal,healthy,synthetic_prototype_dataset
2026-08-15T17:00:00,HV-2026-001,1,32.9,68.06,57.233,94.36,normal,healthy,synthetic_prototype_dataset
2026-08-15T18:00:00,HV-2026-001,1,32.82,65.34,57.222,90.88,normal,healthy,synthetic_prototype_dataset
2026-08-15T19:00:00,HV-2026-001,1,32.99,67.98,57.212,85.45,normal,healthy,synthetic_prototype_dataset
2026-08-15T20:00:00,HV-2026-001,1,32.63,69.66,57.213,94.94,normal,healthy,synthetic_prototype_dataset
2026-08-15T21:00:00,HV-2026-001,1,32.34,74.24,57.219,89.79,normal,healthy,synthetic_prototype_dataset
2026-08-15T22:00:00,HV-2026-001,1,32.15,70.01,57.294,87.65,normal,healthy,synthetic_prototype_dataset
2026-08-15T23:00:00,HV-2026-001,1,32.38,72.41,57.313,84.07,normal,healthy,synthetic_prototype_dataset
2026-08-16T00:00:00,HV-2026-001,1,32.56,74.55,57.351,80.75,normal,healthy,synthetic_prototype_dataset
2026-08-16T01:00:00,HV-2026-001,1,32.57,75.13,57.326,73.48,normal,warning,synthetic_prototype_dataset
2026-08-16T02:00:00,HV-2026-001,1,31.73,74.36,57.357,71.13,normal,healthy,synthetic_prototype_dataset
2026-08-16T03:00:00,HV-2026-001,1,32.3,69.25,57.38,70.21,normal,healthy,synthetic_prototype_dataset
2026-08-16T04:00:00,HV-2026-001,1,32.89,71.17,57.472,78.97,normal,healthy,synthetic_prototype_dataset
2026-08-16T05:00:00,HV-2026-001,1,32.78,70.27,57.448,72.63,normal,healthy,synthetic_prototype_dataset
2026-08-16T06:00:00,HV-2026-001,1,33.45,63.1,57.472,72.43,normal,healthy,synthetic_prototype_dataset
2026-08-16T07:00:00,HV-2026-001,1,33.69,63.24,57.512,77.9,normal,healthy,synthetic_prototype_dataset
2026-08-16T08:00:00,HV-2026-001,1,34.58,63.5,57.515,78.76,normal,healthy,synthetic_prototype_dataset
2026-08-16T09:00:00,HV-2026-001,1,33.62,62.77,57.569,90.0,normal,healthy,synthetic_prototype_dataset
2026-08-16T10:00:00,HV-2026-001,1,34.15,60.44,57.587,83.74,normal,healthy,synthetic_prototype_dataset
2026-08-16T11:00:00,HV-2026-001,1,34.73,60.13,57.665,82.36,normal,healthy,synthetic_prototype_dataset
2026-08-16T12:00:00,HV-2026-001,1,35.05,60.96,57.707,84.8,normal,healthy,synthetic_prototype_dataset
2026-08-16T13:00:00,HV-2026-001,1,35.65,58.76,57.761,84.48,normal,healthy,synthetic_prototype_dataset
2026-08-16T14:00:00,HV-2026-001,1,35.23,62.52,57.78,89.92,normal,healthy,synthetic_prototype_dataset
2026-08-16T15:00:00,HV-2026-001,1,34.34,61.11,57.847,90.3,normal,healthy,synthetic_prototype_dataset
2026-08-16T16:00:00,HV-2026-001,1,34.05,63.41,57.899,90.33,normal,healthy,synthetic_prototype_dataset
2026-08-16T17:00:00,HV-2026-001,1,33.67,64.02,57.993,86.2,normal,healthy,synthetic_prototype_dataset
2026-08-16T18:00:00,HV-2026-001,1,33.5,66.41,58.084,86.84,normal,healthy,synthetic_prototype_dataset
2026-08-16T19:00:00,HV-2026-001,1,32.64,67.06,58.12,85.07,normal,healthy,synthetic_prototype_dataset
2026-08-16T20:00:00,HV-2026-001,1,32.44,66.61,58.154,87.77,normal,healthy,synthetic_prototype_dataset
2026-08-16T21:00:00,HV-2026-001,1,31.71,73.89,58.133,91.72,normal,healthy,synthetic_prototype_dataset
2026-08-16T22:00:00,HV-2026-001,1,31.86,75.93,58.184,83.94,normal,warning,synthetic_prototype_dataset
2026-08-16T23:00:00,HV-2026-001,1,31.64,74.84,58.2,86.51,normal,healthy,synthetic_prototype_dataset
2026-08-17T00:00:00,HV-2026-001,1,32.59,72.61,58.228,79.34,normal,healthy,synthetic_prototype_dataset
2026-08-17T01:00:00,HV-2026-001,1,32.42,73.43,58.243,69.91,normal,warning,synthetic_prototype_dataset
2026-08-17T02:00:00,HV-2026-001,1,31.71,73.59,58.263,76.26,normal,healthy,synthetic_prototype_dataset
2026-08-17T03:00:00,HV-2026-001,1,32.86,69.77,58.28,76.66,normal,healthy,synthetic_prototype_dataset
2026-08-17T04:00:00,HV-2026-001,1,32.35,73.03,58.337,77.02,normal,healthy,synthetic_prototype_dataset
2026-08-17T05:00:00,HV-2026-001,1,33.79,66.07,58.362,77.28,normal,healthy,synthetic_prototype_dataset
2026-08-17T06:00:00,HV-2026-001,1,32.9,67.5,58.348,78.42,normal,healthy,synthetic_prototype_dataset
2026-08-17T07:00:00,HV-2026-001,1,34.13,65.63,58.308,74.44,normal,healthy,synthetic_prototype_dataset
2026-08-17T08:00:00,HV-2026-001,1,34.22,63.49,58.243,83.97,normal,healthy,synthetic_prototype_dataset
2026-08-17T09:00:00,HV-2026-001,1,34.3,60.53,58.312,78.99,normal,healthy,synthetic_prototype_dataset
2026-08-17T10:00:00,HV-2026-001,1,34.13,61.54,58.412,88.68,normal,healthy,synthetic_prototype_dataset
2026-08-17T11:00:00,HV-2026-001,1,34.73,61.03,58.48,80.12,normal,healthy,synthetic_prototype_dataset
2026-08-17T12:00:00,HV-2026-001,1,34.91,58.63,58.534,85.1,normal,healthy,synthetic_prototype_dataset
2026-08-17T13:00:00,HV-2026-001,1,34.8,60.41,58.469,87.73,normal,healthy,synthetic_prototype_dataset
2026-08-17T14:00:00,HV-2026-001,1,34.73,61.7,58.508,93.87,normal,healthy,synthetic_prototype_dataset
2026-08-17T15:00:00,HV-2026-001,1,34.37,62.79,58.585,90.2,normal,healthy,synthetic_prototype_dataset
2026-08-17T16:00:00,HV-2026-001,1,33.56,59.07,58.606,92.19,normal,healthy,synthetic_prototype_dataset
2026-08-17T17:00:00,HV-2026-001,1,33.49,66.59,58.646,94.39,normal,healthy,synthetic_prototype_dataset
2026-08-17T18:00:00,HV-2026-001,1,33.18,67.8,58.693,95.26,normal,healthy,synthetic_prototype_dataset
2026-08-17T19:00:00,HV-2026-001,1,32.21,67.94,58.748,95.29,normal,healthy,synthetic_prototype_dataset
2026-08-17T20:00:00,HV-2026-001,1,32.77,69.93,58.799,92.56,normal,healthy,synthetic_prototype_dataset
2026-08-17T21:00:00,HV-2026-001,1,32.23,72.5,58.866,95.55,normal,healthy,synthetic_prototype_dataset
2026-08-17T22:00:00,HV-2026-001,1,32.52,73.1,58.889,90.08,normal,healthy,synthetic_prototype_dataset
2026-08-17T23:00:00,HV-2026-001,1,32.01,74.06,58.877,91.65,normal,healthy,synthetic_prototype_dataset
2026-08-18T00:00:00,HV-2026-001,1,31.52,73.12,58.905,82.97,normal,healthy,synthetic_prototype_dataset
2026-08-18T01:00:00,HV-2026-001,1,31.89,72.46,58.911,81.81,normal,healthy,synthetic_prototype_dataset
2026-08-18T02:00:00,HV-2026-001,1,30.94,71.16,59.031,78.07,normal,healthy,synthetic_prototype_dataset
2026-08-18T03:00:00,HV-2026-001,1,31.92,71.78,59.059,78.96,normal,healthy,synthetic_prototype_dataset
2026-08-18T04:00:00,HV-2026-001,1,33.51,71.1,59.065,78.75,normal,healthy,synthetic_prototype_dataset
2026-08-18T05:00:00,HV-2026-001,1,32.68,66.85,59.028,70.52,normal,healthy,synthetic_prototype_dataset
2026-08-18T06:00:00,HV-2026-001,1,32.93,64.78,59.064,71.8,normal,healthy,synthetic_prototype_dataset
2026-08-18T07:00:00,HV-2026-001,1,32.26,63.21,59.073,75.71,normal,healthy,synthetic_prototype_dataset
2026-08-18T08:00:00,HV-2026-001,1,34.67,62.3,59.133,79.56,normal,healthy,synthetic_prototype_dataset
2026-08-18T09:00:00,HV-2026-001,1,34.23,60.45,59.165,78.68,normal,healthy,synthetic_prototype_dataset
2026-08-18T10:00:00,HV-2026-001,1,34.54,60.41,59.17,86.47,normal,healthy,synthetic_prototype_dataset
2026-08-18T11:00:00,HV-2026-001,1,34.78,59.33,59.215,84.23,normal,healthy,synthetic_prototype_dataset
2026-08-18T12:00:00,HV-2026-001,1,34.24,60.03,59.236,82.59,normal,healthy,synthetic_prototype_dataset
2026-08-18T13:00:00,HV-2026-001,1,33.86,59.5,59.299,84.68,normal,healthy,synthetic_prototype_dataset
2026-08-18T14:00:00,HV-2026-001,1,35.59,62.43,59.387,90.91,normal,healthy,synthetic_prototype_dataset
2026-08-18T15:00:00,HV-2026-001,1,35.09,60.54,59.338,87.37,normal,healthy,synthetic_prototype_dataset
2026-08-18T16:00:00,HV-2026-001,1,34.24,63.67,59.385,94.15,normal,healthy,synthetic_prototype_dataset
2026-08-18T17:00:00,HV-2026-001,1,33.84,66.53,59.386,86.05,normal,healthy,synthetic_prototype_dataset
2026-08-18T18:00:00,HV-2026-001,1,34.06,67.08,59.394,87.83,normal,healthy,synthetic_prototype_dataset
2026-08-18T19:00:00,HV-2026-001,1,32.71,67.44,59.374,84.63,normal,healthy,synthetic_prototype_dataset
2026-08-18T20:00:00,HV-2026-001,1,32.6,69.33,59.438,90.55,normal,healthy,synthetic_prototype_dataset
2026-08-18T21:00:00,HV-2026-001,1,32.53,70.51,59.459,90.2,normal,healthy,synthetic_prototype_dataset
2026-08-18T22:00:00,HV-2026-001,1,32.53,72.8,59.522,88.15,normal,healthy,synthetic_prototype_dataset
2026-08-18T23:00:00,HV-2026-001,1,32.44,72.78,59.483,88.05,normal,healthy,synthetic_prototype_dataset
2026-08-19T00:00:00,HV-2026-001,1,32.39,74.86,59.523,74.78,normal,healthy,synthetic_prototype_dataset
2026-08-19T01:00:00,HV-2026-001,1,31.74,74.58,59.563,74.04,normal,healthy,synthetic_prototype_dataset
2026-08-19T02:00:00,HV-2026-001,1,32.73,71.3,59.567,81.73,normal,healthy,synthetic_prototype_dataset
2026-08-19T03:00:00,HV-2026-001,1,32.83,71.13,59.603,76.54,normal,healthy,synthetic_prototype_dataset
2026-08-19T04:00:00,HV-2026-001,1,31.47,68.7,59.626,74.75,normal,healthy,synthetic_prototype_dataset
2026-08-19T05:00:00,HV-2026-001,1,33.14,70.67,59.639,72.3,normal,healthy,synthetic_prototype_dataset
2026-08-19T06:00:00,HV-2026-001,1,33.51,66.24,59.659,74.98,normal,healthy,synthetic_prototype_dataset
2026-08-19T07:00:00,HV-2026-001,1,34.71,60.98,59.67,77.81,normal,healthy,synthetic_prototype_dataset
2026-08-19T08:00:00,HV-2026-001,1,33.66,64.95,59.729,79.46,normal,healthy,synthetic_prototype_dataset
2026-08-19T09:00:00,HV-2026-001,1,34.16,61.68,59.759,81.08,normal,healthy,synthetic_prototype_dataset
2026-08-19T10:00:00,HV-2026-001,1,34.4,61.22,59.823,78.69,normal,healthy,synthetic_prototype_dataset
2026-08-19T11:00:00,HV-2026-001,1,34.14,56.92,59.894,85.4,normal,healthy,synthetic_prototype_dataset
2026-08-19T12:00:00,HV-2026-001,1,34.89,57.25,59.999,83.77,normal,healthy,synthetic_prototype_dataset
2026-08-19T13:00:00,HV-2026-001,1,34.69,61.6,60.007,85.19,normal,healthy,synthetic_prototype_dataset
2026-08-19T14:00:00,HV-2026-001,1,34.57,65.91,60.06,93.75,normal,healthy,synthetic_prototype_dataset
2026-08-19T15:00:00,HV-2026-001,1,34.82,62.54,60.066,92.64,normal,healthy,synthetic_prototype_dataset
2026-08-19T16:00:00,HV-2026-001,1,33.34,66.21,60.111,80.25,normal,healthy,synthetic_prototype_dataset
2026-08-19T17:00:00,HV-2026-001,1,33.54,66.19,60.137,92.38,normal,healthy,synthetic_prototype_dataset
2026-08-19T18:00:00,HV-2026-001,1,32.98,64.48,60.164,90.11,normal,healthy,synthetic_prototype_dataset
2026-08-19T19:00:00,HV-2026-001,1,32.87,70.85,60.159,90.98,normal,healthy,synthetic_prototype_dataset
2026-08-19T20:00:00,HV-2026-001,1,32.74,67.53,60.138,89.56,normal,healthy,synthetic_prototype_dataset
2026-08-19T21:00:00,HV-2026-001,1,33.33,72.82,60.102,78.05,normal,healthy,synthetic_prototype_dataset
2026-08-19T22:00:00,HV-2026-001,1,32.56,72.72,60.167,85.04,normal,healthy,synthetic_prototype_dataset
2026-08-19T23:00:00,HV-2026-001,1,32.26,75.11,60.177,85.54,normal,warning,synthetic_prototype_dataset
2026-08-20T00:00:00,HV-2026-001,1,32.11,74.71,60.201,79.41,normal,healthy,synthetic_prototype_dataset
2026-08-20T01:00:00,HV-2026-001,1,31.93,71.1,60.295,73.88,normal,healthy,synthetic_prototype_dataset
2026-08-20T02:00:00,HV-2026-001,1,32.01,72.68,60.323,74.65,normal,healthy,synthetic_prototype_dataset
2026-08-20T03:00:00,HV-2026-001,1,32.47,71.61,60.354,67.75,normal,warning,synthetic_prototype_dataset
2026-08-20T04:00:00,HV-2026-001,1,33.59,69.97,60.399,71.18,normal,healthy,synthetic_prototype_dataset
2026-08-20T05:00:00,HV-2026-001,1,32.85,67.33,60.476,73.95,normal,healthy,synthetic_prototype_dataset
2026-08-20T06:00:00,HV-2026-001,1,33.73,65.56,60.485,75.14,normal,healthy,synthetic_prototype_dataset
2026-08-20T07:00:00,HV-2026-001,1,34.31,61.52,60.464,71.01,normal,healthy,synthetic_prototype_dataset
2026-08-20T08:00:00,HV-2026-001,1,33.55,61.77,60.437,77.05,normal,healthy,synthetic_prototype_dataset
2026-08-20T09:00:00,HV-2026-001,1,33.41,59.95,60.513,82.77,normal,healthy,synthetic_prototype_dataset
2026-08-20T10:00:00,HV-2026-001,1,34.6,58.86,60.497,79.01,normal,healthy,synthetic_prototype_dataset
2026-08-20T11:00:00,HV-2026-001,1,34.63,61.53,60.569,86.73,normal,healthy,synthetic_prototype_dataset
2026-08-20T12:00:00,HV-2026-001,1,34.36,59.78,60.6,85.2,normal,healthy,synthetic_prototype_dataset
2026-08-20T13:00:00,HV-2026-001,1,35.57,56.8,60.635,91.35,normal,healthy,synthetic_prototype_dataset
2026-08-20T14:00:00,HV-2026-001,1,33.86,59.51,60.659,87.34,normal,healthy,synthetic_prototype_dataset
2026-08-20T15:00:00,HV-2026-001,1,33.59,62.85,60.723,90.71,normal,healthy,synthetic_prototype_dataset
2026-08-20T16:00:00,HV-2026-001,1,33.65,63.39,60.729,88.36,normal,healthy,synthetic_prototype_dataset
2026-08-20T17:00:00,HV-2026-001,1,34.7,65.09,60.721,90.51,normal,healthy,synthetic_prototype_dataset
2026-08-20T18:00:00,HV-2026-001,1,32.79,64.57,60.715,88.44,normal,healthy,synthetic_prototype_dataset
2026-08-20T19:00:00,HV-2026-001,1,33.48,69.58,60.758,86.03,normal,healthy,synthetic_prototype_dataset
2026-08-20T20:00:00,HV-2026-001,1,32.5,70.72,60.761,88.55,normal,healthy,synthetic_prototype_dataset
2026-08-20T21:00:00,HV-2026-001,1,32.67,71.05,60.794,94.51,normal,healthy,synthetic_prototype_dataset
2026-08-20T22:00:00,HV-2026-001,1,32.19,74.92,60.838,82.99,normal,healthy,synthetic_prototype_dataset
2026-08-20T23:00:00,HV-2026-001,1,31.64,71.99,60.833,86.79,normal,healthy,synthetic_prototype_dataset
2026-08-21T00:00:00,HV-2026-001,1,32.41,75.88,60.869,73.83,normal,warning,synthetic_prototype_dataset
2026-08-21T01:00:00,HV-2026-001,1,31.24,73.51,60.895,76.64,normal,healthy,synthetic_prototype_dataset
2026-08-21T02:00:00,HV-2026-001,1,33.26,74.91,60.948,72.63,normal,healthy,synthetic_prototype_dataset
2026-08-21T03:00:00,HV-2026-001,1,32.28,71.4,60.946,77.75,normal,healthy,synthetic_prototype_dataset
2026-08-21T04:00:00,HV-2026-001,1,32.94,68.16,61.012,76.36,normal,healthy,synthetic_prototype_dataset
2026-08-21T05:00:00,HV-2026-001,1,32.32,68.34,61.047,79.4,normal,healthy,synthetic_prototype_dataset
2026-08-21T06:00:00,HV-2026-001,1,33.28,68.11,61.079,71.4,normal,healthy,synthetic_prototype_dataset
2026-08-21T07:00:00,HV-2026-001,1,33.13,66.83,61.146,78.96,normal,healthy,synthetic_prototype_dataset
2026-08-21T08:00:00,HV-2026-001,1,34.76,65.02,61.199,76.43,normal,healthy,synthetic_prototype_dataset
2026-08-21T09:00:00,HV-2026-001,1,35.13,62.63,61.22,79.02,normal,healthy,synthetic_prototype_dataset
2026-08-21T10:00:00,HV-2026-001,1,34.68,57.55,61.282,79.66,normal,healthy,synthetic_prototype_dataset
2026-08-21T11:00:00,HV-2026-001,1,34.86,58.92,61.313,81.87,normal,healthy,synthetic_prototype_dataset
2026-08-21T12:00:00,HV-2026-001,1,34.66,63.02,61.404,87.14,normal,healthy,synthetic_prototype_dataset
2026-08-21T13:00:00,HV-2026-001,1,34.68,61.38,61.487,84.2,normal,healthy,synthetic_prototype_dataset
2026-08-21T14:00:00,HV-2026-001,1,34.52,57.28,61.568,95.35,normal,healthy,synthetic_prototype_dataset
2026-08-21T15:00:00,HV-2026-001,1,34.39,57.84,61.63,85.77,normal,healthy,synthetic_prototype_dataset
2026-08-21T16:00:00,HV-2026-001,1,33.79,64.25,61.677,87.81,normal,healthy,synthetic_prototype_dataset
2026-08-21T17:00:00,HV-2026-001,1,33.48,65.03,61.697,86.0,normal,healthy,synthetic_prototype_dataset
2026-08-21T18:00:00,HV-2026-001,1,33.28,67.23,61.72,85.05,normal,healthy,synthetic_prototype_dataset
2026-08-21T19:00:00,HV-2026-001,1,33.54,63.5,61.729,87.71,normal,healthy,synthetic_prototype_dataset
2026-08-21T20:00:00,HV-2026-001,1,32.85,71.13,61.794,87.03,normal,healthy,synthetic_prototype_dataset
2026-08-21T21:00:00,HV-2026-001,1,32.78,71.92,61.759,95.59,normal,healthy,synthetic_prototype_dataset
2026-08-21T22:00:00,HV-2026-001,1,31.66,73.44,61.798,89.09,normal,healthy,synthetic_prototype_dataset
2026-08-21T23:00:00,HV-2026-001,1,31.96,74.87,61.768,86.88,normal,healthy,synthetic_prototype_dataset
2026-08-22T00:00:00,HV-2026-001,1,31.93,72.27,61.808,79.77,normal,healthy,synthetic_prototype_dataset
2026-08-22T01:00:00,HV-2026-001,1,32.07,74.65,61.835,72.88,normal,healthy,synthetic_prototype_dataset
2026-08-22T02:00:00,HV-2026-001,1,32.24,72.01,61.835,77.5,normal,healthy,synthetic_prototype_dataset
2026-08-22T03:00:00,HV-2026-001,1,32.67,68.57,61.803,77.49,normal,healthy,synthetic_prototype_dataset
2026-08-22T04:00:00,HV-2026-001,1,32.46,70.53,61.855,71.55,normal,healthy,synthetic_prototype_dataset
2026-08-22T05:00:00,HV-2026-001,1,32.51,71.31,61.892,74.53,normal,healthy,synthetic_prototype_dataset
2026-08-22T06:00:00,HV-2026-001,1,33.06,65.57,61.875,79.09,normal,healthy,synthetic_prototype_dataset
2026-08-22T07:00:00,HV-2026-001,1,33.47,66.64,61.886,74.18,normal,healthy,synthetic_prototype_dataset
2026-08-22T08:00:00,HV-2026-001,1,33.94,58.26,61.912,79.03,normal,healthy,synthetic_prototype_dataset
2026-08-22T09:00:00,HV-2026-001,1,34.77,58.14,61.987,84.23,normal,healthy,synthetic_prototype_dataset
2026-08-22T10:00:00,HV-2026-001,1,35.17,60.33,62.06,77.85,normal,healthy,synthetic_prototype_dataset
2026-08-22T11:00:00,HV-2026-001,1,35.06,58.34,62.043,80.59,normal,healthy,synthetic_prototype_dataset
2026-08-22T12:00:00,HV-2026-001,1,34.78,58.0,62.098,79.57,normal,healthy,synthetic_prototype_dataset
2026-08-22T13:00:00,HV-2026-001,1,33.78,62.2,62.173,83.43,normal,healthy,synthetic_prototype_dataset
2026-08-22T14:00:00,HV-2026-001,1,34.6,62.26,62.23,88.64,normal,healthy,synthetic_prototype_dataset
2026-08-22T15:00:00,HV-2026-001,1,34.89,60.22,62.271,88.87,normal,healthy,synthetic_prototype_dataset
2026-08-22T16:00:00,HV-2026-001,1,34.01,62.28,62.312,89.64,normal,healthy,synthetic_prototype_dataset
2026-08-22T17:00:00,HV-2026-001,1,33.34,66.12,62.312,89.12,normal,healthy,synthetic_prototype_dataset
2026-08-22T18:00:00,HV-2026-001,1,33.35,67.13,62.267,93.12,normal,healthy,synthetic_prototype_dataset
2026-08-22T19:00:00,HV-2026-001,1,32.84,70.49,62.275,89.71,normal,healthy,synthetic_prototype_dataset
2026-08-22T20:00:00,HV-2026-001,1,33.69,69.49,62.344,89.66,normal,healthy,synthetic_prototype_dataset
2026-08-22T21:00:00,HV-2026-001,1,32.75,71.56,62.398,86.53,normal,healthy,synthetic_prototype_dataset
2026-08-22T22:00:00,HV-2026-001,1,31.91,71.4,62.427,87.35,normal,healthy,synthetic_prototype_dataset
2026-08-22T23:00:00,HV-2026-001,1,32.54,75.6,62.418,84.12,normal,warning,synthetic_prototype_dataset
2026-08-23T00:00:00,HV-2026-001,1,31.59,76.99,62.453,76.28,normal,warning,synthetic_prototype_dataset
2026-08-23T01:00:00,HV-2026-001,1,31.67,73.1,62.496,75.12,normal,healthy,synthetic_prototype_dataset
2026-08-23T02:00:00,HV-2026-001,1,32.89,76.56,62.488,71.33,normal,warning,synthetic_prototype_dataset
2026-08-23T03:00:00,HV-2026-001,1,32.22,74.18,62.55,75.53,normal,healthy,synthetic_prototype_dataset
2026-08-23T04:00:00,HV-2026-001,1,32.9,68.37,62.606,74.67,normal,healthy,synthetic_prototype_dataset
2026-08-23T05:00:00,HV-2026-001,1,33.08,69.25,62.624,75.18,normal,healthy,synthetic_prototype_dataset
2026-08-23T06:00:00,HV-2026-001,1,33.54,67.77,62.707,78.05,normal,healthy,synthetic_prototype_dataset
2026-08-23T07:00:00,HV-2026-001,1,34.23,64.17,62.707,80.12,normal,healthy,synthetic_prototype_dataset
2026-08-23T08:00:00,HV-2026-001,1,34.26,60.28,62.725,79.33,normal,healthy,synthetic_prototype_dataset
2026-08-23T09:00:00,HV-2026-001,1,34.22,64.06,62.776,86.16,normal,healthy,synthetic_prototype_dataset
2026-08-23T10:00:00,HV-2026-001,1,34.78,60.42,62.781,83.04,normal,healthy,synthetic_prototype_dataset
2026-08-23T11:00:00,HV-2026-001,1,34.79,57.12,62.803,83.39,normal,healthy,synthetic_prototype_dataset
2026-08-23T12:00:00,HV-2026-001,1,35.02,60.17,62.825,87.54,normal,healthy,synthetic_prototype_dataset
2026-08-23T13:00:00,HV-2026-001,1,34.71,54.41,62.851,90.88,normal,healthy,synthetic_prototype_dataset
2026-08-23T14:00:00,HV-2026-001,1,33.9,60.48,62.949,85.46,normal,healthy,synthetic_prototype_dataset
2026-08-23T15:00:00,HV-2026-001,1,34.45,59.04,63.046,88.64,normal,healthy,synthetic_prototype_dataset
2026-08-23T16:00:00,HV-2026-001,1,34.2,65.28,63.107,86.46,normal,healthy,synthetic_prototype_dataset
2026-08-23T17:00:00,HV-2026-001,1,33.58,65.42,63.119,82.47,normal,healthy,synthetic_prototype_dataset
2026-08-23T18:00:00,HV-2026-001,1,33.51,63.67,63.205,90.62,normal,healthy,synthetic_prototype_dataset
2026-08-23T19:00:00,HV-2026-001,1,32.79,66.89,63.164,86.03,normal,healthy,synthetic_prototype_dataset
2026-08-23T20:00:00,HV-2026-001,1,33.34,73.86,63.215,89.2,normal,healthy,synthetic_prototype_dataset
2026-08-23T21:00:00,HV-2026-001,1,32.42,69.57,63.312,88.27,normal,healthy,synthetic_prototype_dataset
2026-08-23T22:00:00,HV-2026-001,1,33.36,74.91,63.276,85.79,normal,healthy,synthetic_prototype_dataset
2026-08-23T23:00:00,HV-2026-001,1,31.97,72.96,63.299,97.59,normal,healthy,synthetic_prototype_dataset
2026-08-24T00:00:00,HV-2026-001,1,31.8,73.59,63.345,75.99,normal,healthy,synthetic_prototype_dataset
2026-08-24T01:00:00,HV-2026-001,1,32.38,71.06,63.374,77.79,normal,healthy,synthetic_prototype_dataset
2026-08-24T02:00:00,HV-2026-001,1,32.61,73.26,63.448,79.28,normal,healthy,synthetic_prototype_dataset
2026-08-24T03:00:00,HV-2026-001,1,32.7,69.02,63.452,75.23,normal,healthy,synthetic_prototype_dataset
2026-08-24T04:00:00,HV-2026-001,1,33.05,68.81,63.445,71.84,normal,healthy,synthetic_prototype_dataset
2026-08-24T05:00:00,HV-2026-001,1,32.51,67.56,63.418,72.5,normal,healthy,synthetic_prototype_dataset
2026-08-24T06:00:00,HV-2026-001,1,33.41,63.77,63.457,78.59,normal,healthy,synthetic_prototype_dataset
2026-08-24T07:00:00,HV-2026-001,1,33.68,63.58,63.5,75.33,normal,healthy,synthetic_prototype_dataset
2026-08-24T08:00:00,HV-2026-001,1,33.89,64.83,63.561,81.73,normal,healthy,synthetic_prototype_dataset
2026-08-24T09:00:00,HV-2026-001,1,34.92,57.67,63.642,82.73,normal,healthy,synthetic_prototype_dataset
2026-08-24T10:00:00,HV-2026-001,1,35.17,60.81,63.682,82.04,normal,healthy,synthetic_prototype_dataset
2026-08-24T11:00:00,HV-2026-001,1,35.01,58.85,63.753,78.97,normal,healthy,synthetic_prototype_dataset
2026-08-24T12:00:00,HV-2026-001,1,34.64,62.86,63.773,85.06,normal,healthy,synthetic_prototype_dataset
2026-08-24T13:00:00,HV-2026-001,1,34.45,60.02,63.79,86.46,normal,healthy,synthetic_prototype_dataset
2026-08-24T14:00:00,HV-2026-001,1,35.1,58.86,63.86,91.0,normal,healthy,synthetic_prototype_dataset
2026-08-24T15:00:00,HV-2026-001,1,34.98,61.48,64.014,92.63,normal,healthy,synthetic_prototype_dataset
2026-08-24T16:00:00,HV-2026-001,1,34.38,61.1,64.049,94.52,normal,healthy,synthetic_prototype_dataset
2026-08-24T17:00:00,HV-2026-001,1,34.69,67.02,64.11,85.49,normal,healthy,synthetic_prototype_dataset
2026-08-24T18:00:00,HV-2026-001,1,33.81,63.94,64.088,90.84,normal,healthy,synthetic_prototype_dataset
2026-08-24T19:00:00,HV-2026-001,1,33.49,69.61,64.13,91.74,normal,healthy,synthetic_prototype_dataset
2026-08-24T20:00:00,HV-2026-001,1,32.5,69.49,64.103,82.51,normal,healthy,synthetic_prototype_dataset
2026-08-24T21:00:00,HV-2026-001,1,33.0,69.77,64.158,92.81,normal,healthy,synthetic_prototype_dataset
2026-08-24T22:00:00,HV-2026-001,1,32.18,73.3,64.16,81.66,normal,healthy,synthetic_prototype_dataset
2026-08-24T23:00:00,HV-2026-001,1,32.39,72.09,64.17,94.02,normal,healthy,synthetic_prototype_dataset
2026-08-25T00:00:00,HV-2026-001,1,31.66,73.69,64.16,79.18,normal,healthy,synthetic_prototype_dataset
2026-08-25T01:00:00,HV-2026-001,1,32.53,73.44,64.152,73.32,normal,healthy,synthetic_prototype_dataset
2026-08-25T02:00:00,HV-2026-001,1,32.94,75.25,64.193,72.68,normal,warning,synthetic_prototype_dataset
2026-08-25T03:00:00,HV-2026-001,1,32.88,75.32,64.222,80.89,normal,warning,synthetic_prototype_dataset
2026-08-25T04:00:00,HV-2026-001,1,32.67,69.42,64.269,77.39,normal,healthy,synthetic_prototype_dataset
2026-08-25T05:00:00,HV-2026-001,1,32.97,66.35,64.328,80.17,normal,healthy,synthetic_prototype_dataset
2026-08-25T06:00:00,HV-2026-001,1,34.33,69.25,64.358,74.91,normal,healthy,synthetic_prototype_dataset
2026-08-25T07:00:00,HV-2026-001,1,34.59,65.47,64.349,74.21,normal,healthy,synthetic_prototype_dataset
2026-08-25T08:00:00,HV-2026-001,1,34.52,62.18,64.377,83.38,normal,healthy,synthetic_prototype_dataset
2026-08-25T09:00:00,HV-2026-001,1,34.91,63.44,64.344,82.24,normal,healthy,synthetic_prototype_dataset
2026-08-25T10:00:00,HV-2026-001,1,35.09,57.19,64.359,80.06,normal,healthy,synthetic_prototype_dataset
2026-08-25T11:00:00,HV-2026-001,1,34.92,62.17,64.47,81.67,normal,healthy,synthetic_prototype_dataset
2026-08-25T12:00:00,HV-2026-001,1,35.19,60.01,64.526,87.3,normal,healthy,synthetic_prototype_dataset
2026-08-25T13:00:00,HV-2026-001,1,35.04,62.28,64.607,83.4,normal,healthy,synthetic_prototype_dataset
2026-08-25T14:00:00,HV-2026-001,1,35.13,61.54,64.661,92.08,normal,healthy,synthetic_prototype_dataset
2026-08-25T15:00:00,HV-2026-001,1,34.65,61.41,64.706,81.87,normal,healthy,synthetic_prototype_dataset
2026-08-25T16:00:00,HV-2026-001,1,34.26,61.3,64.702,94.54,normal,healthy,synthetic_prototype_dataset
2026-08-25T17:00:00,HV-2026-001,1,34.21,64.13,64.716,90.92,normal,healthy,synthetic_prototype_dataset
2026-08-25T18:00:00,HV-2026-001,1,34.1,64.51,64.746,93.04,normal,healthy,synthetic_prototype_dataset
2026-08-25T19:00:00,HV-2026-001,1,32.44,67.71,64.756,89.41,normal,healthy,synthetic_prototype_dataset
2026-08-25T20:00:00,HV-2026-001,1,32.77,69.75,64.848,88.39,normal,healthy,synthetic_prototype_dataset
2026-08-25T21:00:00,HV-2026-001,1,32.86,74.54,64.854,95.29,normal,healthy,synthetic_prototype_dataset
2026-08-25T22:00:00,HV-2026-001,1,32.53,75.27,64.905,89.01,normal,warning,synthetic_prototype_dataset
2026-08-25T23:00:00,HV-2026-001,1,32.36,71.64,64.933,90.25,normal,healthy,synthetic_prototype_dataset
2026-08-26T00:00:00,HV-2026-001,1,32.41,72.24,64.949,79.47,normal,healthy,synthetic_prototype_dataset
2026-08-26T01:00:00,HV-2026-001,1,33.01,71.37,64.95,77.33,normal,healthy,synthetic_prototype_dataset
2026-08-26T02:00:00,HV-2026-001,1,33.28,73.94,64.932,75.08,normal,healthy,synthetic_prototype_dataset
2026-08-26T03:00:00,HV-2026-001,1,32.38,70.28,65.013,71.02,normal,healthy,synthetic_prototype_dataset
2026-08-26T04:00:00,HV-2026-001,1,32.34,67.82,65.048,78.17,normal,healthy,synthetic_prototype_dataset
2026-08-26T05:00:00,HV-2026-001,1,33.58,69.74,65.011,80.16,normal,healthy,synthetic_prototype_dataset
2026-08-26T06:00:00,HV-2026-001,1,33.57,67.13,64.99,76.02,normal,healthy,synthetic_prototype_dataset
2026-08-26T07:00:00,HV-2026-001,1,34.16,66.08,64.959,77.94,normal,healthy,synthetic_prototype_dataset
2026-08-26T08:00:00,HV-2026-001,1,33.88,63.22,65.016,84.13,normal,healthy,synthetic_prototype_dataset
2026-08-26T09:00:00,HV-2026-001,1,34.39,62.53,65.098,75.61,normal,healthy,synthetic_prototype_dataset
2026-08-26T10:00:00,HV-2026-001,1,35.12,61.48,65.126,78.76,normal,healthy,synthetic_prototype_dataset
2026-08-26T11:00:00,HV-2026-001,1,35.4,56.89,65.161,84.38,normal,healthy,synthetic_prototype_dataset
2026-08-26T12:00:00,HV-2026-001,1,35.34,57.69,65.179,86.25,normal,healthy,synthetic_prototype_dataset
2026-08-26T13:00:00,HV-2026-001,1,35.42,63.17,65.169,88.21,normal,healthy,synthetic_prototype_dataset
2026-08-26T14:00:00,HV-2026-001,1,34.35,61.59,65.179,85.76,normal,healthy,synthetic_prototype_dataset
2026-08-26T15:00:00,HV-2026-001,1,34.37,60.73,65.231,90.63,normal,healthy,synthetic_prototype_dataset
2026-08-26T16:00:00,HV-2026-001,1,34.36,59.92,65.294,89.34,normal,healthy,synthetic_prototype_dataset
2026-08-26T17:00:00,HV-2026-001,1,34.57,62.73,65.272,89.76,normal,healthy,synthetic_prototype_dataset
2026-08-26T18:00:00,HV-2026-001,1,34.3,66.1,65.295,86.95,normal,healthy,synthetic_prototype_dataset
2026-08-26T19:00:00,HV-2026-001,1,34.17,65.77,65.294,91.88,normal,healthy,synthetic_prototype_dataset
2026-08-26T20:00:00,HV-2026-001,1,32.23,71.61,65.341,92.67,normal,healthy,synthetic_prototype_dataset
2026-08-26T21:00:00,HV-2026-001,1,33.05,70.47,65.329,88.44,normal,healthy,synthetic_prototype_dataset
2026-08-26T22:00:00,HV-2026-001,1,32.15,72.75,65.382,93.29,normal,healthy,synthetic_prototype_dataset
2026-08-26T23:00:00,HV-2026-001,1,32.63,74.24,65.397,85.43,normal,healthy,synthetic_prototype_dataset
2026-08-27T00:00:00,HV-2026-001,1,32.7,71.92,65.431,72.29,normal,healthy,synthetic_prototype_dataset
2026-08-27T01:00:00,HV-2026-001,1,32.13,73.52,65.487,72.55,normal,healthy,synthetic_prototype_dataset
2026-08-27T02:00:00,HV-2026-001,1,32.96,70.72,65.513,80.96,normal,healthy,synthetic_prototype_dataset
2026-08-27T03:00:00,HV-2026-001,1,33.23,72.0,65.605,73.54,normal,healthy,synthetic_prototype_dataset
2026-08-27T04:00:00,HV-2026-001,1,32.69,67.82,65.621,67.76,normal,warning,synthetic_prototype_dataset
2026-08-27T05:00:00,HV-2026-001,1,33.35,66.45,65.673,77.23,normal,healthy,synthetic_prototype_dataset
2026-08-27T06:00:00,HV-2026-001,1,33.51,66.68,65.723,73.31,normal,healthy,synthetic_prototype_dataset
2026-08-27T07:00:00,HV-2026-001,1,33.9,59.8,65.71,75.23,normal,healthy,synthetic_prototype_dataset
2026-08-27T08:00:00,HV-2026-001,1,34.47,60.42,65.722,75.33,normal,healthy,synthetic_prototype_dataset
2026-08-27T09:00:00,HV-2026-001,1,34.78,61.43,65.77,81.4,normal,healthy,synthetic_prototype_dataset
2026-08-27T10:00:00,HV-2026-001,1,34.22,58.44,65.794,81.59,normal,healthy,synthetic_prototype_dataset
2026-08-27T11:00:00,HV-2026-001,1,35.07,61.42,65.863,81.07,normal,healthy,synthetic_prototype_dataset
2026-08-27T12:00:00,HV-2026-001,1,35.39,59.77,65.877,88.87,normal,healthy,synthetic_prototype_dataset
2026-08-27T13:00:00,HV-2026-001,1,34.97,56.32,65.936,87.87,normal,healthy,synthetic_prototype_dataset
2026-08-27T14:00:00,HV-2026-001,1,34.81,59.49,65.953,90.26,normal,healthy,synthetic_prototype_dataset
2026-08-27T15:00:00,HV-2026-001,1,34.68,60.97,66.006,84.89,normal,healthy,synthetic_prototype_dataset
2026-08-27T16:00:00,HV-2026-001,1,34.03,58.14,66.063,85.28,normal,healthy,synthetic_prototype_dataset
2026-08-27T17:00:00,HV-2026-001,1,34.18,64.47,66.119,85.67,normal,healthy,synthetic_prototype_dataset
2026-08-27T18:00:00,HV-2026-001,1,33.75,68.62,66.208,93.46,normal,healthy,synthetic_prototype_dataset
2026-08-27T19:00:00,HV-2026-001,1,33.6,65.62,66.258,89.33,normal,healthy,synthetic_prototype_dataset
2026-08-27T20:00:00,HV-2026-001,1,33.39,67.98,66.277,90.1,normal,healthy,synthetic_prototype_dataset
2026-08-27T21:00:00,HV-2026-001,1,32.98,71.46,66.282,84.23,normal,healthy,synthetic_prototype_dataset
2026-08-27T22:00:00,HV-2026-001,1,33.39,76.16,66.323,82.68,normal,warning,synthetic_prototype_dataset
2026-08-27T23:00:00,HV-2026-001,1,32.18,73.3,66.395,82.86,normal,healthy,synthetic_prototype_dataset
2026-08-28T00:00:00,HV-2026-001,1,32.5,72.77,66.45,74.8,normal,healthy,synthetic_prototype_dataset
2026-08-28T01:00:00,HV-2026-001,1,31.9,73.3,66.514,75.71,normal,healthy,synthetic_prototype_dataset
2026-08-28T02:00:00,HV-2026-001,1,32.91,70.62,66.51,79.59,normal,healthy,synthetic_prototype_dataset
2026-08-28T03:00:00,HV-2026-001,1,33.11,71.25,66.587,72.31,normal,healthy,synthetic_prototype_dataset
2026-08-28T04:00:00,HV-2026-001,1,32.96,69.2,66.592,78.74,normal,healthy,synthetic_prototype_dataset
2026-08-28T05:00:00,HV-2026-001,1,33.43,65.44,66.62,76.6,normal,healthy,synthetic_prototype_dataset
2026-08-28T06:00:00,HV-2026-001,1,34.28,66.12,66.661,77.12,normal,healthy,synthetic_prototype_dataset
2026-08-28T07:00:00,HV-2026-001,1,34.11,62.31,66.696,76.66,normal,healthy,synthetic_prototype_dataset
2026-08-28T08:00:00,HV-2026-001,1,35.26,64.33,66.748,80.95,normal,healthy,synthetic_prototype_dataset
2026-08-28T09:00:00,HV-2026-001,1,34.73,58.2,66.774,81.71,normal,healthy,synthetic_prototype_dataset
2026-08-28T10:00:00,HV-2026-001,1,35.08,60.2,66.844,80.58,normal,healthy,synthetic_prototype_dataset
2026-08-28T11:00:00,HV-2026-001,1,34.8,61.27,66.912,83.15,normal,healthy,synthetic_prototype_dataset
2026-08-28T12:00:00,HV-2026-001,1,35.11,58.23,66.955,87.55,normal,healthy,synthetic_prototype_dataset
2026-08-28T13:00:00,HV-2026-001,1,36.25,59.0,67.022,79.45,normal,warning,synthetic_prototype_dataset
2026-08-28T14:00:00,HV-2026-001,1,34.76,61.57,67.078,72.76,normal,healthy,synthetic_prototype_dataset
2026-08-28T15:00:00,HV-2026-001,1,35.08,63.92,67.049,94.25,normal,healthy,synthetic_prototype_dataset
2026-08-28T16:00:00,HV-2026-001,1,33.26,63.6,67.086,81.3,normal,healthy,synthetic_prototype_dataset
2026-08-28T17:00:00,HV-2026-001,1,34.39,65.68,67.133,91.93,normal,healthy,synthetic_prototype_dataset
2026-08-28T18:00:00,HV-2026-001,1,33.67,62.07,67.187,96.12,normal,healthy,synthetic_prototype_dataset
2026-08-28T19:00:00,HV-2026-001,1,34.03,63.65,67.159,86.92,normal,healthy,synthetic_prototype_dataset
2026-08-28T20:00:00,HV-2026-001,1,32.49,69.0,67.198,84.52,normal,healthy,synthetic_prototype_dataset
2026-08-28T21:00:00,HV-2026-001,1,33.28,71.45,67.203,88.33,normal,healthy,synthetic_prototype_dataset
2026-08-28T22:00:00,HV-2026-001,1,31.85,70.88,67.229,88.71,normal,healthy,synthetic_prototype_dataset
2026-08-28T23:00:00,HV-2026-001,1,32.77,72.62,67.244,88.11,normal,healthy,synthetic_prototype_dataset
2026-08-29T00:00:00,HV-2026-001,1,33.08,72.04,67.28,75.35,normal,healthy,synthetic_prototype_dataset
2026-08-29T01:00:00,HV-2026-001,1,32.38,72.91,67.286,77.35,normal,healthy,synthetic_prototype_dataset
2026-08-29T02:00:00,HV-2026-001,1,32.81,70.72,67.3,74.22,normal,healthy,synthetic_prototype_dataset
2026-08-29T03:00:00,HV-2026-001,1,32.27,70.85,67.333,78.97,normal,healthy,synthetic_prototype_dataset
2026-08-29T04:00:00,HV-2026-001,1,33.04,72.12,67.344,72.94,normal,healthy,synthetic_prototype_dataset
2026-08-29T05:00:00,HV-2026-001,1,33.14,63.9,67.423,80.8,normal,healthy,synthetic_prototype_dataset
2026-08-29T06:00:00,HV-2026-001,1,34.2,63.6,67.511,74.77,normal,healthy,synthetic_prototype_dataset
2026-08-29T07:00:00,HV-2026-001,1,34.14,65.98,67.559,85.53,normal,healthy,synthetic_prototype_dataset
2026-08-29T08:00:00,HV-2026-001,1,34.69,60.99,67.568,73.16,normal,healthy,synthetic_prototype_dataset
2026-08-29T09:00:00,HV-2026-001,1,34.72,62.32,67.623,81.43,normal,healthy,synthetic_prototype_dataset
2026-08-29T10:00:00,HV-2026-001,1,34.6,59.56,67.696,84.51,normal,healthy,synthetic_prototype_dataset
2026-08-29T11:00:00,HV-2026-001,1,35.26,57.01,67.767,73.56,normal,healthy,synthetic_prototype_dataset
2026-08-29T12:00:00,HV-2026-001,1,35.4,62.84,67.756,85.05,normal,healthy,synthetic_prototype_dataset
2026-08-29T13:00:00,HV-2026-001,1,35.18,57.61,67.836,88.76,normal,healthy,synthetic_prototype_dataset
2026-08-29T14:00:00,HV-2026-001,1,35.12,60.58,67.879,98.0,normal,healthy,synthetic_prototype_dataset
2026-08-29T15:00:00,HV-2026-001,1,34.91,60.61,67.859,87.03,normal,healthy,synthetic_prototype_dataset
2026-08-29T16:00:00,HV-2026-001,1,35.09,59.31,67.822,89.64,normal,healthy,synthetic_prototype_dataset
2026-08-29T17:00:00,HV-2026-001,1,34.88,63.47,67.844,83.38,normal,healthy,synthetic_prototype_dataset
2026-08-29T18:00:00,HV-2026-001,1,34.13,66.4,67.811,93.97,normal,healthy,synthetic_prototype_dataset
2026-08-29T19:00:00,HV-2026-001,1,33.93,69.06,67.856,92.17,normal,healthy,synthetic_prototype_dataset
2026-08-29T20:00:00,HV-2026-001,1,33.51,70.27,67.818,84.27,normal,healthy,synthetic_prototype_dataset
2026-08-29T21:00:00,HV-2026-001,1,32.68,69.93,67.856,90.07,normal,healthy,synthetic_prototype_dataset
2026-08-29T22:00:00,HV-2026-001,1,33.3,73.34,67.851,88.96,normal,healthy,synthetic_prototype_dataset
2026-08-29T23:00:00,HV-2026-001,1,32.29,71.63,67.887,75.18,normal,healthy,synthetic_prototype_dataset
2026-07-01T00:00:00,HV-2026-002,2,33.79,73.02,26.404,82.75,normal,healthy,synthetic_prototype_dataset
2026-07-01T01:00:00,HV-2026-002,2,32.59,72.0,26.412,81.78,normal,healthy,synthetic_prototype_dataset
2026-07-01T02:00:00,HV-2026-002,2,32.83,71.33,26.479,78.05,normal,healthy,synthetic_prototype_dataset
2026-07-01T03:00:00,HV-2026-002,2,33.06,71.95,26.593,77.11,normal,healthy,synthetic_prototype_dataset
2026-07-01T04:00:00,HV-2026-002,2,33.4,68.81,26.664,73.9,normal,healthy,synthetic_prototype_dataset
2026-07-01T05:00:00,HV-2026-002,2,33.54,64.04,26.648,74.19,normal,healthy,synthetic_prototype_dataset
2026-07-01T06:00:00,HV-2026-002,2,33.97,68.18,26.691,72.81,normal,healthy,synthetic_prototype_dataset
2026-07-01T07:00:00,HV-2026-002,2,34.01,65.66,26.756,77.93,normal,healthy,synthetic_prototype_dataset
2026-07-01T08:00:00,HV-2026-002,2,34.45,63.52,26.751,81.0,normal,healthy,synthetic_prototype_dataset
2026-07-01T09:00:00,HV-2026-002,2,35.94,60.42,26.757,82.79,normal,healthy,synthetic_prototype_dataset
2026-07-01T10:00:00,HV-2026-002,2,34.91,56.43,26.82,86.91,normal,healthy,synthetic_prototype_dataset
2026-07-01T11:00:00,HV-2026-002,2,35.12,57.56,26.827,84.0,normal,healthy,synthetic_prototype_dataset
2026-07-01T12:00:00,HV-2026-002,2,35.05,56.18,26.935,87.53,normal,healthy,synthetic_prototype_dataset
2026-07-01T13:00:00,HV-2026-002,2,35.51,59.83,27.005,85.66,normal,healthy,synthetic_prototype_dataset
2026-07-01T14:00:00,HV-2026-002,2,35.25,58.45,27.063,89.32,normal,healthy,synthetic_prototype_dataset
2026-07-01T15:00:00,HV-2026-002,2,34.75,57.66,27.109,88.22,normal,healthy,synthetic_prototype_dataset
2026-07-01T16:00:00,HV-2026-002,2,33.8,62.41,27.18,98.0,normal,healthy,synthetic_prototype_dataset
2026-07-01T17:00:00,HV-2026-002,2,34.16,62.22,27.175,90.61,normal,healthy,synthetic_prototype_dataset
2026-07-01T18:00:00,HV-2026-002,2,34.09,63.54,27.199,83.07,normal,healthy,synthetic_prototype_dataset
2026-07-01T19:00:00,HV-2026-002,2,34.08,65.42,27.223,84.89,normal,healthy,synthetic_prototype_dataset
2026-07-01T20:00:00,HV-2026-002,2,33.09,68.0,27.247,91.2,normal,healthy,synthetic_prototype_dataset
2026-07-01T21:00:00,HV-2026-002,2,33.73,71.27,27.306,94.0,normal,healthy,synthetic_prototype_dataset
2026-07-01T22:00:00,HV-2026-002,2,33.13,71.0,27.366,91.88,normal,healthy,synthetic_prototype_dataset
2026-07-01T23:00:00,HV-2026-002,2,33.04,69.14,27.362,86.14,normal,healthy,synthetic_prototype_dataset
2026-07-02T00:00:00,HV-2026-002,2,33.12,71.75,27.427,80.6,normal,healthy,synthetic_prototype_dataset
2026-07-02T01:00:00,HV-2026-002,2,33.36,73.72,27.415,77.69,normal,healthy,synthetic_prototype_dataset
2026-07-02T02:00:00,HV-2026-002,2,32.67,67.88,27.43,80.64,normal,healthy,synthetic_prototype_dataset
2026-07-02T03:00:00,HV-2026-002,2,33.36,73.37,27.461,84.57,normal,healthy,synthetic_prototype_dataset
2026-07-02T04:00:00,HV-2026-002,2,33.5,68.33,27.442,79.89,normal,healthy,synthetic_prototype_dataset
2026-07-02T05:00:00,HV-2026-002,2,33.51,65.44,27.512,80.05,normal,healthy,synthetic_prototype_dataset
2026-07-02T06:00:00,HV-2026-002,2,34.58,64.14,27.535,75.79,normal,healthy,synthetic_prototype_dataset
2026-07-02T07:00:00,HV-2026-002,2,34.76,65.78,27.573,84.74,normal,healthy,synthetic_prototype_dataset
2026-07-02T08:00:00,HV-2026-002,2,35.13,60.87,27.631,85.59,normal,healthy,synthetic_prototype_dataset
2026-07-02T09:00:00,HV-2026-002,2,35.89,61.98,27.666,80.6,normal,healthy,synthetic_prototype_dataset
2026-07-02T10:00:00,HV-2026-002,2,35.46,61.74,27.719,84.59,normal,healthy,synthetic_prototype_dataset
2026-07-02T11:00:00,HV-2026-002,2,35.35,57.44,27.754,85.0,normal,healthy,synthetic_prototype_dataset
2026-07-02T12:00:00,HV-2026-002,2,36.15,57.36,27.798,81.85,normal,warning,synthetic_prototype_dataset
2026-07-02T13:00:00,HV-2026-002,2,35.65,60.49,27.898,87.82,normal,healthy,synthetic_prototype_dataset
2026-07-02T14:00:00,HV-2026-002,2,35.46,58.45,27.959,89.22,normal,healthy,synthetic_prototype_dataset
2026-07-02T15:00:00,HV-2026-002,2,35.02,60.09,28.015,87.9,normal,healthy,synthetic_prototype_dataset
2026-07-02T16:00:00,HV-2026-002,2,34.61,64.36,28.148,85.31,normal,healthy,synthetic_prototype_dataset
2026-07-02T17:00:00,HV-2026-002,2,33.84,61.26,28.178,93.02,normal,healthy,synthetic_prototype_dataset
2026-07-02T18:00:00,HV-2026-002,2,34.34,65.1,28.227,87.58,normal,healthy,synthetic_prototype_dataset
2026-07-02T19:00:00,HV-2026-002,2,33.63,66.57,28.196,85.82,normal,healthy,synthetic_prototype_dataset
2026-07-02T20:00:00,HV-2026-002,2,32.92,69.67,28.23,91.66,normal,healthy,synthetic_prototype_dataset
2026-07-02T21:00:00,HV-2026-002,2,32.33,67.07,28.278,79.21,normal,healthy,synthetic_prototype_dataset
2026-07-02T22:00:00,HV-2026-002,2,33.5,67.57,28.332,85.01,normal,healthy,synthetic_prototype_dataset
2026-07-02T23:00:00,HV-2026-002,2,33.29,77.33,28.278,87.91,normal,warning,synthetic_prototype_dataset
2026-07-03T00:00:00,HV-2026-002,2,32.03,72.35,28.296,76.45,normal,healthy,synthetic_prototype_dataset
2026-07-03T01:00:00,HV-2026-002,2,32.48,72.75,28.27,80.35,normal,healthy,synthetic_prototype_dataset
2026-07-03T02:00:00,HV-2026-002,2,32.84,68.12,28.351,75.76,normal,healthy,synthetic_prototype_dataset
2026-07-03T03:00:00,HV-2026-002,2,34.08,71.73,28.348,75.7,normal,healthy,synthetic_prototype_dataset
2026-07-03T04:00:00,HV-2026-002,2,33.55,70.83,28.388,76.62,normal,healthy,synthetic_prototype_dataset
2026-07-03T05:00:00,HV-2026-002,2,33.72,66.3,28.459,76.01,normal,healthy,synthetic_prototype_dataset
2026-07-03T06:00:00,HV-2026-002,2,33.97,63.57,28.464,71.09,normal,healthy,synthetic_prototype_dataset
2026-07-03T07:00:00,HV-2026-002,2,34.14,65.47,28.482,80.29,normal,healthy,synthetic_prototype_dataset
2026-07-03T08:00:00,HV-2026-002,2,33.68,62.11,28.506,77.94,normal,healthy,synthetic_prototype_dataset
2026-07-03T09:00:00,HV-2026-002,2,35.15,58.74,28.466,84.59,normal,healthy,synthetic_prototype_dataset
2026-07-03T10:00:00,HV-2026-002,2,35.38,57.96,28.47,77.86,normal,healthy,synthetic_prototype_dataset
2026-07-03T11:00:00,HV-2026-002,2,35.5,60.73,28.517,79.68,normal,healthy,synthetic_prototype_dataset
2026-07-03T12:00:00,HV-2026-002,2,35.55,57.49,28.59,88.02,normal,healthy,synthetic_prototype_dataset
2026-07-03T13:00:00,HV-2026-002,2,34.06,58.8,28.598,82.13,normal,healthy,synthetic_prototype_dataset
2026-07-03T14:00:00,HV-2026-002,2,35.19,59.26,28.583,90.59,normal,healthy,synthetic_prototype_dataset
2026-07-03T15:00:00,HV-2026-002,2,35.41,59.72,28.593,85.51,normal,healthy,synthetic_prototype_dataset
2026-07-03T16:00:00,HV-2026-002,2,35.26,58.36,28.668,88.94,normal,healthy,synthetic_prototype_dataset
2026-07-03T17:00:00,HV-2026-002,2,34.44,59.7,28.697,92.03,normal,healthy,synthetic_prototype_dataset
2026-07-03T18:00:00,HV-2026-002,2,33.54,65.48,28.73,87.75,normal,healthy,synthetic_prototype_dataset
2026-07-03T19:00:00,HV-2026-002,2,34.19,62.43,28.767,95.55,normal,healthy,synthetic_prototype_dataset
2026-07-03T20:00:00,HV-2026-002,2,34.14,68.79,28.781,87.3,normal,healthy,synthetic_prototype_dataset
2026-07-03T21:00:00,HV-2026-002,2,33.09,70.51,28.778,91.59,normal,healthy,synthetic_prototype_dataset
2026-07-03T22:00:00,HV-2026-002,2,33.98,70.53,28.756,83.42,normal,healthy,synthetic_prototype_dataset
2026-07-03T23:00:00,HV-2026-002,2,33.24,71.24,28.812,85.24,normal,healthy,synthetic_prototype_dataset
2026-07-04T00:00:00,HV-2026-002,2,33.29,71.1,28.811,74.6,normal,healthy,synthetic_prototype_dataset
2026-07-04T01:00:00,HV-2026-002,2,32.42,74.72,28.833,78.26,normal,healthy,synthetic_prototype_dataset
2026-07-04T02:00:00,HV-2026-002,2,32.85,68.55,28.85,79.85,normal,healthy,synthetic_prototype_dataset
2026-07-04T03:00:00,HV-2026-002,2,33.06,67.76,28.88,77.75,normal,healthy,synthetic_prototype_dataset
2026-07-04T04:00:00,HV-2026-002,2,34.31,68.52,28.928,78.52,normal,healthy,synthetic_prototype_dataset
2026-07-04T05:00:00,HV-2026-002,2,33.36,64.46,28.915,71.34,normal,healthy,synthetic_prototype_dataset
2026-07-04T06:00:00,HV-2026-002,2,34.57,64.9,28.942,66.93,normal,warning,synthetic_prototype_dataset
2026-07-04T07:00:00,HV-2026-002,2,35.48,60.96,29.039,72.76,normal,healthy,synthetic_prototype_dataset
2026-07-04T08:00:00,HV-2026-002,2,34.5,56.92,29.082,75.77,normal,healthy,synthetic_prototype_dataset
2026-07-04T09:00:00,HV-2026-002,2,34.65,56.96,29.143,83.85,normal,healthy,synthetic_prototype_dataset
2026-07-04T10:00:00,HV-2026-002,2,36.16,57.09,29.188,77.38,normal,warning,synthetic_prototype_dataset
2026-07-04T11:00:00,HV-2026-002,2,35.32,56.69,29.245,88.08,normal,healthy,synthetic_prototype_dataset
2026-07-04T12:00:00,HV-2026-002,2,35.96,55.86,29.322,85.75,normal,healthy,synthetic_prototype_dataset
2026-07-04T13:00:00,HV-2026-002,2,35.33,56.35,29.346,93.21,normal,healthy,synthetic_prototype_dataset
2026-07-04T14:00:00,HV-2026-002,2,35.48,58.63,29.379,96.69,normal,healthy,synthetic_prototype_dataset
2026-07-04T15:00:00,HV-2026-002,2,35.72,58.13,29.41,88.18,normal,healthy,synthetic_prototype_dataset
2026-07-04T16:00:00,HV-2026-002,2,34.93,59.62,29.463,94.61,normal,healthy,synthetic_prototype_dataset
2026-07-04T17:00:00,HV-2026-002,2,33.96,60.54,29.48,88.35,normal,healthy,synthetic_prototype_dataset
2026-07-04T18:00:00,HV-2026-002,2,35.12,66.19,29.543,89.07,normal,healthy,synthetic_prototype_dataset
2026-07-04T19:00:00,HV-2026-002,2,33.75,63.58,29.595,91.6,normal,healthy,synthetic_prototype_dataset
2026-07-04T20:00:00,HV-2026-002,2,34.15,67.5,29.615,90.12,normal,healthy,synthetic_prototype_dataset
2026-07-04T21:00:00,HV-2026-002,2,33.7,66.69,29.666,88.86,normal,healthy,synthetic_prototype_dataset
2026-07-04T22:00:00,HV-2026-002,2,32.61,66.69,29.686,93.19,normal,healthy,synthetic_prototype_dataset
2026-07-04T23:00:00,HV-2026-002,2,33.71,71.78,29.78,86.96,normal,healthy,synthetic_prototype_dataset
2026-07-05T00:00:00,HV-2026-002,2,33.41,70.37,29.787,73.63,normal,healthy,synthetic_prototype_dataset
2026-07-05T01:00:00,HV-2026-002,2,32.1,73.26,29.789,73.19,normal,healthy,synthetic_prototype_dataset
2026-07-05T02:00:00,HV-2026-002,2,32.63,69.88,29.876,83.33,normal,healthy,synthetic_prototype_dataset
2026-07-05T03:00:00,HV-2026-002,2,32.62,68.5,29.865,79.46,normal,healthy,synthetic_prototype_dataset
2026-07-05T04:00:00,HV-2026-002,2,33.76,66.54,29.892,74.33,normal,healthy,synthetic_prototype_dataset
2026-07-05T05:00:00,HV-2026-002,2,34.67,66.98,29.941,66.67,normal,warning,synthetic_prototype_dataset
2026-07-05T06:00:00,HV-2026-002,2,34.25,67.94,30.012,69.54,normal,warning,synthetic_prototype_dataset
2026-07-05T07:00:00,HV-2026-002,2,34.48,60.21,30.097,78.68,normal,healthy,synthetic_prototype_dataset
2026-07-05T08:00:00,HV-2026-002,2,34.59,60.75,30.036,75.83,normal,healthy,synthetic_prototype_dataset
2026-07-05T09:00:00,HV-2026-002,2,35.22,60.76,30.002,80.02,normal,healthy,synthetic_prototype_dataset
2026-07-05T10:00:00,HV-2026-002,2,35.86,55.51,30.047,83.23,normal,healthy,synthetic_prototype_dataset
2026-07-05T11:00:00,HV-2026-002,2,36.31,57.01,30.082,85.33,normal,warning,synthetic_prototype_dataset
2026-07-05T12:00:00,HV-2026-002,2,34.99,56.79,30.108,85.41,normal,healthy,synthetic_prototype_dataset
2026-07-05T13:00:00,HV-2026-002,2,35.92,58.42,30.125,87.59,normal,healthy,synthetic_prototype_dataset
2026-07-05T14:00:00,HV-2026-002,2,36.08,56.63,30.173,86.88,normal,warning,synthetic_prototype_dataset
2026-07-05T15:00:00,HV-2026-002,2,35.18,56.3,30.263,86.22,normal,healthy,synthetic_prototype_dataset
2026-07-05T16:00:00,HV-2026-002,2,35.4,59.57,30.278,93.77,normal,healthy,synthetic_prototype_dataset
2026-07-05T17:00:00,HV-2026-002,2,35.07,62.75,30.339,88.87,normal,healthy,synthetic_prototype_dataset
2026-07-05T18:00:00,HV-2026-002,2,34.28,63.0,30.4,87.57,normal,healthy,synthetic_prototype_dataset
2026-07-05T19:00:00,HV-2026-002,2,34.62,65.43,30.426,92.54,normal,healthy,synthetic_prototype_dataset
2026-07-05T20:00:00,HV-2026-002,2,33.65,67.15,30.45,92.65,normal,healthy,synthetic_prototype_dataset
2026-07-05T21:00:00,HV-2026-002,2,33.07,68.91,30.475,91.96,normal,healthy,synthetic_prototype_dataset
2026-07-05T22:00:00,HV-2026-002,2,33.11,73.5,30.495,87.29,normal,healthy,synthetic_prototype_dataset
2026-07-05T23:00:00,HV-2026-002,2,32.95,68.58,30.484,85.25,normal,healthy,synthetic_prototype_dataset
2026-07-06T00:00:00,HV-2026-002,2,33.56,70.94,30.492,80.29,normal,healthy,synthetic_prototype_dataset
2026-07-06T01:00:00,HV-2026-002,2,33.79,73.02,30.487,74.27,normal,healthy,synthetic_prototype_dataset
2026-07-06T02:00:00,HV-2026-002,2,34.04,70.5,30.502,78.51,normal,healthy,synthetic_prototype_dataset
2026-07-06T03:00:00,HV-2026-002,2,33.88,67.92,30.535,79.24,normal,healthy,synthetic_prototype_dataset
2026-07-06T04:00:00,HV-2026-002,2,33.18,67.52,30.521,72.56,normal,healthy,synthetic_prototype_dataset
2026-07-06T05:00:00,HV-2026-002,2,33.76,66.67,30.535,73.73,normal,healthy,synthetic_prototype_dataset
2026-07-06T06:00:00,HV-2026-002,2,34.37,61.94,30.575,79.96,normal,healthy,synthetic_prototype_dataset
2026-07-06T07:00:00,HV-2026-002,2,34.65,61.82,30.613,70.73,normal,healthy,synthetic_prototype_dataset
2026-07-06T08:00:00,HV-2026-002,2,35.24,66.08,30.638,79.21,normal,healthy,synthetic_prototype_dataset
2026-07-06T09:00:00,HV-2026-002,2,35.6,62.01,30.706,73.81,normal,healthy,synthetic_prototype_dataset
2026-07-06T10:00:00,HV-2026-002,2,35.73,62.57,30.766,78.96,normal,healthy,synthetic_prototype_dataset
2026-07-06T11:00:00,HV-2026-002,2,35.73,54.93,30.85,81.18,normal,healthy,synthetic_prototype_dataset
2026-07-06T12:00:00,HV-2026-002,2,35.68,55.46,30.873,91.1,normal,healthy,synthetic_prototype_dataset
2026-07-06T13:00:00,HV-2026-002,2,35.65,56.23,30.876,80.56,normal,healthy,synthetic_prototype_dataset
2026-07-06T14:00:00,HV-2026-002,2,34.91,58.14,30.953,86.16,normal,healthy,synthetic_prototype_dataset
2026-07-06T15:00:00,HV-2026-002,2,35.98,57.76,30.985,85.16,normal,healthy,synthetic_prototype_dataset
2026-07-06T16:00:00,HV-2026-002,2,35.45,64.28,30.961,88.31,normal,healthy,synthetic_prototype_dataset
2026-07-06T17:00:00,HV-2026-002,2,35.26,59.58,31.015,94.16,normal,healthy,synthetic_prototype_dataset
2026-07-06T18:00:00,HV-2026-002,2,34.39,64.99,31.106,96.82,normal,healthy,synthetic_prototype_dataset
2026-07-06T19:00:00,HV-2026-002,2,33.99,64.85,31.099,93.3,normal,healthy,synthetic_prototype_dataset
2026-07-06T20:00:00,HV-2026-002,2,33.08,67.05,31.127,87.76,normal,healthy,synthetic_prototype_dataset
2026-07-06T21:00:00,HV-2026-002,2,33.56,73.57,31.148,87.41,normal,healthy,synthetic_prototype_dataset
2026-07-06T22:00:00,HV-2026-002,2,33.68,70.49,31.224,88.7,normal,healthy,synthetic_prototype_dataset
2026-07-06T23:00:00,HV-2026-002,2,32.98,67.55,31.192,80.68,normal,healthy,synthetic_prototype_dataset
2026-07-07T00:00:00,HV-2026-002,2,33.28,68.37,31.261,76.11,normal,healthy,synthetic_prototype_dataset
2026-07-07T01:00:00,HV-2026-002,2,33.05,69.07,31.308,73.18,normal,healthy,synthetic_prototype_dataset
2026-07-07T02:00:00,HV-2026-002,2,32.84,72.03,31.345,75.18,normal,healthy,synthetic_prototype_dataset
2026-07-07T03:00:00,HV-2026-002,2,33.78,68.79,31.383,73.14,normal,healthy,synthetic_prototype_dataset
2026-07-07T04:00:00,HV-2026-002,2,34.69,66.28,31.463,75.34,normal,healthy,synthetic_prototype_dataset
2026-07-07T05:00:00,HV-2026-002,2,34.44,66.96,31.528,73.06,normal,healthy,synthetic_prototype_dataset
2026-07-07T06:00:00,HV-2026-002,2,34.9,67.15,31.544,76.12,normal,healthy,synthetic_prototype_dataset
2026-07-07T07:00:00,HV-2026-002,2,34.51,61.39,31.629,74.31,normal,healthy,synthetic_prototype_dataset
2026-07-07T08:00:00,HV-2026-002,2,34.64,63.22,31.68,87.04,normal,healthy,synthetic_prototype_dataset
2026-07-07T09:00:00,HV-2026-002,2,35.13,59.1,31.691,81.86,normal,healthy,synthetic_prototype_dataset
2026-07-07T10:00:00,HV-2026-002,2,34.74,59.0,31.74,82.8,normal,healthy,synthetic_prototype_dataset
2026-07-07T11:00:00,HV-2026-002,2,35.49,55.45,31.806,80.42,normal,healthy,synthetic_prototype_dataset
2026-07-07T12:00:00,HV-2026-002,2,35.94,60.56,31.901,80.63,normal,healthy,synthetic_prototype_dataset
2026-07-07T13:00:00,HV-2026-002,2,35.43,57.82,31.941,82.21,normal,healthy,synthetic_prototype_dataset
2026-07-07T14:00:00,HV-2026-002,2,35.71,57.74,32.051,87.24,normal,healthy,synthetic_prototype_dataset
2026-07-07T15:00:00,HV-2026-002,2,35.86,56.59,32.055,91.46,normal,healthy,synthetic_prototype_dataset
2026-07-07T16:00:00,HV-2026-002,2,35.55,58.6,32.094,84.69,normal,healthy,synthetic_prototype_dataset
2026-07-07T17:00:00,HV-2026-002,2,34.67,63.52,32.113,89.01,normal,healthy,synthetic_prototype_dataset
2026-07-07T18:00:00,HV-2026-002,2,33.9,62.66,32.204,90.26,normal,healthy,synthetic_prototype_dataset
2026-07-07T19:00:00,HV-2026-002,2,33.62,65.07,32.173,86.33,normal,healthy,synthetic_prototype_dataset
2026-07-07T20:00:00,HV-2026-002,2,34.37,67.07,32.264,89.19,normal,healthy,synthetic_prototype_dataset
2026-07-07T21:00:00,HV-2026-002,2,33.48,69.93,32.196,89.65,normal,healthy,synthetic_prototype_dataset
2026-07-07T22:00:00,HV-2026-002,2,33.26,72.56,32.254,84.16,normal,healthy,synthetic_prototype_dataset
2026-07-07T23:00:00,HV-2026-002,2,33.71,70.11,32.248,87.8,normal,healthy,synthetic_prototype_dataset
2026-07-08T00:00:00,HV-2026-002,2,33.08,73.43,32.285,76.72,normal,healthy,synthetic_prototype_dataset
2026-07-08T01:00:00,HV-2026-002,2,33.62,72.39,32.337,80.97,normal,healthy,synthetic_prototype_dataset
2026-07-08T02:00:00,HV-2026-002,2,33.62,70.03,32.405,75.68,normal,healthy,synthetic_prototype_dataset
2026-07-08T03:00:00,HV-2026-002,2,33.56,71.71,32.487,75.97,normal,healthy,synthetic_prototype_dataset
2026-07-08T04:00:00,HV-2026-002,2,33.61,69.8,32.54,77.1,normal,healthy,synthetic_prototype_dataset
2026-07-08T05:00:00,HV-2026-002,2,33.99,66.07,32.564,73.67,normal,healthy,synthetic_prototype_dataset
2026-07-08T06:00:00,HV-2026-002,2,34.53,64.14,32.576,79.16,normal,healthy,synthetic_prototype_dataset
2026-07-08T07:00:00,HV-2026-002,2,35.38,63.6,32.592,80.47,normal,healthy,synthetic_prototype_dataset
2026-07-08T08:00:00,HV-2026-002,2,35.15,57.94,32.645,80.13,normal,healthy,synthetic_prototype_dataset
2026-07-08T09:00:00,HV-2026-002,2,36.55,61.34,32.704,78.35,normal,warning,synthetic_prototype_dataset
2026-07-08T10:00:00,HV-2026-002,2,35.67,55.79,32.681,79.95,normal,healthy,synthetic_prototype_dataset
2026-07-08T11:00:00,HV-2026-002,2,35.7,53.11,32.702,83.66,normal,healthy,synthetic_prototype_dataset
2026-07-08T12:00:00,HV-2026-002,2,35.67,55.47,32.732,91.93,normal,healthy,synthetic_prototype_dataset
2026-07-08T13:00:00,HV-2026-002,2,36.02,55.89,32.773,86.85,normal,warning,synthetic_prototype_dataset
2026-07-08T14:00:00,HV-2026-002,2,35.25,56.22,32.851,86.66,normal,healthy,synthetic_prototype_dataset
2026-07-08T15:00:00,HV-2026-002,2,34.9,58.63,32.896,82.03,normal,healthy,synthetic_prototype_dataset
2026-07-08T16:00:00,HV-2026-002,2,35.1,61.72,32.949,97.33,normal,healthy,synthetic_prototype_dataset
2026-07-08T17:00:00,HV-2026-002,2,35.37,64.46,33.081,92.53,normal,healthy,synthetic_prototype_dataset
2026-07-08T18:00:00,HV-2026-002,2,34.54,65.41,33.091,90.38,normal,healthy,synthetic_prototype_dataset
2026-07-08T19:00:00,HV-2026-002,2,33.84,66.19,33.093,87.48,normal,healthy,synthetic_prototype_dataset
2026-07-08T20:00:00,HV-2026-002,2,34.0,66.91,33.051,84.43,normal,healthy,synthetic_prototype_dataset
2026-07-08T21:00:00,HV-2026-002,2,33.03,67.02,33.09,89.7,normal,healthy,synthetic_prototype_dataset
2026-07-08T22:00:00,HV-2026-002,2,33.82,71.08,33.153,90.25,normal,healthy,synthetic_prototype_dataset
2026-07-08T23:00:00,HV-2026-002,2,33.31,72.4,33.21,88.42,normal,healthy,synthetic_prototype_dataset
2026-07-09T00:00:00,HV-2026-002,2,33.79,66.29,33.225,74.93,normal,healthy,synthetic_prototype_dataset
2026-07-09T01:00:00,HV-2026-002,2,33.78,73.1,33.199,80.94,normal,healthy,synthetic_prototype_dataset
2026-07-09T02:00:00,HV-2026-002,2,32.87,67.52,33.216,74.89,normal,healthy,synthetic_prototype_dataset
2026-07-09T03:00:00,HV-2026-002,2,32.9,69.63,33.265,79.69,normal,healthy,synthetic_prototype_dataset
2026-07-09T04:00:00,HV-2026-002,2,33.68,66.94,33.289,81.91,normal,healthy,synthetic_prototype_dataset
2026-07-09T05:00:00,HV-2026-002,2,32.91,63.6,33.314,72.2,normal,healthy,synthetic_prototype_dataset
2026-07-09T06:00:00,HV-2026-002,2,34.4,63.29,33.316,76.23,normal,healthy,synthetic_prototype_dataset
2026-07-09T07:00:00,HV-2026-002,2,35.14,61.28,33.325,77.25,normal,healthy,synthetic_prototype_dataset
2026-07-09T08:00:00,HV-2026-002,2,35.17,56.88,33.371,78.04,normal,healthy,synthetic_prototype_dataset
2026-07-09T09:00:00,HV-2026-002,2,36.01,59.63,33.446,77.77,normal,warning,synthetic_prototype_dataset
2026-07-09T10:00:00,HV-2026-002,2,35.48,55.22,33.459,87.38,normal,healthy,synthetic_prototype_dataset
2026-07-09T11:00:00,HV-2026-002,2,36.45,54.69,33.483,81.14,normal,warning,synthetic_prototype_dataset
2026-07-09T12:00:00,HV-2026-002,2,36.08,53.35,33.47,87.03,normal,warning,synthetic_prototype_dataset
2026-07-09T13:00:00,HV-2026-002,2,34.9,55.95,33.518,88.56,normal,healthy,synthetic_prototype_dataset
2026-07-09T14:00:00,HV-2026-002,2,35.58,56.79,33.59,89.12,normal,healthy,synthetic_prototype_dataset
2026-07-09T15:00:00,HV-2026-002,2,35.15,58.63,33.644,94.95,normal,healthy,synthetic_prototype_dataset
2026-07-09T16:00:00,HV-2026-002,2,35.52,62.2,33.661,87.69,normal,healthy,synthetic_prototype_dataset
2026-07-09T17:00:00,HV-2026-002,2,34.75,61.44,33.659,94.31,normal,healthy,synthetic_prototype_dataset
2026-07-09T18:00:00,HV-2026-002,2,34.92,62.96,33.711,90.78,normal,healthy,synthetic_prototype_dataset
2026-07-09T19:00:00,HV-2026-002,2,34.51,62.91,33.731,89.68,normal,healthy,synthetic_prototype_dataset
2026-07-09T20:00:00,HV-2026-002,2,34.15,65.88,33.669,85.74,normal,healthy,synthetic_prototype_dataset
2026-07-09T21:00:00,HV-2026-002,2,33.57,68.58,33.753,90.97,normal,healthy,synthetic_prototype_dataset
2026-07-09T22:00:00,HV-2026-002,2,33.43,69.52,33.816,86.06,normal,healthy,synthetic_prototype_dataset
2026-07-09T23:00:00,HV-2026-002,2,33.2,68.31,33.891,88.48,normal,healthy,synthetic_prototype_dataset
2026-07-10T00:00:00,HV-2026-002,2,32.95,70.18,33.934,75.12,normal,healthy,synthetic_prototype_dataset
2026-07-10T01:00:00,HV-2026-002,2,33.07,68.97,33.971,74.75,normal,healthy,synthetic_prototype_dataset
2026-07-10T02:00:00,HV-2026-002,2,33.24,67.04,33.999,75.37,normal,healthy,synthetic_prototype_dataset
2026-07-10T03:00:00,HV-2026-002,2,33.5,68.69,34.05,78.46,normal,healthy,synthetic_prototype_dataset
2026-07-10T04:00:00,HV-2026-002,2,34.17,66.45,34.055,72.35,normal,healthy,synthetic_prototype_dataset
2026-07-10T05:00:00,HV-2026-002,2,33.96,65.23,34.052,76.34,normal,healthy,synthetic_prototype_dataset
2026-07-10T06:00:00,HV-2026-002,2,34.13,60.39,34.106,74.34,normal,healthy,synthetic_prototype_dataset
2026-07-10T07:00:00,HV-2026-002,2,34.53,59.6,34.146,82.64,normal,healthy,synthetic_prototype_dataset
2026-07-10T08:00:00,HV-2026-002,2,35.03,59.49,34.213,73.29,normal,healthy,synthetic_prototype_dataset
2026-07-10T09:00:00,HV-2026-002,2,36.37,62.83,34.152,78.42,normal,warning,synthetic_prototype_dataset
2026-07-10T10:00:00,HV-2026-002,2,35.37,56.84,34.175,85.84,normal,healthy,synthetic_prototype_dataset
2026-07-10T11:00:00,HV-2026-002,2,35.77,54.98,34.21,86.32,normal,healthy,synthetic_prototype_dataset
2026-07-10T12:00:00,HV-2026-002,2,35.33,53.42,34.322,83.65,normal,healthy,synthetic_prototype_dataset
2026-07-10T13:00:00,HV-2026-002,2,35.76,55.9,34.384,93.31,normal,healthy,synthetic_prototype_dataset
2026-07-10T14:00:00,HV-2026-002,2,35.95,54.59,34.378,86.73,normal,healthy,synthetic_prototype_dataset
2026-07-10T15:00:00,HV-2026-002,2,35.36,55.33,34.447,85.13,normal,healthy,synthetic_prototype_dataset
2026-07-10T16:00:00,HV-2026-002,2,35.89,63.16,34.476,91.06,normal,healthy,synthetic_prototype_dataset
2026-07-10T17:00:00,HV-2026-002,2,34.35,62.69,34.493,86.07,normal,healthy,synthetic_prototype_dataset
2026-07-10T18:00:00,HV-2026-002,2,34.44,62.54,34.511,93.32,normal,healthy,synthetic_prototype_dataset
2026-07-10T19:00:00,HV-2026-002,2,33.88,68.32,34.49,95.53,normal,healthy,synthetic_prototype_dataset
2026-07-10T20:00:00,HV-2026-002,2,33.46,66.88,34.498,88.32,normal,healthy,synthetic_prototype_dataset
2026-07-10T21:00:00,HV-2026-002,2,34.01,71.03,34.564,87.52,normal,healthy,synthetic_prototype_dataset
2026-07-10T22:00:00,HV-2026-002,2,33.52,68.04,34.555,84.11,normal,healthy,synthetic_prototype_dataset
2026-07-10T23:00:00,HV-2026-002,2,33.11,70.59,34.513,86.94,normal,healthy,synthetic_prototype_dataset
2026-07-11T00:00:00,HV-2026-002,2,33.99,72.29,34.517,71.11,normal,healthy,synthetic_prototype_dataset
2026-07-11T01:00:00,HV-2026-002,2,33.56,65.86,34.581,75.25,normal,healthy,synthetic_prototype_dataset
2026-07-11T02:00:00,HV-2026-002,2,34.3,66.22,34.638,75.65,normal,healthy,synthetic_prototype_dataset
2026-07-11T03:00:00,HV-2026-002,2,33.54,65.75,34.684,78.37,normal,healthy,synthetic_prototype_dataset
2026-07-11T04:00:00,HV-2026-002,2,34.76,68.58,34.688,72.49,normal,healthy,synthetic_prototype_dataset
2026-07-11T05:00:00,HV-2026-002,2,33.65,67.73,34.686,81.18,normal,healthy,synthetic_prototype_dataset
2026-07-11T06:00:00,HV-2026-002,2,34.84,63.86,34.7,78.31,normal,healthy,synthetic_prototype_dataset
2026-07-11T07:00:00,HV-2026-002,2,34.94,60.79,34.75,77.32,normal,healthy,synthetic_prototype_dataset
2026-07-11T08:00:00,HV-2026-002,2,34.9,60.85,34.777,81.33,normal,healthy,synthetic_prototype_dataset
2026-07-11T09:00:00,HV-2026-002,2,35.32,56.14,34.872,86.77,normal,healthy,synthetic_prototype_dataset
2026-07-11T10:00:00,HV-2026-002,2,36.13,56.51,34.899,86.93,normal,warning,synthetic_prototype_dataset
2026-07-11T11:00:00,HV-2026-002,2,35.7,55.37,35.005,84.36,normal,healthy,synthetic_prototype_dataset
2026-07-11T12:00:00,HV-2026-002,2,36.7,53.75,35.066,88.23,normal,warning,synthetic_prototype_dataset
2026-07-11T13:00:00,HV-2026-002,2,35.88,56.03,35.068,90.9,normal,healthy,synthetic_prototype_dataset
2026-07-11T14:00:00,HV-2026-002,2,35.39,57.04,35.067,93.57,normal,healthy,synthetic_prototype_dataset
2026-07-11T15:00:00,HV-2026-002,2,36.05,58.26,35.067,93.99,normal,warning,synthetic_prototype_dataset
2026-07-11T16:00:00,HV-2026-002,2,35.09,57.78,35.043,87.26,normal,healthy,synthetic_prototype_dataset
2026-07-11T17:00:00,HV-2026-002,2,34.29,60.34,35.103,88.57,normal,healthy,synthetic_prototype_dataset
2026-07-11T18:00:00,HV-2026-002,2,34.77,61.97,35.135,96.72,normal,healthy,synthetic_prototype_dataset
2026-07-11T19:00:00,HV-2026-002,2,34.11,65.77,35.106,95.2,normal,healthy,synthetic_prototype_dataset
2026-07-11T20:00:00,HV-2026-002,2,33.74,68.66,35.126,91.66,normal,healthy,synthetic_prototype_dataset
2026-07-11T21:00:00,HV-2026-002,2,33.99,67.4,35.189,86.28,normal,healthy,synthetic_prototype_dataset
2026-07-11T22:00:00,HV-2026-002,2,33.83,68.63,35.227,86.51,normal,healthy,synthetic_prototype_dataset
2026-07-11T23:00:00,HV-2026-002,2,33.37,68.09,35.26,87.26,normal,healthy,synthetic_prototype_dataset
2026-07-12T00:00:00,HV-2026-002,2,33.1,70.07,35.29,73.84,normal,healthy,synthetic_prototype_dataset
2026-07-12T01:00:00,HV-2026-002,2,33.33,68.12,35.397,79.71,normal,healthy,synthetic_prototype_dataset
2026-07-12T02:00:00,HV-2026-002,2,33.64,71.34,35.353,67.05,normal,warning,synthetic_prototype_dataset
2026-07-12T03:00:00,HV-2026-002,2,33.54,65.64,35.37,76.72,normal,healthy,synthetic_prototype_dataset
2026-07-12T04:00:00,HV-2026-002,2,34.4,64.62,35.409,76.05,normal,healthy,synthetic_prototype_dataset
2026-07-12T05:00:00,HV-2026-002,2,34.46,64.05,35.482,75.64,normal,healthy,synthetic_prototype_dataset
2026-07-12T06:00:00,HV-2026-002,2,35.44,61.75,35.533,75.79,normal,healthy,synthetic_prototype_dataset
2026-07-12T07:00:00,HV-2026-002,2,34.83,62.5,35.548,68.51,normal,warning,synthetic_prototype_dataset
2026-07-12T08:00:00,HV-2026-002,2,33.91,61.96,35.62,86.23,normal,healthy,synthetic_prototype_dataset
2026-07-12T09:00:00,HV-2026-002,2,35.55,55.9,35.64,81.4,normal,healthy,synthetic_prototype_dataset
2026-07-12T10:00:00,HV-2026-002,2,35.31,60.08,35.756,84.67,normal,healthy,synthetic_prototype_dataset
2026-07-12T11:00:00,HV-2026-002,2,35.89,54.08,35.85,84.79,normal,healthy,synthetic_prototype_dataset
2026-07-12T12:00:00,HV-2026-002,2,35.81,57.04,35.872,86.41,normal,healthy,synthetic_prototype_dataset
2026-07-12T13:00:00,HV-2026-002,2,35.25,58.37,35.912,91.16,normal,healthy,synthetic_prototype_dataset
2026-07-12T14:00:00,HV-2026-002,2,35.67,56.87,35.912,90.78,normal,healthy,synthetic_prototype_dataset
2026-07-12T15:00:00,HV-2026-002,2,35.16,57.35,35.952,89.36,normal,healthy,synthetic_prototype_dataset
2026-07-12T16:00:00,HV-2026-002,2,34.52,59.26,36.018,88.2,normal,healthy,synthetic_prototype_dataset
2026-07-12T17:00:00,HV-2026-002,2,34.87,61.65,36.047,86.27,normal,healthy,synthetic_prototype_dataset
2026-07-12T18:00:00,HV-2026-002,2,34.62,64.96,36.04,88.69,normal,healthy,synthetic_prototype_dataset
2026-07-12T19:00:00,HV-2026-002,2,33.68,66.68,36.062,86.9,normal,healthy,synthetic_prototype_dataset
2026-07-12T20:00:00,HV-2026-002,2,34.03,64.51,36.051,84.41,normal,healthy,synthetic_prototype_dataset
2026-07-12T21:00:00,HV-2026-002,2,33.24,70.57,36.05,90.57,normal,healthy,synthetic_prototype_dataset
2026-07-12T22:00:00,HV-2026-002,2,33.14,70.6,36.039,88.26,normal,healthy,synthetic_prototype_dataset
2026-07-12T23:00:00,HV-2026-002,2,33.41,74.12,36.086,85.03,normal,healthy,synthetic_prototype_dataset
2026-07-13T00:00:00,HV-2026-002,2,33.67,73.95,36.054,73.05,normal,healthy,synthetic_prototype_dataset
2026-07-13T01:00:00,HV-2026-002,2,33.3,69.11,36.068,71.44,normal,healthy,synthetic_prototype_dataset
2026-07-13T02:00:00,HV-2026-002,2,34.17,66.6,36.086,79.66,normal,healthy,synthetic_prototype_dataset
2026-07-13T03:00:00,HV-2026-002,2,33.73,66.28,36.063,75.2,normal,healthy,synthetic_prototype_dataset
2026-07-13T04:00:00,HV-2026-002,2,33.68,66.97,36.039,78.85,normal,healthy,synthetic_prototype_dataset
2026-07-13T05:00:00,HV-2026-002,2,34.38,65.25,36.115,74.47,normal,healthy,synthetic_prototype_dataset
2026-07-13T06:00:00,HV-2026-002,2,34.34,62.11,36.133,75.68,normal,healthy,synthetic_prototype_dataset
2026-07-13T07:00:00,HV-2026-002,2,34.63,57.64,36.138,79.09,normal,healthy,synthetic_prototype_dataset
2026-07-13T08:00:00,HV-2026-002,2,35.38,61.76,36.237,82.28,normal,healthy,synthetic_prototype_dataset
2026-07-13T09:00:00,HV-2026-002,2,36.21,59.53,36.33,86.39,normal,warning,synthetic_prototype_dataset
2026-07-13T10:00:00,HV-2026-002,2,36.22,58.31,36.361,81.32,normal,warning,synthetic_prototype_dataset
2026-07-13T11:00:00,HV-2026-002,2,35.77,57.45,36.376,83.85,normal,healthy,synthetic_prototype_dataset
2026-07-13T12:00:00,HV-2026-002,2,34.91,59.2,36.411,87.49,normal,healthy,synthetic_prototype_dataset
2026-07-13T13:00:00,HV-2026-002,2,36.58,56.88,36.505,78.72,normal,warning,synthetic_prototype_dataset
2026-07-13T14:00:00,HV-2026-002,2,36.87,58.99,36.554,87.02,normal,warning,synthetic_prototype_dataset
2026-07-13T15:00:00,HV-2026-002,2,35.06,57.63,36.645,82.4,normal,healthy,synthetic_prototype_dataset
2026-07-13T16:00:00,HV-2026-002,2,35.57,60.56,36.752,83.98,normal,healthy,synthetic_prototype_dataset
2026-07-13T17:00:00,HV-2026-002,2,35.73,60.28,36.77,85.6,normal,healthy,synthetic_prototype_dataset
2026-07-13T18:00:00,HV-2026-002,2,34.18,63.82,36.761,92.59,normal,healthy,synthetic_prototype_dataset
2026-07-13T19:00:00,HV-2026-002,2,34.03,62.73,36.768,91.06,normal,healthy,synthetic_prototype_dataset
2026-07-13T20:00:00,HV-2026-002,2,33.89,66.66,36.817,93.31,normal,healthy,synthetic_prototype_dataset
2026-07-13T21:00:00,HV-2026-002,2,33.61,66.17,36.845,90.58,normal,healthy,synthetic_prototype_dataset
2026-07-13T22:00:00,HV-2026-002,2,32.88,67.56,36.844,87.4,normal,healthy,synthetic_prototype_dataset
2026-07-13T23:00:00,HV-2026-002,2,33.07,71.13,36.813,81.58,normal,healthy,synthetic_prototype_dataset
2026-07-14T00:00:00,HV-2026-002,2,33.23,69.73,36.787,73.88,normal,healthy,synthetic_prototype_dataset
2026-07-14T01:00:00,HV-2026-002,2,33.25,69.1,36.818,73.68,normal,healthy,synthetic_prototype_dataset
2026-07-14T02:00:00,HV-2026-002,2,34.22,69.98,36.814,76.33,normal,healthy,synthetic_prototype_dataset
2026-07-14T03:00:00,HV-2026-002,2,33.82,70.18,36.818,78.69,normal,healthy,synthetic_prototype_dataset
2026-07-14T04:00:00,HV-2026-002,2,34.05,69.23,36.889,76.69,normal,healthy,synthetic_prototype_dataset
2026-07-14T05:00:00,HV-2026-002,2,34.23,65.77,36.907,81.88,normal,healthy,synthetic_prototype_dataset
2026-07-14T06:00:00,HV-2026-002,2,34.72,62.31,36.916,71.75,normal,healthy,synthetic_prototype_dataset
2026-07-14T07:00:00,HV-2026-002,2,35.27,59.76,36.98,73.3,normal,healthy,synthetic_prototype_dataset
2026-07-14T08:00:00,HV-2026-002,2,35.39,61.61,36.934,86.69,normal,healthy,synthetic_prototype_dataset
2026-07-14T09:00:00,HV-2026-002,2,35.41,58.35,36.988,83.9,normal,healthy,synthetic_prototype_dataset
2026-07-14T10:00:00,HV-2026-002,2,35.93,58.78,37.044,89.16,normal,healthy,synthetic_prototype_dataset
2026-07-14T11:00:00,HV-2026-002,2,36.18,59.82,37.116,76.97,normal,warning,synthetic_prototype_dataset
2026-07-14T12:00:00,HV-2026-002,2,37.16,55.01,37.211,77.88,normal,warning,synthetic_prototype_dataset
2026-07-14T13:00:00,HV-2026-002,2,36.42,55.04,37.276,83.3,normal,warning,synthetic_prototype_dataset
2026-07-14T14:00:00,HV-2026-002,2,36.52,57.77,37.351,76.9,normal,warning,synthetic_prototype_dataset
2026-07-14T15:00:00,HV-2026-002,2,35.57,58.83,37.399,92.3,normal,healthy,synthetic_prototype_dataset
2026-07-14T16:00:00,HV-2026-002,2,35.17,59.63,37.478,81.55,normal,healthy,synthetic_prototype_dataset
2026-07-14T17:00:00,HV-2026-002,2,35.29,60.63,37.48,91.06,normal,healthy,synthetic_prototype_dataset
2026-07-14T18:00:00,HV-2026-002,2,35.24,64.91,37.505,93.07,normal,healthy,synthetic_prototype_dataset
2026-07-14T19:00:00,HV-2026-002,2,34.74,64.7,37.506,87.66,normal,healthy,synthetic_prototype_dataset
2026-07-14T20:00:00,HV-2026-002,2,34.41,66.47,37.494,83.63,normal,healthy,synthetic_prototype_dataset
2026-07-14T21:00:00,HV-2026-002,2,34.14,67.01,37.531,93.27,normal,healthy,synthetic_prototype_dataset
2026-07-14T22:00:00,HV-2026-002,2,32.97,69.02,37.55,89.45,normal,healthy,synthetic_prototype_dataset
2026-07-14T23:00:00,HV-2026-002,2,33.99,67.41,37.595,90.72,normal,healthy,synthetic_prototype_dataset
2026-07-15T00:00:00,HV-2026-002,2,33.31,69.76,37.635,77.21,normal,healthy,synthetic_prototype_dataset
2026-07-15T01:00:00,HV-2026-002,2,33.7,70.78,37.625,79.47,normal,healthy,synthetic_prototype_dataset
2026-07-15T02:00:00,HV-2026-002,2,34.1,69.41,37.598,75.6,normal,healthy,synthetic_prototype_dataset
2026-07-15T03:00:00,HV-2026-002,2,33.86,65.9,37.61,71.07,normal,healthy,synthetic_prototype_dataset
2026-07-15T04:00:00,HV-2026-002,2,34.32,66.81,37.578,77.23,normal,healthy,synthetic_prototype_dataset
2026-07-15T05:00:00,HV-2026-002,2,34.33,65.75,37.589,73.19,normal,healthy,synthetic_prototype_dataset
2026-07-15T06:00:00,HV-2026-002,2,34.35,62.04,37.615,76.52,normal,healthy,synthetic_prototype_dataset
2026-07-15T07:00:00,HV-2026-002,2,34.95,60.44,37.627,86.6,normal,healthy,synthetic_prototype_dataset
2026-07-15T08:00:00,HV-2026-002,2,35.0,58.51,37.772,81.1,normal,healthy,synthetic_prototype_dataset
2026-07-15T09:00:00,HV-2026-002,2,34.99,59.58,37.774,84.54,normal,healthy,synthetic_prototype_dataset
2026-07-15T10:00:00,HV-2026-002,2,35.73,56.16,37.868,84.98,normal,healthy,synthetic_prototype_dataset
2026-07-15T11:00:00,HV-2026-002,2,36.39,57.03,37.894,83.93,normal,warning,synthetic_prototype_dataset
2026-07-15T12:00:00,HV-2026-002,2,36.54,56.25,37.999,85.09,normal,warning,synthetic_prototype_dataset
2026-07-15T13:00:00,HV-2026-002,2,36.05,56.7,38.047,82.4,normal,warning,synthetic_prototype_dataset
2026-07-15T14:00:00,HV-2026-002,2,35.78,57.35,38.075,89.31,normal,healthy,synthetic_prototype_dataset
2026-07-15T15:00:00,HV-2026-002,2,35.62,59.45,38.138,89.52,normal,healthy,synthetic_prototype_dataset
2026-07-15T16:00:00,HV-2026-002,2,34.73,62.73,38.171,89.24,normal,healthy,synthetic_prototype_dataset
2026-07-15T17:00:00,HV-2026-002,2,34.88,60.32,38.259,94.73,normal,healthy,synthetic_prototype_dataset
2026-07-15T18:00:00,HV-2026-002,2,34.9,62.82,38.311,90.26,normal,healthy,synthetic_prototype_dataset
2026-07-15T19:00:00,HV-2026-002,2,34.27,65.43,38.32,90.76,normal,healthy,synthetic_prototype_dataset
2026-07-15T20:00:00,HV-2026-002,2,34.14,67.6,38.323,92.01,normal,healthy,synthetic_prototype_dataset
2026-07-15T21:00:00,HV-2026-002,2,33.37,66.93,38.33,85.18,normal,healthy,synthetic_prototype_dataset
2026-07-15T22:00:00,HV-2026-002,2,34.03,67.33,38.33,92.52,normal,healthy,synthetic_prototype_dataset
2026-07-15T23:00:00,HV-2026-002,2,33.18,69.43,38.32,90.02,normal,healthy,synthetic_prototype_dataset
2026-07-16T00:00:00,HV-2026-002,2,33.78,71.33,38.364,76.26,normal,healthy,synthetic_prototype_dataset
2026-07-16T01:00:00,HV-2026-002,2,33.21,68.29,38.434,78.68,normal,healthy,synthetic_prototype_dataset
2026-07-16T02:00:00,HV-2026-002,2,33.26,69.13,38.448,72.05,normal,healthy,synthetic_prototype_dataset
2026-07-16T03:00:00,HV-2026-002,2,33.86,67.2,38.44,70.82,normal,healthy,synthetic_prototype_dataset
2026-07-16T04:00:00,HV-2026-002,2,33.35,65.83,38.462,72.94,normal,healthy,synthetic_prototype_dataset
2026-07-16T05:00:00,HV-2026-002,2,34.66,64.69,38.507,75.36,normal,healthy,synthetic_prototype_dataset
2026-07-16T06:00:00,HV-2026-002,2,34.35,63.21,38.488,77.89,normal,healthy,synthetic_prototype_dataset
2026-07-16T07:00:00,HV-2026-002,2,34.61,62.84,38.501,81.55,normal,healthy,synthetic_prototype_dataset
2026-07-16T08:00:00,HV-2026-002,2,34.84,58.28,38.544,83.72,normal,healthy,synthetic_prototype_dataset
2026-07-16T09:00:00,HV-2026-002,2,36.37,58.12,38.643,77.76,normal,warning,synthetic_prototype_dataset
2026-07-16T10:00:00,HV-2026-002,2,36.32,55.24,38.695,72.56,normal,warning,synthetic_prototype_dataset
2026-07-16T11:00:00,HV-2026-002,2,35.45,57.08,38.69,86.02,normal,healthy,synthetic_prototype_dataset
2026-07-16T12:00:00,HV-2026-002,2,36.41,55.1,38.698,81.38,normal,warning,synthetic_prototype_dataset
2026-07-16T13:00:00,HV-2026-002,2,35.52,56.06,38.745,86.04,normal,healthy,synthetic_prototype_dataset
2026-07-16T14:00:00,HV-2026-002,2,36.58,55.64,38.836,80.42,normal,warning,synthetic_prototype_dataset
2026-07-16T15:00:00,HV-2026-002,2,35.65,60.18,38.916,87.46,normal,healthy,synthetic_prototype_dataset
2026-07-16T16:00:00,HV-2026-002,2,35.6,60.26,38.935,91.68,normal,healthy,synthetic_prototype_dataset
2026-07-16T17:00:00,HV-2026-002,2,35.87,62.04,38.989,92.23,normal,healthy,synthetic_prototype_dataset
2026-07-16T18:00:00,HV-2026-002,2,34.04,63.83,38.983,87.94,normal,healthy,synthetic_prototype_dataset
2026-07-16T19:00:00,HV-2026-002,2,35.34,64.36,38.982,93.91,normal,healthy,synthetic_prototype_dataset
2026-07-16T20:00:00,HV-2026-002,2,33.62,65.69,39.051,89.67,normal,healthy,synthetic_prototype_dataset
2026-07-16T21:00:00,HV-2026-002,2,33.08,68.93,39.062,94.32,normal,healthy,synthetic_prototype_dataset
2026-07-16T22:00:00,HV-2026-002,2,33.3,70.95,39.149,85.15,normal,healthy,synthetic_prototype_dataset
2026-07-16T23:00:00,HV-2026-002,2,33.36,70.46,39.144,88.05,normal,healthy,synthetic_prototype_dataset
2026-07-17T00:00:00,HV-2026-002,2,33.29,69.57,39.171,76.25,normal,healthy,synthetic_prototype_dataset
2026-07-17T01:00:00,HV-2026-002,2,33.51,68.69,39.176,75.58,normal,healthy,synthetic_prototype_dataset
2026-07-17T02:00:00,HV-2026-002,2,33.55,68.28,39.212,69.65,normal,warning,synthetic_prototype_dataset
2026-07-17T03:00:00,HV-2026-002,2,33.45,67.46,39.207,81.7,normal,healthy,synthetic_prototype_dataset
2026-07-17T04:00:00,HV-2026-002,2,34.05,66.83,39.216,75.94,normal,healthy,synthetic_prototype_dataset
2026-07-17T05:00:00,HV-2026-002,2,33.81,64.52,39.208,75.03,normal,healthy,synthetic_prototype_dataset
2026-07-17T06:00:00,HV-2026-002,2,33.54,60.98,39.284,78.91,normal,healthy,synthetic_prototype_dataset
2026-07-17T07:00:00,HV-2026-002,2,35.63,63.7,39.333,76.24,normal,healthy,synthetic_prototype_dataset
2026-07-17T08:00:00,HV-2026-002,2,34.88,61.58,39.364,88.35,normal,healthy,synthetic_prototype_dataset
2026-07-17T09:00:00,HV-2026-002,2,35.45,61.61,39.393,86.03,normal,healthy,synthetic_prototype_dataset
2026-07-17T10:00:00,HV-2026-002,2,36.59,55.11,39.414,75.29,normal,warning,synthetic_prototype_dataset
2026-07-17T11:00:00,HV-2026-002,2,35.4,57.45,39.447,84.71,normal,healthy,synthetic_prototype_dataset
2026-07-17T12:00:00,HV-2026-002,2,36.25,52.67,39.535,82.95,normal,warning,synthetic_prototype_dataset
2026-07-17T13:00:00,HV-2026-002,2,36.19,57.37,39.626,85.4,normal,warning,synthetic_prototype_dataset
2026-07-17T14:00:00,HV-2026-002,2,34.87,57.05,39.675,84.5,normal,healthy,synthetic_prototype_dataset
2026-07-17T15:00:00,HV-2026-002,2,35.68,57.41,39.669,91.28,normal,healthy,synthetic_prototype_dataset
2026-07-17T16:00:00,HV-2026-002,2,35.09,58.78,39.69,93.85,normal,healthy,synthetic_prototype_dataset
2026-07-17T17:00:00,HV-2026-002,2,35.01,61.34,39.709,91.5,normal,healthy,synthetic_prototype_dataset
2026-07-17T18:00:00,HV-2026-002,2,35.3,64.18,39.763,92.12,normal,healthy,synthetic_prototype_dataset
2026-07-17T19:00:00,HV-2026-002,2,33.74,63.25,39.78,87.34,normal,healthy,synthetic_prototype_dataset
2026-07-17T20:00:00,HV-2026-002,2,33.57,63.14,39.758,88.63,normal,healthy,synthetic_prototype_dataset
2026-07-17T21:00:00,HV-2026-002,2,33.75,66.53,39.786,87.42,normal,healthy,synthetic_prototype_dataset
2026-07-17T22:00:00,HV-2026-002,2,34.06,68.78,39.836,88.84,normal,healthy,synthetic_prototype_dataset
2026-07-17T23:00:00,HV-2026-002,2,32.81,69.61,39.817,86.73,normal,healthy,synthetic_prototype_dataset
2026-07-18T00:00:00,HV-2026-002,2,33.05,70.73,39.795,76.05,normal,healthy,synthetic_prototype_dataset
2026-07-18T01:00:00,HV-2026-002,2,33.69,71.44,39.794,76.06,normal,healthy,synthetic_prototype_dataset
2026-07-18T02:00:00,HV-2026-002,2,33.64,71.89,39.767,72.81,normal,healthy,synthetic_prototype_dataset
2026-07-18T03:00:00,HV-2026-002,2,35.03,67.5,39.725,73.96,normal,healthy,synthetic_prototype_dataset
2026-07-18T04:00:00,HV-2026-002,2,32.79,66.98,39.779,72.81,normal,healthy,synthetic_prototype_dataset
2026-07-18T05:00:00,HV-2026-002,2,34.14,66.52,39.743,71.37,normal,healthy,synthetic_prototype_dataset
2026-07-18T06:00:00,HV-2026-002,2,34.58,61.69,39.757,71.58,normal,healthy,synthetic_prototype_dataset
2026-07-18T07:00:00,HV-2026-002,2,35.12,60.96,39.802,78.53,normal,healthy,synthetic_prototype_dataset
2026-07-18T08:00:00,HV-2026-002,2,35.43,56.94,39.848,78.47,normal,healthy,synthetic_prototype_dataset
2026-07-18T09:00:00,HV-2026-002,2,35.53,59.98,39.857,86.09,normal,healthy,synthetic_prototype_dataset
2026-07-18T10:00:00,HV-2026-002,2,36.46,58.34,39.861,72.12,normal,warning,synthetic_prototype_dataset
2026-07-18T11:00:00,HV-2026-002,2,36.43,56.48,39.875,85.65,normal,warning,synthetic_prototype_dataset
2026-07-18T12:00:00,HV-2026-002,2,35.6,55.28,39.936,82.0,normal,healthy,synthetic_prototype_dataset
2026-07-18T13:00:00,HV-2026-002,2,35.89,58.24,39.986,91.47,normal,healthy,synthetic_prototype_dataset
2026-07-18T14:00:00,HV-2026-002,2,36.32,57.0,39.947,82.01,normal,warning,synthetic_prototype_dataset
2026-07-18T15:00:00,HV-2026-002,2,35.95,55.3,39.976,90.12,normal,healthy,synthetic_prototype_dataset
2026-07-18T16:00:00,HV-2026-002,2,36.0,58.51,39.991,89.34,normal,healthy,synthetic_prototype_dataset
2026-07-18T17:00:00,HV-2026-002,2,35.18,60.95,40.062,87.08,normal,healthy,synthetic_prototype_dataset
2026-07-18T18:00:00,HV-2026-002,2,34.74,63.85,40.078,92.94,normal,healthy,synthetic_prototype_dataset
2026-07-18T19:00:00,HV-2026-002,2,34.42,66.28,40.109,91.2,normal,healthy,synthetic_prototype_dataset
2026-07-18T20:00:00,HV-2026-002,2,33.75,65.41,40.177,91.75,normal,healthy,synthetic_prototype_dataset
2026-07-18T21:00:00,HV-2026-002,2,33.31,68.32,40.119,86.93,normal,healthy,synthetic_prototype_dataset
2026-07-18T22:00:00,HV-2026-002,2,33.99,68.88,40.148,77.57,normal,healthy,synthetic_prototype_dataset
2026-07-18T23:00:00,HV-2026-002,2,33.25,70.41,40.19,90.48,normal,healthy,synthetic_prototype_dataset
2026-07-19T00:00:00,HV-2026-002,2,37.27,65.8,40.168,57.28,heat_stress,warning,synthetic_prototype_dataset
2026-07-19T01:00:00,HV-2026-002,2,36.84,62.53,40.155,63.28,heat_stress,warning,synthetic_prototype_dataset
2026-07-19T02:00:00,HV-2026-002,2,37.42,65.56,40.162,51.73,heat_stress,warning,synthetic_prototype_dataset
2026-07-19T03:00:00,HV-2026-002,2,38.17,60.14,40.168,57.81,heat_stress,critical,synthetic_prototype_dataset
2026-07-19T04:00:00,HV-2026-002,2,38.12,61.29,40.128,55.2,heat_stress,critical,synthetic_prototype_dataset
2026-07-19T05:00:00,HV-2026-002,2,37.99,59.52,40.187,53.75,heat_stress,warning,synthetic_prototype_dataset
2026-07-19T06:00:00,HV-2026-002,2,38.8,59.38,40.246,57.53,heat_stress,critical,synthetic_prototype_dataset
2026-07-19T07:00:00,HV-2026-002,2,39.36,56.98,40.286,54.57,heat_stress,critical,synthetic_prototype_dataset
2026-07-19T08:00:00,HV-2026-002,2,38.13,56.28,40.331,63.29,heat_stress,critical,synthetic_prototype_dataset
2026-07-19T09:00:00,HV-2026-002,2,39.35,56.83,40.349,64.83,heat_stress,critical,synthetic_prototype_dataset
2026-07-19T10:00:00,HV-2026-002,2,40.06,56.13,40.375,62.3,heat_stress,critical,synthetic_prototype_dataset
2026-07-19T11:00:00,HV-2026-002,2,39.25,55.13,40.431,68.11,heat_stress,critical,synthetic_prototype_dataset
2026-07-19T12:00:00,HV-2026-002,2,41.37,52.68,40.427,57.64,heat_stress,critical,synthetic_prototype_dataset
2026-07-19T13:00:00,HV-2026-002,2,39.48,51.62,40.456,67.05,heat_stress,critical,synthetic_prototype_dataset
2026-07-19T14:00:00,HV-2026-002,2,39.16,55.9,40.509,69.34,heat_stress,critical,synthetic_prototype_dataset
2026-07-19T15:00:00,HV-2026-002,2,39.93,55.0,40.559,73.33,heat_stress,critical,synthetic_prototype_dataset
2026-07-19T16:00:00,HV-2026-002,2,39.38,56.8,40.624,72.09,heat_stress,critical,synthetic_prototype_dataset
2026-07-19T17:00:00,HV-2026-002,2,38.9,60.04,40.641,73.25,heat_stress,critical,synthetic_prototype_dataset
2026-07-19T18:00:00,HV-2026-002,2,38.85,58.0,40.642,70.76,heat_stress,critical,synthetic_prototype_dataset
2026-07-19T19:00:00,HV-2026-002,2,38.11,58.28,40.644,72.81,heat_stress,critical,synthetic_prototype_dataset
2026-07-19T20:00:00,HV-2026-002,2,38.59,63.6,40.578,73.77,heat_stress,critical,synthetic_prototype_dataset
2026-07-19T21:00:00,HV-2026-002,2,37.5,64.86,40.603,70.26,heat_stress,warning,synthetic_prototype_dataset
2026-07-19T22:00:00,HV-2026-002,2,37.49,65.12,40.675,70.06,heat_stress,warning,synthetic_prototype_dataset
2026-07-19T23:00:00,HV-2026-002,2,37.9,67.55,40.723,62.85,heat_stress,warning,synthetic_prototype_dataset
2026-07-20T00:00:00,HV-2026-002,2,37.84,65.35,40.773,54.6,heat_stress,warning,synthetic_prototype_dataset
2026-07-20T01:00:00,HV-2026-002,2,36.85,69.49,40.765,62.01,heat_stress,warning,synthetic_prototype_dataset
2026-07-20T02:00:00,HV-2026-002,2,37.57,64.48,40.788,53.45,heat_stress,warning,synthetic_prototype_dataset
2026-07-20T03:00:00,HV-2026-002,2,37.71,62.17,40.799,61.24,heat_stress,warning,synthetic_prototype_dataset
2026-07-20T04:00:00,HV-2026-002,2,38.1,60.01,40.854,57.98,heat_stress,critical,synthetic_prototype_dataset
2026-07-20T05:00:00,HV-2026-002,2,38.06,62.33,40.873,53.92,heat_stress,critical,synthetic_prototype_dataset
2026-07-20T06:00:00,HV-2026-002,2,39.47,59.14,40.896,56.58,heat_stress,critical,synthetic_prototype_dataset
2026-07-20T07:00:00,HV-2026-002,2,39.51,56.42,40.867,57.45,heat_stress,critical,synthetic_prototype_dataset
2026-07-20T08:00:00,HV-2026-002,2,39.89,57.17,40.887,66.43,heat_stress,critical,synthetic_prototype_dataset
2026-07-20T09:00:00,HV-2026-002,2,39.9,53.74,40.915,64.51,heat_stress,critical,synthetic_prototype_dataset
2026-07-20T10:00:00,HV-2026-002,2,39.39,53.12,40.964,59.1,heat_stress,critical,synthetic_prototype_dataset
2026-07-20T11:00:00,HV-2026-002,2,39.81,51.87,41.041,60.07,heat_stress,critical,synthetic_prototype_dataset
2026-07-20T12:00:00,HV-2026-002,2,39.77,51.31,41.117,67.75,heat_stress,critical,synthetic_prototype_dataset
2026-07-20T13:00:00,HV-2026-002,2,40.7,53.6,41.145,65.02,heat_stress,critical,synthetic_prototype_dataset
2026-07-20T14:00:00,HV-2026-002,2,39.61,54.66,41.141,67.24,heat_stress,critical,synthetic_prototype_dataset
2026-07-20T15:00:00,HV-2026-002,2,39.76,56.43,41.104,75.74,heat_stress,critical,synthetic_prototype_dataset
2026-07-20T16:00:00,HV-2026-002,2,39.23,52.28,41.037,66.17,heat_stress,critical,synthetic_prototype_dataset
2026-07-20T17:00:00,HV-2026-002,2,38.97,57.24,41.093,69.96,heat_stress,critical,synthetic_prototype_dataset
2026-07-20T18:00:00,HV-2026-002,2,38.14,58.43,41.124,72.81,heat_stress,critical,synthetic_prototype_dataset
2026-07-20T19:00:00,HV-2026-002,2,37.95,62.61,41.127,68.84,heat_stress,warning,synthetic_prototype_dataset
2026-07-20T20:00:00,HV-2026-002,2,37.75,64.61,41.148,69.09,heat_stress,warning,synthetic_prototype_dataset
2026-07-20T21:00:00,HV-2026-002,2,38.14,67.98,41.18,75.25,heat_stress,critical,synthetic_prototype_dataset
2026-07-20T22:00:00,HV-2026-002,2,37.98,64.14,41.206,65.64,heat_stress,warning,synthetic_prototype_dataset
2026-07-20T23:00:00,HV-2026-002,2,37.29,64.81,41.217,66.48,heat_stress,warning,synthetic_prototype_dataset
2026-07-21T00:00:00,HV-2026-002,2,33.18,71.23,41.238,69.47,normal,warning,synthetic_prototype_dataset
2026-07-21T01:00:00,HV-2026-002,2,33.01,67.29,41.271,77.76,normal,healthy,synthetic_prototype_dataset
2026-07-21T02:00:00,HV-2026-002,2,33.6,67.91,41.305,74.35,normal,healthy,synthetic_prototype_dataset
2026-07-21T03:00:00,HV-2026-002,2,33.17,69.55,41.359,79.32,normal,healthy,synthetic_prototype_dataset
2026-07-21T04:00:00,HV-2026-002,2,33.68,68.89,41.366,78.29,normal,healthy,synthetic_prototype_dataset
2026-07-21T05:00:00,HV-2026-002,2,34.04,64.68,41.307,74.94,normal,healthy,synthetic_prototype_dataset
2026-07-21T06:00:00,HV-2026-002,2,34.65,62.53,41.393,71.93,normal,healthy,synthetic_prototype_dataset
2026-07-21T07:00:00,HV-2026-002,2,34.69,59.83,41.398,81.44,normal,healthy,synthetic_prototype_dataset
2026-07-21T08:00:00,HV-2026-002,2,35.92,58.51,41.403,75.57,normal,healthy,synthetic_prototype_dataset
2026-07-21T09:00:00,HV-2026-002,2,36.11,60.34,41.433,75.68,normal,warning,synthetic_prototype_dataset
2026-07-21T10:00:00,HV-2026-002,2,35.14,57.51,41.49,75.77,normal,healthy,synthetic_prototype_dataset
2026-07-21T11:00:00,HV-2026-002,2,35.72,59.42,41.523,89.74,normal,healthy,synthetic_prototype_dataset
2026-07-21T12:00:00,HV-2026-002,2,36.2,54.32,41.555,84.06,normal,warning,synthetic_prototype_dataset
2026-07-21T13:00:00,HV-2026-002,2,35.43,54.76,41.651,83.69,normal,healthy,synthetic_prototype_dataset
2026-07-21T14:00:00,HV-2026-002,2,36.22,56.42,41.692,88.57,normal,warning,synthetic_prototype_dataset
2026-07-21T15:00:00,HV-2026-002,2,35.26,59.34,41.661,90.47,normal,healthy,synthetic_prototype_dataset
2026-07-21T16:00:00,HV-2026-002,2,34.15,59.36,41.729,91.7,normal,healthy,synthetic_prototype_dataset
2026-07-21T17:00:00,HV-2026-002,2,34.36,59.35,41.739,90.53,normal,healthy,synthetic_prototype_dataset
2026-07-21T18:00:00,HV-2026-002,2,33.69,63.24,41.779,89.01,normal,healthy,synthetic_prototype_dataset
2026-07-21T19:00:00,HV-2026-002,2,34.51,65.48,41.785,83.1,normal,healthy,synthetic_prototype_dataset
2026-07-21T20:00:00,HV-2026-002,2,34.02,65.05,41.79,91.2,normal,healthy,synthetic_prototype_dataset
2026-07-21T21:00:00,HV-2026-002,2,34.32,68.15,41.834,83.88,normal,healthy,synthetic_prototype_dataset
2026-07-21T22:00:00,HV-2026-002,2,33.59,69.22,41.902,86.23,normal,healthy,synthetic_prototype_dataset
2026-07-21T23:00:00,HV-2026-002,2,33.24,71.94,41.924,83.23,normal,healthy,synthetic_prototype_dataset
2026-07-22T00:00:00,HV-2026-002,2,34.41,68.44,41.947,77.21,normal,healthy,synthetic_prototype_dataset
2026-07-22T01:00:00,HV-2026-002,2,33.43,69.8,41.965,75.18,normal,healthy,synthetic_prototype_dataset
2026-07-22T02:00:00,HV-2026-002,2,32.94,73.31,41.983,78.09,normal,healthy,synthetic_prototype_dataset
2026-07-22T03:00:00,HV-2026-002,2,33.5,67.69,41.992,70.58,normal,healthy,synthetic_prototype_dataset
2026-07-22T04:00:00,HV-2026-002,2,33.84,66.15,42.058,71.81,normal,healthy,synthetic_prototype_dataset
2026-07-22T05:00:00,HV-2026-002,2,33.97,63.58,42.133,72.96,normal,healthy,synthetic_prototype_dataset
2026-07-22T06:00:00,HV-2026-002,2,34.82,65.13,42.153,71.18,normal,healthy,synthetic_prototype_dataset
2026-07-22T07:00:00,HV-2026-002,2,34.29,63.12,42.134,79.2,normal,healthy,synthetic_prototype_dataset
2026-07-22T08:00:00,HV-2026-002,2,35.27,60.56,42.18,76.36,normal,healthy,synthetic_prototype_dataset
2026-07-22T09:00:00,HV-2026-002,2,35.05,59.72,42.192,71.73,normal,healthy,synthetic_prototype_dataset
2026-07-22T10:00:00,HV-2026-002,2,35.98,55.45,42.246,87.87,normal,healthy,synthetic_prototype_dataset
2026-07-22T11:00:00,HV-2026-002,2,35.83,58.41,42.292,90.08,normal,healthy,synthetic_prototype_dataset
2026-07-22T12:00:00,HV-2026-002,2,35.39,56.37,42.358,85.23,normal,healthy,synthetic_prototype_dataset
2026-07-22T13:00:00,HV-2026-002,2,36.34,55.84,42.474,92.15,normal,warning,synthetic_prototype_dataset
2026-07-22T14:00:00,HV-2026-002,2,35.82,58.31,42.558,83.97,normal,healthy,synthetic_prototype_dataset
2026-07-22T15:00:00,HV-2026-002,2,34.9,60.69,42.608,88.14,normal,healthy,synthetic_prototype_dataset
2026-07-22T16:00:00,HV-2026-002,2,35.22,55.59,42.639,86.89,normal,healthy,synthetic_prototype_dataset
2026-07-22T17:00:00,HV-2026-002,2,35.32,63.36,42.693,91.26,normal,healthy,synthetic_prototype_dataset
2026-07-22T18:00:00,HV-2026-002,2,33.89,64.45,42.745,94.36,normal,healthy,synthetic_prototype_dataset
2026-07-22T19:00:00,HV-2026-002,2,35.18,62.15,42.756,87.28,normal,healthy,synthetic_prototype_dataset
2026-07-22T20:00:00,HV-2026-002,2,33.99,66.91,42.773,93.12,normal,healthy,synthetic_prototype_dataset
2026-07-22T21:00:00,HV-2026-002,2,33.15,66.46,42.762,87.67,normal,healthy,synthetic_prototype_dataset
2026-07-22T22:00:00,HV-2026-002,2,32.89,69.36,42.781,85.37,normal,healthy,synthetic_prototype_dataset
2026-07-22T23:00:00,HV-2026-002,2,33.7,70.04,42.844,86.42,normal,healthy,synthetic_prototype_dataset
2026-07-23T00:00:00,HV-2026-002,2,33.21,69.5,42.868,78.49,normal,healthy,synthetic_prototype_dataset
2026-07-23T01:00:00,HV-2026-002,2,33.08,71.21,42.865,78.66,normal,healthy,synthetic_prototype_dataset
2026-07-23T02:00:00,HV-2026-002,2,33.13,71.11,42.892,81.32,normal,healthy,synthetic_prototype_dataset
2026-07-23T03:00:00,HV-2026-002,2,33.08,65.81,42.896,71.15,normal,healthy,synthetic_prototype_dataset
2026-07-23T04:00:00,HV-2026-002,2,33.25,68.13,42.92,74.32,normal,healthy,synthetic_prototype_dataset
2026-07-23T05:00:00,HV-2026-002,2,34.01,64.25,43.003,73.43,normal,healthy,synthetic_prototype_dataset
2026-07-23T06:00:00,HV-2026-002,2,33.93,64.95,43.021,83.14,normal,healthy,synthetic_prototype_dataset
2026-07-23T07:00:00,HV-2026-002,2,34.62,63.22,43.083,76.0,normal,healthy,synthetic_prototype_dataset
2026-07-23T08:00:00,HV-2026-002,2,34.84,61.35,43.133,74.69,normal,healthy,synthetic_prototype_dataset
2026-07-23T09:00:00,HV-2026-002,2,34.93,54.0,43.188,80.44,normal,healthy,synthetic_prototype_dataset
2026-07-23T10:00:00,HV-2026-002,2,35.57,54.41,43.187,81.33,normal,healthy,synthetic_prototype_dataset
2026-07-23T11:00:00,HV-2026-002,2,35.47,56.96,43.248,92.47,normal,healthy,synthetic_prototype_dataset
2026-07-23T12:00:00,HV-2026-002,2,35.81,58.52,43.262,80.04,normal,healthy,synthetic_prototype_dataset
2026-07-23T13:00:00,HV-2026-002,2,35.62,53.88,43.305,84.38,normal,healthy,synthetic_prototype_dataset
2026-07-23T14:00:00,HV-2026-002,2,34.77,60.58,43.329,82.39,normal,healthy,synthetic_prototype_dataset
2026-07-23T15:00:00,HV-2026-002,2,35.84,57.25,43.408,86.37,normal,healthy,synthetic_prototype_dataset
2026-07-23T16:00:00,HV-2026-002,2,34.93,60.63,43.466,92.21,normal,healthy,synthetic_prototype_dataset
2026-07-23T17:00:00,HV-2026-002,2,34.82,62.65,43.526,90.58,normal,healthy,synthetic_prototype_dataset
2026-07-23T18:00:00,HV-2026-002,2,34.46,60.91,43.577,90.15,normal,healthy,synthetic_prototype_dataset
2026-07-23T19:00:00,HV-2026-002,2,34.0,67.63,43.552,95.63,normal,healthy,synthetic_prototype_dataset
2026-07-23T20:00:00,HV-2026-002,2,33.86,67.59,43.563,83.69,normal,healthy,synthetic_prototype_dataset
2026-07-23T21:00:00,HV-2026-002,2,33.54,69.07,43.612,88.24,normal,healthy,synthetic_prototype_dataset
2026-07-23T22:00:00,HV-2026-002,2,32.41,66.8,43.708,84.3,normal,healthy,synthetic_prototype_dataset
2026-07-23T23:00:00,HV-2026-002,2,33.91,68.59,43.727,89.3,normal,healthy,synthetic_prototype_dataset
2026-07-24T00:00:00,HV-2026-002,2,32.8,73.53,43.755,77.61,normal,healthy,synthetic_prototype_dataset
2026-07-24T01:00:00,HV-2026-002,2,33.09,71.61,43.835,75.54,normal,healthy,synthetic_prototype_dataset
2026-07-24T02:00:00,HV-2026-002,2,34.12,68.62,43.887,77.71,normal,healthy,synthetic_prototype_dataset
2026-07-24T03:00:00,HV-2026-002,2,33.07,69.0,43.912,73.01,normal,healthy,synthetic_prototype_dataset
2026-07-24T04:00:00,HV-2026-002,2,33.98,67.43,43.934,75.76,normal,healthy,synthetic_prototype_dataset
2026-07-24T05:00:00,HV-2026-002,2,34.09,64.81,43.964,73.75,normal,healthy,synthetic_prototype_dataset
2026-07-24T06:00:00,HV-2026-002,2,35.66,61.12,43.969,74.23,normal,healthy,synthetic_prototype_dataset
2026-07-24T07:00:00,HV-2026-002,2,35.72,59.47,44.009,78.7,normal,healthy,synthetic_prototype_dataset
2026-07-24T08:00:00,HV-2026-002,2,35.27,62.39,44.081,78.05,normal,healthy,synthetic_prototype_dataset
2026-07-24T09:00:00,HV-2026-002,2,35.47,55.36,44.118,78.58,normal,healthy,synthetic_prototype_dataset
2026-07-24T10:00:00,HV-2026-002,2,35.51,54.57,44.17,77.06,normal,healthy,synthetic_prototype_dataset
2026-07-24T11:00:00,HV-2026-002,2,35.79,54.69,44.181,88.56,normal,healthy,synthetic_prototype_dataset
2026-07-24T12:00:00,HV-2026-002,2,36.03,58.73,44.278,82.96,normal,warning,synthetic_prototype_dataset
2026-07-24T13:00:00,HV-2026-002,2,36.4,54.26,44.347,82.59,normal,warning,synthetic_prototype_dataset
2026-07-24T14:00:00,HV-2026-002,2,35.18,58.71,44.423,91.33,normal,healthy,synthetic_prototype_dataset
2026-07-24T15:00:00,HV-2026-002,2,35.48,58.95,44.482,90.0,normal,healthy,synthetic_prototype_dataset
2026-07-24T16:00:00,HV-2026-002,2,35.36,60.53,44.549,83.83,normal,healthy,synthetic_prototype_dataset
2026-07-24T17:00:00,HV-2026-002,2,34.75,59.36,44.593,95.63,normal,healthy,synthetic_prototype_dataset
2026-07-24T18:00:00,HV-2026-002,2,34.26,63.89,44.649,82.76,normal,healthy,synthetic_prototype_dataset
2026-07-24T19:00:00,HV-2026-002,2,33.9,66.13,44.572,86.46,normal,healthy,synthetic_prototype_dataset
2026-07-24T20:00:00,HV-2026-002,2,34.31,68.97,44.611,92.61,normal,healthy,synthetic_prototype_dataset
2026-07-24T21:00:00,HV-2026-002,2,33.65,69.61,44.624,89.34,normal,healthy,synthetic_prototype_dataset
2026-07-24T22:00:00,HV-2026-002,2,33.06,72.0,44.703,92.95,normal,healthy,synthetic_prototype_dataset
2026-07-24T23:00:00,HV-2026-002,2,33.03,68.71,44.772,89.01,normal,healthy,synthetic_prototype_dataset
2026-07-25T00:00:00,HV-2026-002,2,33.26,69.68,44.812,72.2,normal,healthy,synthetic_prototype_dataset
2026-07-25T01:00:00,HV-2026-002,2,33.44,73.07,44.894,78.48,normal,healthy,synthetic_prototype_dataset
2026-07-25T02:00:00,HV-2026-002,2,32.66,70.24,44.994,72.96,normal,healthy,synthetic_prototype_dataset
2026-07-25T03:00:00,HV-2026-002,2,33.47,71.32,45.041,84.68,normal,healthy,synthetic_prototype_dataset
2026-07-25T04:00:00,HV-2026-002,2,33.43,65.54,45.109,71.81,normal,healthy,synthetic_prototype_dataset
2026-07-25T05:00:00,HV-2026-002,2,33.99,65.52,45.17,78.15,normal,healthy,synthetic_prototype_dataset
2026-07-25T06:00:00,HV-2026-002,2,34.62,63.1,45.238,90.09,normal,healthy,synthetic_prototype_dataset
2026-07-25T07:00:00,HV-2026-002,2,35.06,62.19,45.217,75.6,normal,healthy,synthetic_prototype_dataset
2026-07-25T08:00:00,HV-2026-002,2,34.97,59.36,45.246,85.85,normal,healthy,synthetic_prototype_dataset
2026-07-25T09:00:00,HV-2026-002,2,35.89,58.59,45.238,86.04,normal,healthy,synthetic_prototype_dataset
2026-07-25T10:00:00,HV-2026-002,2,35.52,54.65,45.301,86.59,normal,healthy,synthetic_prototype_dataset
2026-07-25T11:00:00,HV-2026-002,2,34.58,55.58,45.337,87.09,normal,healthy,synthetic_prototype_dataset
2026-07-25T12:00:00,HV-2026-002,2,35.48,55.33,45.405,84.26,normal,healthy,synthetic_prototype_dataset
2026-07-25T13:00:00,HV-2026-002,2,35.91,55.06,45.401,89.75,normal,healthy,synthetic_prototype_dataset
2026-07-25T14:00:00,HV-2026-002,2,35.65,59.42,45.425,85.34,normal,healthy,synthetic_prototype_dataset
2026-07-25T15:00:00,HV-2026-002,2,35.94,56.13,45.509,93.56,normal,healthy,synthetic_prototype_dataset
2026-07-25T16:00:00,HV-2026-002,2,35.45,59.09,45.518,88.79,normal,healthy,synthetic_prototype_dataset
2026-07-25T17:00:00,HV-2026-002,2,34.17,60.28,45.575,92.15,normal,healthy,synthetic_prototype_dataset
2026-07-25T18:00:00,HV-2026-002,2,33.94,65.04,45.62,95.28,normal,healthy,synthetic_prototype_dataset
2026-07-25T19:00:00,HV-2026-002,2,34.33,67.54,45.662,93.31,normal,healthy,synthetic_prototype_dataset
2026-07-25T20:00:00,HV-2026-002,2,33.18,67.11,45.686,88.67,normal,healthy,synthetic_prototype_dataset
2026-07-25T21:00:00,HV-2026-002,2,33.69,69.92,45.724,88.32,normal,healthy,synthetic_prototype_dataset
2026-07-25T22:00:00,HV-2026-002,2,32.95,71.86,45.762,84.56,normal,healthy,synthetic_prototype_dataset
2026-07-25T23:00:00,HV-2026-002,2,33.07,67.45,45.788,86.41,normal,healthy,synthetic_prototype_dataset
2026-07-26T00:00:00,HV-2026-002,2,32.79,73.85,45.772,78.47,normal,healthy,synthetic_prototype_dataset
2026-07-26T01:00:00,HV-2026-002,2,34.08,72.7,45.796,72.03,normal,healthy,synthetic_prototype_dataset
2026-07-26T02:00:00,HV-2026-002,2,32.61,69.32,45.797,73.48,normal,healthy,synthetic_prototype_dataset
2026-07-26T03:00:00,HV-2026-002,2,33.28,68.77,45.839,71.67,normal,healthy,synthetic_prototype_dataset
2026-07-26T04:00:00,HV-2026-002,2,33.39,67.21,45.857,82.43,normal,healthy,synthetic_prototype_dataset
2026-07-26T05:00:00,HV-2026-002,2,34.12,62.91,45.897,77.91,normal,healthy,synthetic_prototype_dataset
2026-07-26T06:00:00,HV-2026-002,2,34.29,61.82,45.983,72.26,normal,healthy,synthetic_prototype_dataset
2026-07-26T07:00:00,HV-2026-002,2,34.98,62.55,46.029,83.8,normal,healthy,synthetic_prototype_dataset
2026-07-26T08:00:00,HV-2026-002,2,35.25,59.49,46.098,77.41,normal,healthy,synthetic_prototype_dataset
2026-07-26T09:00:00,HV-2026-002,2,35.34,56.72,46.096,81.54,normal,healthy,synthetic_prototype_dataset
2026-07-26T10:00:00,HV-2026-002,2,35.64,54.87,46.151,80.13,normal,healthy,synthetic_prototype_dataset
2026-07-26T11:00:00,HV-2026-002,2,36.18,56.6,46.152,83.52,normal,warning,synthetic_prototype_dataset
2026-07-26T12:00:00,HV-2026-002,2,35.24,59.28,46.194,85.37,normal,healthy,synthetic_prototype_dataset
2026-07-26T13:00:00,HV-2026-002,2,35.87,55.43,46.192,88.54,normal,healthy,synthetic_prototype_dataset
2026-07-26T14:00:00,HV-2026-002,2,34.98,55.96,46.264,89.96,normal,healthy,synthetic_prototype_dataset
2026-07-26T15:00:00,HV-2026-002,2,34.71,57.94,46.273,95.15,normal,healthy,synthetic_prototype_dataset
2026-07-26T16:00:00,HV-2026-002,2,35.41,59.74,46.331,84.78,normal,healthy,synthetic_prototype_dataset
2026-07-26T17:00:00,HV-2026-002,2,34.38,62.38,46.381,89.54,normal,healthy,synthetic_prototype_dataset
2026-07-26T18:00:00,HV-2026-002,2,34.46,64.14,46.405,88.96,normal,healthy,synthetic_prototype_dataset
2026-07-26T19:00:00,HV-2026-002,2,33.82,66.23,46.444,90.57,normal,healthy,synthetic_prototype_dataset
2026-07-26T20:00:00,HV-2026-002,2,33.17,65.7,46.483,94.67,normal,healthy,synthetic_prototype_dataset
2026-07-26T21:00:00,HV-2026-002,2,33.5,68.21,46.516,84.96,normal,healthy,synthetic_prototype_dataset
2026-07-26T22:00:00,HV-2026-002,2,33.81,70.4,46.517,87.54,normal,healthy,synthetic_prototype_dataset
2026-07-26T23:00:00,HV-2026-002,2,32.86,73.12,46.535,87.65,normal,healthy,synthetic_prototype_dataset
2026-07-27T00:00:00,HV-2026-002,2,33.24,69.85,46.567,76.96,normal,healthy,synthetic_prototype_dataset
2026-07-27T01:00:00,HV-2026-002,2,32.33,71.4,46.591,76.45,normal,healthy,synthetic_prototype_dataset
2026-07-27T02:00:00,HV-2026-002,2,33.17,70.72,46.662,71.87,normal,healthy,synthetic_prototype_dataset
2026-07-27T03:00:00,HV-2026-002,2,33.21,70.34,46.704,77.61,normal,healthy,synthetic_prototype_dataset
2026-07-27T04:00:00,HV-2026-002,2,34.87,68.79,46.769,74.93,normal,healthy,synthetic_prototype_dataset
2026-07-27T05:00:00,HV-2026-002,2,33.5,65.43,46.819,77.42,normal,healthy,synthetic_prototype_dataset
2026-07-27T06:00:00,HV-2026-002,2,34.47,63.8,46.831,75.37,normal,healthy,synthetic_prototype_dataset
2026-07-27T07:00:00,HV-2026-002,2,34.95,63.89,46.82,80.5,normal,healthy,synthetic_prototype_dataset
2026-07-27T08:00:00,HV-2026-002,2,34.64,61.53,46.843,85.1,normal,healthy,synthetic_prototype_dataset
2026-07-27T09:00:00,HV-2026-002,2,35.02,59.56,46.899,78.3,normal,healthy,synthetic_prototype_dataset
2026-07-27T10:00:00,HV-2026-002,2,35.38,57.64,46.918,81.46,normal,healthy,synthetic_prototype_dataset
2026-07-27T11:00:00,HV-2026-002,2,36.04,56.35,46.979,85.34,normal,warning,synthetic_prototype_dataset
2026-07-27T12:00:00,HV-2026-002,2,34.96,58.12,46.972,88.1,normal,healthy,synthetic_prototype_dataset
2026-07-27T13:00:00,HV-2026-002,2,35.31,57.44,46.969,87.54,normal,healthy,synthetic_prototype_dataset
2026-07-27T14:00:00,HV-2026-002,2,35.83,56.67,46.99,89.72,normal,healthy,synthetic_prototype_dataset
2026-07-27T15:00:00,HV-2026-002,2,35.42,54.86,47.102,90.78,normal,healthy,synthetic_prototype_dataset
2026-07-27T16:00:00,HV-2026-002,2,35.25,60.43,47.074,91.88,normal,healthy,synthetic_prototype_dataset
2026-07-27T17:00:00,HV-2026-002,2,34.37,63.35,47.101,90.71,normal,healthy,synthetic_prototype_dataset
2026-07-27T18:00:00,HV-2026-002,2,33.94,65.74,47.089,97.86,normal,healthy,synthetic_prototype_dataset
2026-07-27T19:00:00,HV-2026-002,2,34.96,68.94,47.158,89.58,normal,healthy,synthetic_prototype_dataset
2026-07-27T20:00:00,HV-2026-002,2,34.16,67.51,47.129,94.78,normal,healthy,synthetic_prototype_dataset
2026-07-27T21:00:00,HV-2026-002,2,33.87,69.08,47.111,86.88,normal,healthy,synthetic_prototype_dataset
2026-07-27T22:00:00,HV-2026-002,2,32.34,71.95,47.08,89.13,normal,healthy,synthetic_prototype_dataset
2026-07-27T23:00:00,HV-2026-002,2,32.65,68.38,47.113,85.94,normal,healthy,synthetic_prototype_dataset
2026-07-28T00:00:00,HV-2026-002,2,33.29,69.1,47.112,67.64,normal,warning,synthetic_prototype_dataset
2026-07-28T01:00:00,HV-2026-002,2,31.98,74.38,47.21,76.32,normal,healthy,synthetic_prototype_dataset
2026-07-28T02:00:00,HV-2026-002,2,32.72,69.91,47.265,74.2,normal,healthy,synthetic_prototype_dataset
2026-07-28T03:00:00,HV-2026-002,2,33.4,69.31,47.27,74.16,normal,healthy,synthetic_prototype_dataset
2026-07-28T04:00:00,HV-2026-002,2,33.7,66.12,47.311,74.35,normal,healthy,synthetic_prototype_dataset
2026-07-28T05:00:00,HV-2026-002,2,33.94,68.68,47.33,79.22,normal,healthy,synthetic_prototype_dataset
2026-07-28T06:00:00,HV-2026-002,2,33.41,63.54,47.356,82.73,normal,healthy,synthetic_prototype_dataset
2026-07-28T07:00:00,HV-2026-002,2,33.67,62.4,47.432,75.08,normal,healthy,synthetic_prototype_dataset
2026-07-28T08:00:00,HV-2026-002,2,34.77,61.48,47.468,85.1,normal,healthy,synthetic_prototype_dataset
2026-07-28T09:00:00,HV-2026-002,2,35.34,61.82,47.49,78.77,normal,healthy,synthetic_prototype_dataset
2026-07-28T10:00:00,HV-2026-002,2,35.24,56.23,47.544,81.65,normal,healthy,synthetic_prototype_dataset
2026-07-28T11:00:00,HV-2026-002,2,35.17,58.52,47.545,87.22,normal,healthy,synthetic_prototype_dataset
2026-07-28T12:00:00,HV-2026-002,2,35.3,59.47,47.574,88.11,normal,healthy,synthetic_prototype_dataset
2026-07-28T13:00:00,HV-2026-002,2,35.55,58.96,47.621,81.29,normal,healthy,synthetic_prototype_dataset
2026-07-28T14:00:00,HV-2026-002,2,35.8,58.16,47.691,90.54,normal,healthy,synthetic_prototype_dataset
2026-07-28T15:00:00,HV-2026-002,2,34.79,57.79,47.754,87.87,normal,healthy,synthetic_prototype_dataset
2026-07-28T16:00:00,HV-2026-002,2,35.29,60.56,47.828,91.0,normal,healthy,synthetic_prototype_dataset
2026-07-28T17:00:00,HV-2026-002,2,34.68,61.9,47.87,94.06,normal,healthy,synthetic_prototype_dataset
2026-07-28T18:00:00,HV-2026-002,2,34.19,65.34,47.901,90.44,normal,healthy,synthetic_prototype_dataset
2026-07-28T19:00:00,HV-2026-002,2,34.66,68.36,47.929,90.63,normal,healthy,synthetic_prototype_dataset
2026-07-28T20:00:00,HV-2026-002,2,33.25,67.57,47.965,92.5,normal,healthy,synthetic_prototype_dataset
2026-07-28T21:00:00,HV-2026-002,2,33.63,67.34,48.024,88.62,normal,healthy,synthetic_prototype_dataset
2026-07-28T22:00:00,HV-2026-002,2,32.65,72.85,48.1,89.05,normal,healthy,synthetic_prototype_dataset
2026-07-28T23:00:00,HV-2026-002,2,33.28,72.52,48.174,89.66,normal,healthy,synthetic_prototype_dataset
2026-07-29T00:00:00,HV-2026-002,2,32.25,75.2,48.236,74.08,normal,warning,synthetic_prototype_dataset
2026-07-29T01:00:00,HV-2026-002,2,32.43,72.25,48.251,77.15,normal,healthy,synthetic_prototype_dataset
2026-07-29T02:00:00,HV-2026-002,2,33.35,69.63,48.237,77.35,normal,healthy,synthetic_prototype_dataset
2026-07-29T03:00:00,HV-2026-002,2,32.99,69.8,48.215,75.12,normal,healthy,synthetic_prototype_dataset
2026-07-29T04:00:00,HV-2026-002,2,33.82,69.17,48.213,71.91,normal,healthy,synthetic_prototype_dataset
2026-07-29T05:00:00,HV-2026-002,2,33.82,67.41,48.252,74.21,normal,healthy,synthetic_prototype_dataset
2026-07-29T06:00:00,HV-2026-002,2,34.28,67.29,48.284,70.28,normal,healthy,synthetic_prototype_dataset
2026-07-29T07:00:00,HV-2026-002,2,34.57,66.45,48.264,77.93,normal,healthy,synthetic_prototype_dataset
2026-07-29T08:00:00,HV-2026-002,2,34.69,61.26,48.301,83.61,normal,healthy,synthetic_prototype_dataset
2026-07-29T09:00:00,HV-2026-002,2,35.1,61.93,48.33,80.13,normal,healthy,synthetic_prototype_dataset
2026-07-29T10:00:00,HV-2026-002,2,34.97,55.25,48.378,90.19,normal,healthy,synthetic_prototype_dataset
2026-07-29T11:00:00,HV-2026-002,2,35.61,59.06,48.404,83.67,normal,healthy,synthetic_prototype_dataset
2026-07-29T12:00:00,HV-2026-002,2,35.89,61.2,48.498,88.72,normal,healthy,synthetic_prototype_dataset
2026-07-29T13:00:00,HV-2026-002,2,35.42,58.2,48.515,82.04,normal,healthy,synthetic_prototype_dataset
2026-07-29T14:00:00,HV-2026-002,2,34.76,58.61,48.547,82.98,normal,healthy,synthetic_prototype_dataset
2026-07-29T15:00:00,HV-2026-002,2,35.05,59.06,48.547,87.64,normal,healthy,synthetic_prototype_dataset
2026-07-29T16:00:00,HV-2026-002,2,34.65,59.97,48.617,82.86,normal,healthy,synthetic_prototype_dataset
2026-07-29T17:00:00,HV-2026-002,2,33.59,62.78,48.654,91.29,normal,healthy,synthetic_prototype_dataset
2026-07-29T18:00:00,HV-2026-002,2,33.9,62.93,48.684,88.45,normal,healthy,synthetic_prototype_dataset
2026-07-29T19:00:00,HV-2026-002,2,34.51,65.81,48.707,98.0,normal,healthy,synthetic_prototype_dataset
2026-07-29T20:00:00,HV-2026-002,2,33.41,69.09,48.754,92.08,normal,healthy,synthetic_prototype_dataset
2026-07-29T21:00:00,HV-2026-002,2,33.36,69.88,48.783,86.92,normal,healthy,synthetic_prototype_dataset
2026-07-29T22:00:00,HV-2026-002,2,33.17,74.3,48.85,89.19,normal,healthy,synthetic_prototype_dataset
2026-07-29T23:00:00,HV-2026-002,2,33.27,69.78,48.866,90.42,normal,healthy,synthetic_prototype_dataset
2026-07-30T00:00:00,HV-2026-002,2,33.44,70.4,48.874,83.63,normal,healthy,synthetic_prototype_dataset
2026-07-30T01:00:00,HV-2026-002,2,32.86,74.83,48.907,76.86,normal,healthy,synthetic_prototype_dataset
2026-07-30T02:00:00,HV-2026-002,2,32.81,72.55,48.979,72.38,normal,healthy,synthetic_prototype_dataset
2026-07-30T03:00:00,HV-2026-002,2,33.0,71.39,49.0,74.27,normal,healthy,synthetic_prototype_dataset
2026-07-30T04:00:00,HV-2026-002,2,33.88,70.28,49.009,76.74,normal,healthy,synthetic_prototype_dataset
2026-07-30T05:00:00,HV-2026-002,2,33.19,64.99,49.038,76.11,normal,healthy,synthetic_prototype_dataset
2026-07-30T06:00:00,HV-2026-002,2,33.64,63.5,49.026,77.59,normal,healthy,synthetic_prototype_dataset
2026-07-30T07:00:00,HV-2026-002,2,33.52,61.16,48.986,79.29,normal,healthy,synthetic_prototype_dataset
2026-07-30T08:00:00,HV-2026-002,2,33.91,61.35,49.073,85.48,normal,healthy,synthetic_prototype_dataset
2026-07-30T09:00:00,HV-2026-002,2,34.18,60.38,49.072,77.18,normal,healthy,synthetic_prototype_dataset
2026-07-30T10:00:00,HV-2026-002,2,35.15,60.94,49.131,80.5,normal,healthy,synthetic_prototype_dataset
2026-07-30T11:00:00,HV-2026-002,2,35.65,53.99,49.145,81.64,normal,healthy,synthetic_prototype_dataset
2026-07-30T12:00:00,HV-2026-002,2,35.41,57.43,49.182,85.29,normal,healthy,synthetic_prototype_dataset
2026-07-30T13:00:00,HV-2026-002,2,35.34,59.0,49.231,86.11,normal,healthy,synthetic_prototype_dataset
2026-07-30T14:00:00,HV-2026-002,2,35.38,60.22,49.254,87.92,normal,healthy,synthetic_prototype_dataset
2026-07-30T15:00:00,HV-2026-002,2,35.52,57.86,49.357,84.25,normal,healthy,synthetic_prototype_dataset
2026-07-30T16:00:00,HV-2026-002,2,34.57,59.58,49.472,87.76,normal,healthy,synthetic_prototype_dataset
2026-07-30T17:00:00,HV-2026-002,2,34.18,62.31,49.509,88.73,normal,healthy,synthetic_prototype_dataset
2026-07-30T18:00:00,HV-2026-002,2,34.01,58.44,49.541,90.06,normal,healthy,synthetic_prototype_dataset
2026-07-30T19:00:00,HV-2026-002,2,34.2,68.96,49.559,92.74,normal,healthy,synthetic_prototype_dataset
2026-07-30T20:00:00,HV-2026-002,2,32.93,69.67,49.564,85.38,normal,healthy,synthetic_prototype_dataset
2026-07-30T21:00:00,HV-2026-002,2,33.07,72.26,49.595,94.17,normal,healthy,synthetic_prototype_dataset
2026-07-30T22:00:00,HV-2026-002,2,32.61,72.74,49.598,88.91,normal,healthy,synthetic_prototype_dataset
2026-07-30T23:00:00,HV-2026-002,2,32.91,72.74,49.631,84.52,normal,healthy,synthetic_prototype_dataset
2026-07-31T00:00:00,HV-2026-002,2,33.1,75.12,49.636,69.49,normal,warning,synthetic_prototype_dataset
2026-07-31T01:00:00,HV-2026-002,2,32.97,71.17,49.656,77.95,normal,healthy,synthetic_prototype_dataset
2026-07-31T02:00:00,HV-2026-002,2,32.67,70.58,49.678,81.14,normal,healthy,synthetic_prototype_dataset
2026-07-31T03:00:00,HV-2026-002,2,33.09,67.73,49.661,76.49,normal,healthy,synthetic_prototype_dataset
2026-07-31T04:00:00,HV-2026-002,2,32.84,65.69,49.708,78.4,normal,healthy,synthetic_prototype_dataset
2026-07-31T05:00:00,HV-2026-002,2,33.5,67.34,49.74,78.11,normal,healthy,synthetic_prototype_dataset
2026-07-31T06:00:00,HV-2026-002,2,34.27,60.31,49.756,77.81,normal,healthy,synthetic_prototype_dataset
2026-07-31T07:00:00,HV-2026-002,2,34.15,63.25,49.808,78.11,normal,healthy,synthetic_prototype_dataset
2026-07-31T08:00:00,HV-2026-002,2,35.33,63.53,49.833,78.93,normal,healthy,synthetic_prototype_dataset
2026-07-31T09:00:00,HV-2026-002,2,33.64,59.46,49.82,82.13,normal,healthy,synthetic_prototype_dataset
2026-07-31T10:00:00,HV-2026-002,2,35.19,60.19,49.906,82.91,normal,healthy,synthetic_prototype_dataset
2026-07-31T11:00:00,HV-2026-002,2,36.28,58.66,49.901,80.58,normal,warning,synthetic_prototype_dataset
2026-07-31T12:00:00,HV-2026-002,2,35.13,59.07,49.91,84.86,normal,healthy,synthetic_prototype_dataset
2026-07-31T13:00:00,HV-2026-002,2,35.18,57.43,49.982,89.35,normal,healthy,synthetic_prototype_dataset
2026-07-31T14:00:00,HV-2026-002,2,35.65,58.34,50.066,83.35,normal,healthy,synthetic_prototype_dataset
2026-07-31T15:00:00,HV-2026-002,2,34.29,57.87,50.107,93.14,normal,healthy,synthetic_prototype_dataset
2026-07-31T16:00:00,HV-2026-002,2,34.38,60.64,50.137,91.53,normal,healthy,synthetic_prototype_dataset
2026-07-31T17:00:00,HV-2026-002,2,34.12,62.23,50.124,87.88,normal,healthy,synthetic_prototype_dataset
2026-07-31T18:00:00,HV-2026-002,2,34.53,65.16,50.128,94.33,normal,healthy,synthetic_prototype_dataset
2026-07-31T19:00:00,HV-2026-002,2,33.4,69.37,50.202,90.08,normal,healthy,synthetic_prototype_dataset
2026-07-31T20:00:00,HV-2026-002,2,32.68,72.62,50.241,88.39,normal,healthy,synthetic_prototype_dataset
2026-07-31T21:00:00,HV-2026-002,2,33.51,71.21,50.312,86.62,normal,healthy,synthetic_prototype_dataset
2026-07-31T22:00:00,HV-2026-002,2,33.02,68.93,50.36,88.04,normal,healthy,synthetic_prototype_dataset
2026-07-31T23:00:00,HV-2026-002,2,32.87,71.5,50.376,84.07,normal,healthy,synthetic_prototype_dataset
2026-08-01T00:00:00,HV-2026-002,2,32.98,74.89,50.382,77.94,normal,healthy,synthetic_prototype_dataset
2026-08-01T01:00:00,HV-2026-002,2,32.87,71.99,50.353,71.44,normal,healthy,synthetic_prototype_dataset
2026-08-01T02:00:00,HV-2026-002,2,32.45,67.42,50.427,77.29,normal,healthy,synthetic_prototype_dataset
2026-08-01T03:00:00,HV-2026-002,2,32.99,66.22,50.389,75.99,normal,healthy,synthetic_prototype_dataset
2026-08-01T04:00:00,HV-2026-002,2,34.16,67.45,50.444,74.32,normal,healthy,synthetic_prototype_dataset
2026-08-01T05:00:00,HV-2026-002,2,33.62,69.21,50.457,73.58,normal,healthy,synthetic_prototype_dataset
2026-08-01T06:00:00,HV-2026-002,2,34.56,65.29,50.52,73.6,normal,healthy,synthetic_prototype_dataset
2026-08-01T07:00:00,HV-2026-002,2,34.9,63.89,50.56,78.29,normal,healthy,synthetic_prototype_dataset
2026-08-01T08:00:00,HV-2026-002,2,34.35,61.71,50.574,82.98,normal,healthy,synthetic_prototype_dataset
2026-08-01T09:00:00,HV-2026-002,2,34.75,57.57,50.55,75.31,normal,healthy,synthetic_prototype_dataset
2026-08-01T10:00:00,HV-2026-002,2,35.33,57.07,50.598,83.48,normal,healthy,synthetic_prototype_dataset
2026-08-01T11:00:00,HV-2026-002,2,35.15,59.24,50.644,75.04,normal,healthy,synthetic_prototype_dataset
2026-08-01T12:00:00,HV-2026-002,2,35.08,58.97,50.744,91.8,normal,healthy,synthetic_prototype_dataset
2026-08-01T13:00:00,HV-2026-002,2,34.57,57.82,50.732,92.43,normal,healthy,synthetic_prototype_dataset
2026-08-01T14:00:00,HV-2026-002,2,35.51,59.78,50.78,92.96,normal,healthy,synthetic_prototype_dataset
2026-08-01T15:00:00,HV-2026-002,2,35.39,62.34,50.837,87.71,normal,healthy,synthetic_prototype_dataset
2026-08-01T16:00:00,HV-2026-002,2,34.92,63.18,50.868,88.29,normal,healthy,synthetic_prototype_dataset
2026-08-01T17:00:00,HV-2026-002,2,34.77,66.39,50.876,88.96,normal,healthy,synthetic_prototype_dataset
2026-08-01T18:00:00,HV-2026-002,2,34.08,66.08,50.887,96.59,normal,healthy,synthetic_prototype_dataset
2026-08-01T19:00:00,HV-2026-002,2,33.78,67.98,50.973,88.31,normal,healthy,synthetic_prototype_dataset
2026-08-01T20:00:00,HV-2026-002,2,33.24,66.45,50.992,84.31,normal,healthy,synthetic_prototype_dataset
2026-08-01T21:00:00,HV-2026-002,2,33.34,70.91,51.008,88.58,normal,healthy,synthetic_prototype_dataset
2026-08-01T22:00:00,HV-2026-002,2,33.14,69.23,51.04,90.57,normal,healthy,synthetic_prototype_dataset
2026-08-01T23:00:00,HV-2026-002,2,31.87,73.2,51.006,86.7,normal,healthy,synthetic_prototype_dataset
2026-08-02T00:00:00,HV-2026-002,2,32.03,74.99,50.991,70.22,normal,healthy,synthetic_prototype_dataset
2026-08-02T01:00:00,HV-2026-002,2,32.66,71.43,50.963,77.84,normal,healthy,synthetic_prototype_dataset
2026-08-02T02:00:00,HV-2026-002,2,31.83,69.61,50.968,78.81,normal,healthy,synthetic_prototype_dataset
2026-08-02T03:00:00,HV-2026-002,2,33.52,72.35,50.988,67.5,normal,warning,synthetic_prototype_dataset
2026-08-02T04:00:00,HV-2026-002,2,33.38,71.56,51.056,77.62,normal,healthy,synthetic_prototype_dataset
2026-08-02T05:00:00,HV-2026-002,2,32.98,66.28,51.148,71.04,normal,healthy,synthetic_prototype_dataset
2026-08-02T06:00:00,HV-2026-002,2,33.34,67.11,51.158,71.86,normal,healthy,synthetic_prototype_dataset
2026-08-02T07:00:00,HV-2026-002,2,34.88,64.43,51.17,73.82,normal,healthy,synthetic_prototype_dataset
2026-08-02T08:00:00,HV-2026-002,2,35.43,61.87,51.249,82.75,normal,healthy,synthetic_prototype_dataset
2026-08-02T09:00:00,HV-2026-002,2,34.54,59.54,51.333,86.48,normal,healthy,synthetic_prototype_dataset
2026-08-02T10:00:00,HV-2026-002,2,34.14,60.34,51.367,79.38,normal,healthy,synthetic_prototype_dataset
2026-08-02T11:00:00,HV-2026-002,2,35.23,56.23,51.391,81.73,normal,healthy,synthetic_prototype_dataset
2026-08-02T12:00:00,HV-2026-002,2,34.93,58.29,51.398,91.41,normal,healthy,synthetic_prototype_dataset
2026-08-02T13:00:00,HV-2026-002,2,35.33,61.88,51.435,85.19,normal,healthy,synthetic_prototype_dataset
2026-08-02T14:00:00,HV-2026-002,2,35.77,58.31,51.471,90.64,normal,healthy,synthetic_prototype_dataset
2026-08-02T15:00:00,HV-2026-002,2,34.22,61.75,51.532,93.38,normal,healthy,synthetic_prototype_dataset
2026-08-02T16:00:00,HV-2026-002,2,34.9,64.26,51.566,86.5,normal,healthy,synthetic_prototype_dataset
2026-08-02T17:00:00,HV-2026-002,2,35.14,60.86,51.55,91.86,normal,healthy,synthetic_prototype_dataset
2026-08-02T18:00:00,HV-2026-002,2,34.59,65.76,51.615,83.01,normal,healthy,synthetic_prototype_dataset
2026-08-02T19:00:00,HV-2026-002,2,33.29,63.85,51.667,84.46,normal,healthy,synthetic_prototype_dataset
2026-08-02T20:00:00,HV-2026-002,2,32.63,69.84,51.729,88.97,normal,healthy,synthetic_prototype_dataset
2026-08-02T21:00:00,HV-2026-002,2,33.19,71.33,51.747,85.1,normal,healthy,synthetic_prototype_dataset
2026-08-02T22:00:00,HV-2026-002,2,32.98,72.58,51.803,89.22,normal,healthy,synthetic_prototype_dataset
2026-08-02T23:00:00,HV-2026-002,2,32.07,73.42,51.828,85.42,normal,healthy,synthetic_prototype_dataset
2026-08-03T00:00:00,HV-2026-002,2,32.35,71.38,51.884,71.04,normal,healthy,synthetic_prototype_dataset
2026-08-03T01:00:00,HV-2026-002,2,32.08,71.79,51.966,79.69,normal,healthy,synthetic_prototype_dataset
2026-08-03T02:00:00,HV-2026-002,2,31.92,74.11,52.038,71.89,normal,healthy,synthetic_prototype_dataset
2026-08-03T03:00:00,HV-2026-002,2,31.73,70.44,52.102,81.57,normal,healthy,synthetic_prototype_dataset
2026-08-03T04:00:00,HV-2026-002,2,32.74,72.27,52.049,74.71,normal,healthy,synthetic_prototype_dataset
2026-08-03T05:00:00,HV-2026-002,2,33.26,69.5,52.12,79.34,normal,healthy,synthetic_prototype_dataset
2026-08-03T06:00:00,HV-2026-002,2,33.18,67.17,52.162,70.15,normal,healthy,synthetic_prototype_dataset
2026-08-03T07:00:00,HV-2026-002,2,33.19,65.67,52.181,73.33,normal,healthy,synthetic_prototype_dataset
2026-08-03T08:00:00,HV-2026-002,2,34.34,62.77,52.208,74.19,normal,healthy,synthetic_prototype_dataset
2026-08-03T09:00:00,HV-2026-002,2,35.55,62.48,52.23,80.32,normal,healthy,synthetic_prototype_dataset
2026-08-03T10:00:00,HV-2026-002,2,35.07,57.52,52.279,78.34,normal,healthy,synthetic_prototype_dataset
2026-08-03T11:00:00,HV-2026-002,2,35.01,56.75,52.281,90.28,normal,healthy,synthetic_prototype_dataset
2026-08-03T12:00:00,HV-2026-002,2,35.11,58.99,52.253,83.81,normal,healthy,synthetic_prototype_dataset
2026-08-03T13:00:00,HV-2026-002,2,35.25,59.21,52.22,87.83,normal,healthy,synthetic_prototype_dataset
2026-08-03T14:00:00,HV-2026-002,2,35.07,61.87,52.24,80.28,normal,healthy,synthetic_prototype_dataset
2026-08-03T15:00:00,HV-2026-002,2,34.25,58.69,52.306,79.43,normal,healthy,synthetic_prototype_dataset
2026-08-03T16:00:00,HV-2026-002,2,34.23,64.68,52.344,92.66,normal,healthy,synthetic_prototype_dataset
2026-08-03T17:00:00,HV-2026-002,2,33.38,60.92,52.428,90.23,normal,healthy,synthetic_prototype_dataset
2026-08-03T18:00:00,HV-2026-002,2,33.83,63.61,52.462,85.99,normal,healthy,synthetic_prototype_dataset
2026-08-03T19:00:00,HV-2026-002,2,33.98,72.34,52.504,87.66,normal,healthy,synthetic_prototype_dataset
2026-08-03T20:00:00,HV-2026-002,2,31.99,66.09,52.583,85.92,normal,healthy,synthetic_prototype_dataset
2026-08-03T21:00:00,HV-2026-002,2,32.7,71.75,52.66,88.24,normal,healthy,synthetic_prototype_dataset
2026-08-03T22:00:00,HV-2026-002,2,32.48,71.81,52.663,86.12,normal,healthy,synthetic_prototype_dataset
2026-08-03T23:00:00,HV-2026-002,2,32.71,72.71,52.762,88.64,normal,healthy,synthetic_prototype_dataset
2026-08-04T00:00:00,HV-2026-002,2,32.93,70.89,52.806,73.47,normal,healthy,synthetic_prototype_dataset
2026-08-04T01:00:00,HV-2026-002,2,32.64,73.81,52.833,84.43,normal,healthy,synthetic_prototype_dataset
2026-08-04T02:00:00,HV-2026-002,2,33.23,73.99,52.884,82.17,normal,healthy,synthetic_prototype_dataset
2026-08-04T03:00:00,HV-2026-002,2,32.15,73.23,52.875,74.02,normal,healthy,synthetic_prototype_dataset
2026-08-04T04:00:00,HV-2026-002,2,33.32,71.53,52.859,74.21,normal,healthy,synthetic_prototype_dataset
2026-08-04T05:00:00,HV-2026-002,2,33.42,67.29,52.914,88.03,normal,healthy,synthetic_prototype_dataset
2026-08-04T06:00:00,HV-2026-002,2,33.9,64.49,52.894,74.86,normal,healthy,synthetic_prototype_dataset
2026-08-04T07:00:00,HV-2026-002,2,33.63,64.84,52.935,76.21,normal,healthy,synthetic_prototype_dataset
2026-08-04T08:00:00,HV-2026-002,2,35.26,60.99,52.96,81.86,normal,healthy,synthetic_prototype_dataset
2026-08-04T09:00:00,HV-2026-002,2,35.04,63.16,53.009,85.04,normal,healthy,synthetic_prototype_dataset
2026-08-04T10:00:00,HV-2026-002,2,34.54,61.4,53.078,88.3,normal,healthy,synthetic_prototype_dataset
2026-08-04T11:00:00,HV-2026-002,2,34.22,57.42,53.148,75.24,normal,healthy,synthetic_prototype_dataset
2026-08-04T12:00:00,HV-2026-002,2,35.24,60.72,53.17,84.39,normal,healthy,synthetic_prototype_dataset
2026-08-04T13:00:00,HV-2026-002,2,34.49,58.11,53.196,84.72,normal,healthy,synthetic_prototype_dataset
2026-08-04T14:00:00,HV-2026-002,2,34.51,59.26,53.228,94.68,normal,healthy,synthetic_prototype_dataset
2026-08-04T15:00:00,HV-2026-002,2,34.46,61.48,53.249,86.87,normal,healthy,synthetic_prototype_dataset
2026-08-04T16:00:00,HV-2026-002,2,33.6,59.49,53.244,90.17,normal,healthy,synthetic_prototype_dataset
2026-08-04T17:00:00,HV-2026-002,2,34.54,60.79,53.259,85.1,normal,healthy,synthetic_prototype_dataset
2026-08-04T18:00:00,HV-2026-002,2,33.6,67.75,53.273,89.83,normal,healthy,synthetic_prototype_dataset
2026-08-04T19:00:00,HV-2026-002,2,34.03,68.45,53.271,90.44,normal,healthy,synthetic_prototype_dataset
2026-08-04T20:00:00,HV-2026-002,2,32.69,70.07,53.314,84.74,normal,healthy,synthetic_prototype_dataset
2026-08-04T21:00:00,HV-2026-002,2,32.87,70.55,53.358,91.84,normal,healthy,synthetic_prototype_dataset
2026-08-04T22:00:00,HV-2026-002,2,32.8,71.33,53.416,85.07,normal,healthy,synthetic_prototype_dataset
2026-08-04T23:00:00,HV-2026-002,2,31.87,66.82,53.439,84.23,normal,healthy,synthetic_prototype_dataset
2026-08-05T00:00:00,HV-2026-002,2,32.53,69.45,53.441,77.65,normal,healthy,synthetic_prototype_dataset
2026-08-05T01:00:00,HV-2026-002,2,31.93,73.5,53.447,75.89,normal,healthy,synthetic_prototype_dataset
2026-08-05T02:00:00,HV-2026-002,2,32.79,73.78,53.475,73.15,normal,healthy,synthetic_prototype_dataset
2026-08-05T03:00:00,HV-2026-002,2,32.52,72.1,53.464,75.38,normal,healthy,synthetic_prototype_dataset
2026-08-05T04:00:00,HV-2026-002,2,32.83,69.31,53.454,69.52,normal,warning,synthetic_prototype_dataset
2026-08-05T05:00:00,HV-2026-002,2,33.55,69.55,53.416,77.29,normal,healthy,synthetic_prototype_dataset
2026-08-05T06:00:00,HV-2026-002,2,34.14,67.07,53.426,72.7,normal,healthy,synthetic_prototype_dataset
2026-08-05T07:00:00,HV-2026-002,2,34.02,64.63,53.455,77.2,normal,healthy,synthetic_prototype_dataset
2026-08-05T08:00:00,HV-2026-002,2,33.81,63.26,53.501,80.33,normal,healthy,synthetic_prototype_dataset
2026-08-05T09:00:00,HV-2026-002,2,34.62,64.07,53.513,85.84,normal,healthy,synthetic_prototype_dataset
2026-08-05T10:00:00,HV-2026-002,2,34.45,61.93,53.594,81.97,normal,healthy,synthetic_prototype_dataset
2026-08-05T11:00:00,HV-2026-002,2,35.65,60.08,53.604,83.21,normal,healthy,synthetic_prototype_dataset
2026-08-05T12:00:00,HV-2026-002,2,35.46,60.66,53.609,85.41,normal,healthy,synthetic_prototype_dataset
2026-08-05T13:00:00,HV-2026-002,2,35.0,58.32,53.735,87.92,normal,healthy,synthetic_prototype_dataset
2026-08-05T14:00:00,HV-2026-002,2,34.75,62.08,53.764,91.65,normal,healthy,synthetic_prototype_dataset
2026-08-05T15:00:00,HV-2026-002,2,33.82,60.23,53.842,94.43,normal,healthy,synthetic_prototype_dataset
2026-08-05T16:00:00,HV-2026-002,2,33.95,60.9,53.899,87.34,normal,healthy,synthetic_prototype_dataset
2026-08-05T17:00:00,HV-2026-002,2,33.87,65.77,53.914,83.0,normal,healthy,synthetic_prototype_dataset
2026-08-05T18:00:00,HV-2026-002,2,33.06,66.02,53.879,88.96,normal,healthy,synthetic_prototype_dataset
2026-08-05T19:00:00,HV-2026-002,2,32.69,70.76,53.979,86.18,normal,healthy,synthetic_prototype_dataset
2026-08-05T20:00:00,HV-2026-002,2,33.12,67.77,53.994,95.84,normal,healthy,synthetic_prototype_dataset
2026-08-05T21:00:00,HV-2026-002,2,32.52,70.43,53.986,92.95,normal,healthy,synthetic_prototype_dataset
2026-08-05T22:00:00,HV-2026-002,2,31.06,71.27,54.009,85.81,normal,healthy,synthetic_prototype_dataset
2026-08-05T23:00:00,HV-2026-002,2,32.78,74.93,53.985,94.43,normal,healthy,synthetic_prototype_dataset
2026-08-06T00:00:00,HV-2026-002,2,31.65,75.5,54.015,73.89,normal,warning,synthetic_prototype_dataset
2026-08-06T01:00:00,HV-2026-002,2,32.15,72.88,54.047,72.78,normal,healthy,synthetic_prototype_dataset
2026-08-06T02:00:00,HV-2026-002,2,32.36,70.85,54.03,73.14,normal,healthy,synthetic_prototype_dataset
2026-08-06T03:00:00,HV-2026-002,2,32.15,70.37,54.07,76.42,normal,healthy,synthetic_prototype_dataset
2026-08-06T04:00:00,HV-2026-002,2,33.83,65.7,54.111,76.02,normal,healthy,synthetic_prototype_dataset
2026-08-06T05:00:00,HV-2026-002,2,33.62,69.28,54.13,76.6,normal,healthy,synthetic_prototype_dataset
2026-08-06T06:00:00,HV-2026-002,2,33.25,67.28,54.09,78.72,normal,healthy,synthetic_prototype_dataset
2026-08-06T07:00:00,HV-2026-002,2,33.91,63.49,54.106,77.27,normal,healthy,synthetic_prototype_dataset
2026-08-06T08:00:00,HV-2026-002,2,34.82,68.5,54.179,77.64,normal,healthy,synthetic_prototype_dataset
2026-08-06T09:00:00,HV-2026-002,2,34.79,62.44,54.18,76.94,normal,healthy,synthetic_prototype_dataset
2026-08-06T10:00:00,HV-2026-002,2,34.69,61.57,54.162,80.48,normal,healthy,synthetic_prototype_dataset
2026-08-06T11:00:00,HV-2026-002,2,35.1,59.49,54.252,79.58,normal,healthy,synthetic_prototype_dataset
2026-08-06T12:00:00,HV-2026-002,2,35.95,56.41,54.223,85.69,normal,healthy,synthetic_prototype_dataset
2026-08-06T13:00:00,HV-2026-002,2,34.33,59.34,54.264,86.42,normal,healthy,synthetic_prototype_dataset
2026-08-06T14:00:00,HV-2026-002,2,34.34,60.89,54.295,91.99,normal,healthy,synthetic_prototype_dataset
2026-08-06T15:00:00,HV-2026-002,2,34.43,59.49,54.276,88.33,normal,healthy,synthetic_prototype_dataset
2026-08-06T16:00:00,HV-2026-002,2,33.67,60.25,54.333,83.3,normal,healthy,synthetic_prototype_dataset
2026-08-06T17:00:00,HV-2026-002,2,34.56,64.65,54.365,86.26,normal,healthy,synthetic_prototype_dataset
2026-08-06T18:00:00,HV-2026-002,2,33.93,66.17,54.371,90.7,normal,healthy,synthetic_prototype_dataset
2026-08-06T19:00:00,HV-2026-002,2,32.49,65.04,54.357,91.1,normal,healthy,synthetic_prototype_dataset
2026-08-06T20:00:00,HV-2026-002,2,32.94,71.56,54.349,91.53,normal,healthy,synthetic_prototype_dataset
2026-08-06T21:00:00,HV-2026-002,2,32.62,69.43,54.388,88.7,normal,healthy,synthetic_prototype_dataset
2026-08-06T22:00:00,HV-2026-002,2,32.18,72.31,54.408,87.59,normal,healthy,synthetic_prototype_dataset
2026-08-06T23:00:00,HV-2026-002,2,32.15,70.59,54.436,84.3,normal,healthy,synthetic_prototype_dataset
2026-08-07T00:00:00,HV-2026-002,2,31.77,72.91,54.487,76.65,normal,healthy,synthetic_prototype_dataset
2026-08-07T01:00:00,HV-2026-002,2,32.04,72.07,54.534,67.61,normal,warning,synthetic_prototype_dataset
2026-08-07T02:00:00,HV-2026-002,2,32.76,69.03,54.509,74.2,normal,healthy,synthetic_prototype_dataset
2026-08-07T03:00:00,HV-2026-002,2,33.59,74.31,54.559,77.25,normal,healthy,synthetic_prototype_dataset
2026-08-07T04:00:00,HV-2026-002,2,32.04,70.12,54.565,73.14,normal,healthy,synthetic_prototype_dataset
2026-08-07T05:00:00,HV-2026-002,2,33.26,67.3,54.62,69.22,normal,warning,synthetic_prototype_dataset
2026-08-07T06:00:00,HV-2026-002,2,33.57,64.76,54.631,77.07,normal,healthy,synthetic_prototype_dataset
2026-08-07T07:00:00,HV-2026-002,2,33.37,64.82,54.648,75.52,normal,healthy,synthetic_prototype_dataset
2026-08-07T08:00:00,HV-2026-002,2,33.97,62.56,54.651,79.65,normal,healthy,synthetic_prototype_dataset
2026-08-07T09:00:00,HV-2026-002,2,34.33,60.29,54.741,82.81,normal,healthy,synthetic_prototype_dataset
2026-08-07T10:00:00,HV-2026-002,2,34.49,60.54,54.743,81.47,normal,healthy,synthetic_prototype_dataset
2026-08-07T11:00:00,HV-2026-002,2,34.64,57.33,54.797,82.75,normal,healthy,synthetic_prototype_dataset
2026-08-07T12:00:00,HV-2026-002,2,34.67,58.31,54.943,83.58,normal,healthy,synthetic_prototype_dataset
2026-08-07T13:00:00,HV-2026-002,2,33.86,56.7,55.012,91.78,normal,healthy,synthetic_prototype_dataset
2026-08-07T14:00:00,HV-2026-002,2,34.35,62.58,55.081,87.46,normal,healthy,synthetic_prototype_dataset
2026-08-07T15:00:00,HV-2026-002,2,34.33,61.71,55.152,90.32,normal,healthy,synthetic_prototype_dataset
2026-08-07T16:00:00,HV-2026-002,2,33.88,62.52,55.259,90.4,normal,healthy,synthetic_prototype_dataset
2026-08-07T17:00:00,HV-2026-002,2,34.26,65.5,55.303,90.26,normal,healthy,synthetic_prototype_dataset
2026-08-07T18:00:00,HV-2026-002,2,33.94,67.63,55.342,87.57,normal,healthy,synthetic_prototype_dataset
2026-08-07T19:00:00,HV-2026-002,2,33.37,68.03,55.356,98.0,normal,healthy,synthetic_prototype_dataset
2026-08-07T20:00:00,HV-2026-002,2,32.19,71.56,55.351,89.98,normal,healthy,synthetic_prototype_dataset
2026-08-07T21:00:00,HV-2026-002,2,33.77,69.56,55.35,88.87,normal,healthy,synthetic_prototype_dataset
2026-08-07T22:00:00,HV-2026-002,2,32.02,73.99,55.357,90.41,normal,healthy,synthetic_prototype_dataset
2026-08-07T23:00:00,HV-2026-002,2,31.68,69.85,55.374,81.62,normal,healthy,synthetic_prototype_dataset
2026-08-08T00:00:00,HV-2026-002,2,32.86,70.73,55.362,77.45,normal,healthy,synthetic_prototype_dataset
2026-08-08T01:00:00,HV-2026-002,2,31.96,70.51,55.459,72.49,normal,healthy,synthetic_prototype_dataset
2026-08-08T02:00:00,HV-2026-002,2,32.27,72.17,55.508,77.62,normal,healthy,synthetic_prototype_dataset
2026-08-08T03:00:00,HV-2026-002,2,32.19,70.85,55.526,78.62,normal,healthy,synthetic_prototype_dataset
2026-08-08T04:00:00,HV-2026-002,2,32.3,73.62,55.524,75.97,normal,healthy,synthetic_prototype_dataset
2026-08-08T05:00:00,HV-2026-002,2,32.62,65.96,55.518,72.6,normal,healthy,synthetic_prototype_dataset
2026-08-08T06:00:00,HV-2026-002,2,33.29,64.72,55.568,73.26,normal,healthy,synthetic_prototype_dataset
2026-08-08T07:00:00,HV-2026-002,2,33.41,63.97,55.627,78.58,normal,healthy,synthetic_prototype_dataset
2026-08-08T08:00:00,HV-2026-002,2,34.08,60.41,55.617,75.15,normal,healthy,synthetic_prototype_dataset
2026-08-08T09:00:00,HV-2026-002,2,34.99,62.49,55.621,79.38,normal,healthy,synthetic_prototype_dataset
2026-08-08T10:00:00,HV-2026-002,2,34.23,58.83,55.675,81.99,normal,healthy,synthetic_prototype_dataset
2026-08-08T11:00:00,HV-2026-002,2,35.67,61.98,55.761,86.87,normal,healthy,synthetic_prototype_dataset
2026-08-08T12:00:00,HV-2026-002,2,34.59,60.56,55.791,91.61,normal,healthy,synthetic_prototype_dataset
2026-08-08T13:00:00,HV-2026-002,2,34.92,60.2,55.839,93.2,normal,healthy,synthetic_prototype_dataset
2026-08-08T14:00:00,HV-2026-002,2,33.96,63.73,55.875,83.2,normal,healthy,synthetic_prototype_dataset
2026-08-08T15:00:00,HV-2026-002,2,34.06,58.57,55.938,85.3,normal,healthy,synthetic_prototype_dataset
2026-08-08T16:00:00,HV-2026-002,2,34.21,65.03,55.952,88.58,normal,healthy,synthetic_prototype_dataset
2026-08-08T17:00:00,HV-2026-002,2,33.23,63.98,56.076,92.6,normal,healthy,synthetic_prototype_dataset
2026-08-08T18:00:00,HV-2026-002,2,33.36,65.39,56.105,90.46,normal,healthy,synthetic_prototype_dataset
2026-08-08T19:00:00,HV-2026-002,2,32.95,69.25,56.096,86.53,normal,healthy,synthetic_prototype_dataset
2026-08-08T20:00:00,HV-2026-002,2,33.0,67.88,56.147,89.47,normal,healthy,synthetic_prototype_dataset
2026-08-08T21:00:00,HV-2026-002,2,31.74,71.63,56.113,91.36,normal,healthy,synthetic_prototype_dataset
2026-08-08T22:00:00,HV-2026-002,2,32.24,75.88,56.175,83.8,normal,warning,synthetic_prototype_dataset
2026-08-08T23:00:00,HV-2026-002,2,31.31,71.89,56.158,93.5,normal,healthy,synthetic_prototype_dataset
2026-08-09T00:00:00,HV-2026-002,2,32.13,75.3,56.173,75.16,normal,warning,synthetic_prototype_dataset
2026-08-09T01:00:00,HV-2026-002,2,32.16,75.37,56.208,72.04,normal,warning,synthetic_prototype_dataset
2026-08-09T02:00:00,HV-2026-002,2,33.04,72.15,56.218,66.1,normal,warning,synthetic_prototype_dataset
2026-08-09T03:00:00,HV-2026-002,2,32.8,71.75,56.246,74.59,normal,healthy,synthetic_prototype_dataset
2026-08-09T04:00:00,HV-2026-002,2,32.52,69.45,56.287,78.24,normal,healthy,synthetic_prototype_dataset
2026-08-09T05:00:00,HV-2026-002,2,32.99,70.14,56.309,74.24,normal,healthy,synthetic_prototype_dataset
2026-08-09T06:00:00,HV-2026-002,2,33.52,64.17,56.343,70.6,normal,healthy,synthetic_prototype_dataset
2026-08-09T07:00:00,HV-2026-002,2,33.31,61.17,56.361,83.46,normal,healthy,synthetic_prototype_dataset
2026-08-09T08:00:00,HV-2026-002,2,34.03,64.28,56.473,81.04,normal,healthy,synthetic_prototype_dataset
2026-08-09T09:00:00,HV-2026-002,2,34.01,60.54,56.508,79.14,normal,healthy,synthetic_prototype_dataset
2026-08-09T10:00:00,HV-2026-002,2,34.31,62.33,56.581,77.24,normal,healthy,synthetic_prototype_dataset
2026-08-09T11:00:00,HV-2026-002,2,34.32,59.02,56.643,88.52,normal,healthy,synthetic_prototype_dataset
2026-08-09T12:00:00,HV-2026-002,2,35.95,58.78,56.671,87.96,normal,healthy,synthetic_prototype_dataset
2026-08-09T13:00:00,HV-2026-002,2,34.38,59.6,56.699,77.93,normal,healthy,synthetic_prototype_dataset
2026-08-09T14:00:00,HV-2026-002,2,34.61,60.23,56.786,88.14,normal,healthy,synthetic_prototype_dataset
2026-08-09T15:00:00,HV-2026-002,2,33.79,61.2,56.753,84.7,normal,healthy,synthetic_prototype_dataset
2026-08-09T16:00:00,HV-2026-002,2,34.37,62.67,56.823,82.64,normal,healthy,synthetic_prototype_dataset
2026-08-09T17:00:00,HV-2026-002,2,33.66,63.95,56.891,92.23,normal,healthy,synthetic_prototype_dataset
2026-08-09T18:00:00,HV-2026-002,2,33.72,69.39,56.908,94.67,normal,healthy,synthetic_prototype_dataset
2026-08-09T19:00:00,HV-2026-002,2,32.63,66.48,56.959,84.61,normal,healthy,synthetic_prototype_dataset
2026-08-09T20:00:00,HV-2026-002,2,33.04,70.3,57.021,89.31,normal,healthy,synthetic_prototype_dataset
2026-08-09T21:00:00,HV-2026-002,2,32.54,72.48,57.023,86.46,normal,healthy,synthetic_prototype_dataset
2026-08-09T22:00:00,HV-2026-002,2,32.52,72.63,57.034,87.83,normal,healthy,synthetic_prototype_dataset
2026-08-09T23:00:00,HV-2026-002,2,32.9,72.58,57.042,81.13,normal,healthy,synthetic_prototype_dataset
2026-08-10T00:00:00,HV-2026-002,2,32.07,74.91,57.097,76.38,normal,healthy,synthetic_prototype_dataset
2026-08-10T01:00:00,HV-2026-002,2,32.57,74.81,57.161,79.45,normal,healthy,synthetic_prototype_dataset
2026-08-10T02:00:00,HV-2026-002,2,32.97,72.49,57.139,78.32,normal,healthy,synthetic_prototype_dataset
2026-08-10T03:00:00,HV-2026-002,2,32.83,74.51,57.209,82.81,normal,healthy,synthetic_prototype_dataset
2026-08-10T04:00:00,HV-2026-002,2,33.02,70.64,57.186,77.08,normal,healthy,synthetic_prototype_dataset
2026-08-10T05:00:00,HV-2026-002,2,32.81,68.92,57.212,77.65,normal,healthy,synthetic_prototype_dataset
2026-08-10T06:00:00,HV-2026-002,2,33.35,68.42,57.142,76.66,normal,healthy,synthetic_prototype_dataset
2026-08-10T07:00:00,HV-2026-002,2,34.27,68.29,57.193,83.72,normal,healthy,synthetic_prototype_dataset
2026-08-10T08:00:00,HV-2026-002,2,34.12,63.24,57.241,79.61,normal,healthy,synthetic_prototype_dataset
2026-08-10T09:00:00,HV-2026-002,2,33.96,60.85,57.236,83.21,normal,healthy,synthetic_prototype_dataset
2026-08-10T10:00:00,HV-2026-002,2,34.52,60.02,57.254,84.77,normal,healthy,synthetic_prototype_dataset
2026-08-10T11:00:00,HV-2026-002,2,35.0,57.94,57.249,87.86,normal,healthy,synthetic_prototype_dataset
2026-08-10T12:00:00,HV-2026-002,2,34.07,60.72,57.348,91.57,normal,healthy,synthetic_prototype_dataset
2026-08-10T13:00:00,HV-2026-002,2,34.98,61.25,57.47,78.94,normal,healthy,synthetic_prototype_dataset
2026-08-10T14:00:00,HV-2026-002,2,34.31,62.2,57.501,92.46,normal,healthy,synthetic_prototype_dataset
2026-08-10T15:00:00,HV-2026-002,2,34.3,62.02,57.532,87.11,normal,healthy,synthetic_prototype_dataset
2026-08-10T16:00:00,HV-2026-002,2,33.8,63.72,57.542,92.86,normal,healthy,synthetic_prototype_dataset
2026-08-10T17:00:00,HV-2026-002,2,34.02,66.9,57.537,83.93,normal,healthy,synthetic_prototype_dataset
2026-08-10T18:00:00,HV-2026-002,2,33.39,71.95,57.611,88.06,normal,healthy,synthetic_prototype_dataset
2026-08-10T19:00:00,HV-2026-002,2,33.25,69.85,57.588,94.67,normal,healthy,synthetic_prototype_dataset
2026-08-10T20:00:00,HV-2026-002,2,32.67,70.07,57.614,93.53,normal,healthy,synthetic_prototype_dataset
2026-08-10T21:00:00,HV-2026-002,2,32.13,68.61,57.65,81.78,normal,healthy,synthetic_prototype_dataset
2026-08-10T22:00:00,HV-2026-002,2,32.13,74.93,57.695,91.77,normal,healthy,synthetic_prototype_dataset
2026-08-10T23:00:00,HV-2026-002,2,32.42,77.83,57.7,86.52,normal,warning,synthetic_prototype_dataset
2026-08-11T00:00:00,HV-2026-002,2,31.86,75.55,57.723,81.63,normal,warning,synthetic_prototype_dataset
2026-08-11T01:00:00,HV-2026-002,2,31.87,76.12,57.768,75.1,normal,warning,synthetic_prototype_dataset
2026-08-11T02:00:00,HV-2026-002,2,32.48,73.36,57.806,75.28,normal,healthy,synthetic_prototype_dataset
2026-08-11T03:00:00,HV-2026-002,2,32.13,71.17,57.772,78.95,normal,healthy,synthetic_prototype_dataset
2026-08-11T04:00:00,HV-2026-002,2,32.15,69.94,57.82,78.94,normal,healthy,synthetic_prototype_dataset
2026-08-11T05:00:00,HV-2026-002,2,32.23,68.47,57.861,76.18,normal,healthy,synthetic_prototype_dataset
2026-08-11T06:00:00,HV-2026-002,2,33.97,65.35,57.814,78.84,normal,healthy,synthetic_prototype_dataset
2026-08-11T07:00:00,HV-2026-002,2,33.46,61.85,57.833,82.13,normal,healthy,synthetic_prototype_dataset
2026-08-11T08:00:00,HV-2026-002,2,33.44,67.53,57.834,79.93,normal,healthy,synthetic_prototype_dataset
2026-08-11T09:00:00,HV-2026-002,2,33.73,61.95,57.863,76.14,normal,healthy,synthetic_prototype_dataset
2026-08-11T10:00:00,HV-2026-002,2,35.76,59.87,57.884,86.39,normal,healthy,synthetic_prototype_dataset
2026-08-11T11:00:00,HV-2026-002,2,35.43,62.09,57.882,85.27,normal,healthy,synthetic_prototype_dataset
2026-08-11T12:00:00,HV-2026-002,2,33.81,61.45,57.867,83.09,normal,healthy,synthetic_prototype_dataset
2026-08-11T13:00:00,HV-2026-002,2,34.61,60.87,57.901,92.42,normal,healthy,synthetic_prototype_dataset
2026-08-11T14:00:00,HV-2026-002,2,34.81,61.93,57.9,94.07,normal,healthy,synthetic_prototype_dataset
2026-08-11T15:00:00,HV-2026-002,2,33.92,65.0,58.012,90.73,normal,healthy,synthetic_prototype_dataset
2026-08-11T16:00:00,HV-2026-002,2,34.47,57.78,58.043,93.38,normal,healthy,synthetic_prototype_dataset
2026-08-11T17:00:00,HV-2026-002,2,34.11,62.82,58.066,81.0,normal,healthy,synthetic_prototype_dataset
2026-08-11T18:00:00,HV-2026-002,2,33.55,63.44,58.136,94.14,normal,healthy,synthetic_prototype_dataset
2026-08-11T19:00:00,HV-2026-002,2,32.81,69.58,58.153,90.73,normal,healthy,synthetic_prototype_dataset
2026-08-11T20:00:00,HV-2026-002,2,32.19,71.45,58.121,83.12,normal,healthy,synthetic_prototype_dataset
2026-08-11T21:00:00,HV-2026-002,2,32.39,71.4,58.155,86.66,normal,healthy,synthetic_prototype_dataset
2026-08-11T22:00:00,HV-2026-002,2,33.08,73.18,58.188,88.81,normal,healthy,synthetic_prototype_dataset
2026-08-11T23:00:00,HV-2026-002,2,32.56,74.63,58.229,89.68,normal,healthy,synthetic_prototype_dataset
2026-08-12T00:00:00,HV-2026-002,2,31.21,70.69,58.251,75.31,normal,healthy,synthetic_prototype_dataset
2026-08-12T01:00:00,HV-2026-002,2,32.34,73.7,58.297,71.64,normal,healthy,synthetic_prototype_dataset
2026-08-12T02:00:00,HV-2026-002,2,32.2,70.55,58.335,69.43,normal,warning,synthetic_prototype_dataset
2026-08-12T03:00:00,HV-2026-002,2,32.57,69.21,58.347,79.13,normal,healthy,synthetic_prototype_dataset
2026-08-12T04:00:00,HV-2026-002,2,32.79,67.44,58.348,70.75,normal,healthy,synthetic_prototype_dataset
2026-08-12T05:00:00,HV-2026-002,2,32.24,68.93,58.393,77.54,normal,healthy,synthetic_prototype_dataset
2026-08-12T06:00:00,HV-2026-002,2,33.61,66.88,58.408,72.24,normal,healthy,synthetic_prototype_dataset
2026-08-12T07:00:00,HV-2026-002,2,33.47,62.71,58.404,78.14,normal,healthy,synthetic_prototype_dataset
2026-08-12T08:00:00,HV-2026-002,2,33.93,68.92,58.386,79.19,normal,healthy,synthetic_prototype_dataset
2026-08-12T09:00:00,HV-2026-002,2,33.61,61.25,58.408,84.31,normal,healthy,synthetic_prototype_dataset
2026-08-12T10:00:00,HV-2026-002,2,34.26,60.5,58.431,78.1,normal,healthy,synthetic_prototype_dataset
2026-08-12T11:00:00,HV-2026-002,2,34.3,59.45,58.474,86.48,normal,healthy,synthetic_prototype_dataset
2026-08-12T12:00:00,HV-2026-002,2,34.53,59.45,58.456,87.79,normal,healthy,synthetic_prototype_dataset
2026-08-12T13:00:00,HV-2026-002,2,34.28,61.49,58.545,86.45,normal,healthy,synthetic_prototype_dataset
2026-08-12T14:00:00,HV-2026-002,2,34.0,60.81,58.6,87.02,normal,healthy,synthetic_prototype_dataset
2026-08-12T15:00:00,HV-2026-002,2,34.0,62.97,58.658,87.72,normal,healthy,synthetic_prototype_dataset
2026-08-12T16:00:00,HV-2026-002,2,33.24,64.22,58.669,90.27,normal,healthy,synthetic_prototype_dataset
2026-08-12T17:00:00,HV-2026-002,2,33.74,61.69,58.705,91.68,normal,healthy,synthetic_prototype_dataset
2026-08-12T18:00:00,HV-2026-002,2,33.62,67.11,58.666,94.47,normal,healthy,synthetic_prototype_dataset
2026-08-12T19:00:00,HV-2026-002,2,33.18,66.55,58.663,90.69,normal,healthy,synthetic_prototype_dataset
2026-08-12T20:00:00,HV-2026-002,2,32.99,69.52,58.717,83.25,normal,healthy,synthetic_prototype_dataset
2026-08-12T21:00:00,HV-2026-002,2,31.95,68.14,58.711,94.21,normal,healthy,synthetic_prototype_dataset
2026-08-12T22:00:00,HV-2026-002,2,33.13,73.39,58.713,87.35,normal,healthy,synthetic_prototype_dataset
2026-08-12T23:00:00,HV-2026-002,2,32.29,70.85,58.718,92.13,normal,healthy,synthetic_prototype_dataset
2026-08-13T00:00:00,HV-2026-002,2,31.54,72.61,58.744,76.99,normal,healthy,synthetic_prototype_dataset
2026-08-13T01:00:00,HV-2026-002,2,31.78,73.86,58.79,82.87,normal,healthy,synthetic_prototype_dataset
2026-08-13T02:00:00,HV-2026-002,2,32.13,72.94,58.869,74.08,normal,healthy,synthetic_prototype_dataset
2026-08-13T03:00:00,HV-2026-002,2,31.8,72.36,58.931,77.26,normal,healthy,synthetic_prototype_dataset
2026-08-13T04:00:00,HV-2026-002,2,32.62,67.85,58.954,80.32,normal,healthy,synthetic_prototype_dataset
2026-08-13T05:00:00,HV-2026-002,2,32.42,68.33,58.966,73.56,normal,healthy,synthetic_prototype_dataset
2026-08-13T06:00:00,HV-2026-002,2,33.43,67.75,59.006,72.58,normal,healthy,synthetic_prototype_dataset
2026-08-13T07:00:00,HV-2026-002,2,32.91,65.62,59.013,84.26,normal,healthy,synthetic_prototype_dataset
2026-08-13T08:00:00,HV-2026-002,2,34.81,67.04,59.01,81.62,normal,healthy,synthetic_prototype_dataset
2026-08-13T09:00:00,HV-2026-002,2,34.63,63.37,59.031,85.83,normal,healthy,synthetic_prototype_dataset
2026-08-13T10:00:00,HV-2026-002,2,34.44,61.12,59.015,85.26,normal,healthy,synthetic_prototype_dataset
2026-08-13T11:00:00,HV-2026-002,2,34.45,61.03,59.064,85.16,normal,healthy,synthetic_prototype_dataset
2026-08-13T12:00:00,HV-2026-002,2,34.59,61.37,59.1,80.81,normal,healthy,synthetic_prototype_dataset
2026-08-13T13:00:00,HV-2026-002,2,34.83,58.74,59.096,83.53,normal,healthy,synthetic_prototype_dataset
2026-08-13T14:00:00,HV-2026-002,2,34.57,60.72,59.064,86.78,normal,healthy,synthetic_prototype_dataset
2026-08-13T15:00:00,HV-2026-002,2,34.76,61.19,59.099,92.58,normal,healthy,synthetic_prototype_dataset
2026-08-13T16:00:00,HV-2026-002,2,34.32,65.3,59.039,95.59,normal,healthy,synthetic_prototype_dataset
2026-08-13T17:00:00,HV-2026-002,2,33.94,69.58,59.046,83.71,normal,healthy,synthetic_prototype_dataset
2026-08-13T18:00:00,HV-2026-002,2,33.32,66.46,59.099,93.76,normal,healthy,synthetic_prototype_dataset
2026-08-13T19:00:00,HV-2026-002,2,32.94,68.33,59.142,88.98,normal,healthy,synthetic_prototype_dataset
2026-08-13T20:00:00,HV-2026-002,2,32.51,72.32,59.211,93.32,normal,healthy,synthetic_prototype_dataset
2026-08-13T21:00:00,HV-2026-002,2,32.32,68.05,59.231,86.28,normal,healthy,synthetic_prototype_dataset
2026-08-13T22:00:00,HV-2026-002,2,32.13,71.81,59.255,84.49,normal,healthy,synthetic_prototype_dataset
2026-08-13T23:00:00,HV-2026-002,2,31.48,75.92,59.246,86.47,normal,warning,synthetic_prototype_dataset
2026-08-14T00:00:00,HV-2026-002,2,32.43,75.63,59.299,76.62,normal,warning,synthetic_prototype_dataset
2026-08-14T01:00:00,HV-2026-002,2,32.37,76.22,59.339,68.71,normal,warning,synthetic_prototype_dataset
2026-08-14T02:00:00,HV-2026-002,2,31.94,74.3,59.342,81.67,normal,healthy,synthetic_prototype_dataset
2026-08-14T03:00:00,HV-2026-002,2,32.36,72.09,59.406,75.36,normal,healthy,synthetic_prototype_dataset
2026-08-14T04:00:00,HV-2026-002,2,32.73,72.11,59.38,75.0,normal,healthy,synthetic_prototype_dataset
2026-08-14T05:00:00,HV-2026-002,2,33.34,68.92,59.456,70.48,normal,healthy,synthetic_prototype_dataset
2026-08-14T06:00:00,HV-2026-002,2,32.54,68.37,59.511,75.32,normal,healthy,synthetic_prototype_dataset
2026-08-14T07:00:00,HV-2026-002,2,33.82,66.52,59.508,75.35,normal,healthy,synthetic_prototype_dataset
2026-08-14T08:00:00,HV-2026-002,2,34.04,65.12,59.497,78.93,normal,healthy,synthetic_prototype_dataset
2026-08-14T09:00:00,HV-2026-002,2,34.11,62.79,59.53,79.45,normal,healthy,synthetic_prototype_dataset
2026-08-14T10:00:00,HV-2026-002,2,34.99,59.96,59.558,77.43,normal,healthy,synthetic_prototype_dataset
2026-08-14T11:00:00,HV-2026-002,2,34.24,61.16,59.61,86.62,normal,healthy,synthetic_prototype_dataset
2026-08-14T12:00:00,HV-2026-002,2,34.85,63.75,59.626,80.23,normal,healthy,synthetic_prototype_dataset
2026-08-14T13:00:00,HV-2026-002,2,34.09,58.96,59.635,87.43,normal,healthy,synthetic_prototype_dataset
2026-08-14T14:00:00,HV-2026-002,2,34.99,63.7,59.695,95.62,normal,healthy,synthetic_prototype_dataset
2026-08-14T15:00:00,HV-2026-002,2,34.06,59.1,59.772,82.5,normal,healthy,synthetic_prototype_dataset
2026-08-14T16:00:00,HV-2026-002,2,33.61,64.43,59.806,88.85,normal,healthy,synthetic_prototype_dataset
2026-08-14T17:00:00,HV-2026-002,2,33.11,65.16,59.876,89.95,normal,healthy,synthetic_prototype_dataset
2026-08-14T18:00:00,HV-2026-002,2,32.93,64.74,59.877,91.37,normal,healthy,synthetic_prototype_dataset
2026-08-14T19:00:00,HV-2026-002,2,33.12,67.36,59.825,91.35,normal,healthy,synthetic_prototype_dataset
2026-08-14T20:00:00,HV-2026-002,2,32.25,71.73,59.823,86.07,normal,healthy,synthetic_prototype_dataset
2026-08-14T21:00:00,HV-2026-002,2,32.45,76.18,59.874,88.58,normal,warning,synthetic_prototype_dataset
2026-08-14T22:00:00,HV-2026-002,2,32.34,69.9,59.86,79.34,normal,healthy,synthetic_prototype_dataset
2026-08-14T23:00:00,HV-2026-002,2,32.83,76.5,59.899,86.53,normal,warning,synthetic_prototype_dataset
2026-08-15T00:00:00,HV-2026-002,2,31.3,73.61,59.986,76.46,normal,healthy,synthetic_prototype_dataset
2026-08-15T01:00:00,HV-2026-002,2,31.79,70.6,60.06,75.75,normal,healthy,synthetic_prototype_dataset
2026-08-15T02:00:00,HV-2026-002,2,31.38,71.4,60.04,75.54,normal,healthy,synthetic_prototype_dataset
2026-08-15T03:00:00,HV-2026-002,2,32.47,71.04,60.092,76.28,normal,healthy,synthetic_prototype_dataset
2026-08-15T04:00:00,HV-2026-002,2,33.13,69.86,60.224,74.02,normal,healthy,synthetic_prototype_dataset
2026-08-15T05:00:00,HV-2026-002,2,32.56,66.96,60.241,69.98,normal,warning,synthetic_prototype_dataset
2026-08-15T06:00:00,HV-2026-002,2,33.43,63.57,60.272,71.27,normal,healthy,synthetic_prototype_dataset
2026-08-15T07:00:00,HV-2026-002,2,33.46,66.28,60.378,74.05,normal,healthy,synthetic_prototype_dataset
2026-08-15T08:00:00,HV-2026-002,2,33.88,62.2,60.377,77.12,normal,healthy,synthetic_prototype_dataset
2026-08-15T09:00:00,HV-2026-002,2,34.59,61.17,60.49,82.81,normal,healthy,synthetic_prototype_dataset
2026-08-15T10:00:00,HV-2026-002,2,33.97,60.28,60.499,85.8,normal,healthy,synthetic_prototype_dataset
2026-08-15T11:00:00,HV-2026-002,2,33.82,57.82,60.519,86.91,normal,healthy,synthetic_prototype_dataset
2026-08-15T12:00:00,HV-2026-002,2,35.15,62.48,60.58,85.61,normal,healthy,synthetic_prototype_dataset
2026-08-15T13:00:00,HV-2026-002,2,34.91,58.18,60.559,88.64,normal,healthy,synthetic_prototype_dataset
2026-08-15T14:00:00,HV-2026-002,2,33.97,60.82,60.605,88.99,normal,healthy,synthetic_prototype_dataset
2026-08-15T15:00:00,HV-2026-002,2,34.64,63.55,60.653,87.39,normal,healthy,synthetic_prototype_dataset
2026-08-15T16:00:00,HV-2026-002,2,34.0,62.43,60.683,98.0,normal,healthy,synthetic_prototype_dataset
2026-08-15T17:00:00,HV-2026-002,2,33.72,66.0,60.693,93.45,normal,healthy,synthetic_prototype_dataset
2026-08-15T18:00:00,HV-2026-002,2,33.64,68.38,60.73,93.62,normal,healthy,synthetic_prototype_dataset
2026-08-15T19:00:00,HV-2026-002,2,33.54,69.32,60.751,93.01,normal,healthy,synthetic_prototype_dataset
2026-08-15T20:00:00,HV-2026-002,2,32.24,69.21,60.774,83.43,normal,healthy,synthetic_prototype_dataset
2026-08-15T21:00:00,HV-2026-002,2,32.75,70.22,60.783,88.19,normal,healthy,synthetic_prototype_dataset
2026-08-15T22:00:00,HV-2026-002,2,32.19,72.44,60.805,87.92,normal,healthy,synthetic_prototype_dataset
2026-08-15T23:00:00,HV-2026-002,2,31.84,72.37,60.868,79.74,normal,healthy,synthetic_prototype_dataset
2026-08-16T00:00:00,HV-2026-002,2,31.91,73.15,60.908,70.91,normal,healthy,synthetic_prototype_dataset
2026-08-16T01:00:00,HV-2026-002,2,31.82,73.57,60.97,77.16,normal,healthy,synthetic_prototype_dataset
2026-08-16T02:00:00,HV-2026-002,2,31.65,72.17,61.026,71.8,normal,healthy,synthetic_prototype_dataset
2026-08-16T03:00:00,HV-2026-002,2,32.35,71.92,61.038,85.44,normal,healthy,synthetic_prototype_dataset
2026-08-16T04:00:00,HV-2026-002,2,32.47,71.3,61.036,77.85,normal,healthy,synthetic_prototype_dataset
2026-08-16T05:00:00,HV-2026-002,2,33.36,67.74,61.059,72.87,normal,healthy,synthetic_prototype_dataset
2026-08-16T06:00:00,HV-2026-002,2,32.79,68.86,61.065,67.55,normal,warning,synthetic_prototype_dataset
2026-08-16T07:00:00,HV-2026-002,2,34.43,63.73,61.081,83.57,normal,healthy,synthetic_prototype_dataset
2026-08-16T08:00:00,HV-2026-002,2,33.89,63.2,61.068,73.9,normal,healthy,synthetic_prototype_dataset
2026-08-16T09:00:00,HV-2026-002,2,34.15,62.69,61.112,79.67,normal,healthy,synthetic_prototype_dataset
2026-08-16T10:00:00,HV-2026-002,2,34.44,57.62,61.166,83.56,normal,healthy,synthetic_prototype_dataset
2026-08-16T11:00:00,HV-2026-002,2,35.45,60.24,61.174,84.35,normal,healthy,synthetic_prototype_dataset
2026-08-16T12:00:00,HV-2026-002,2,34.46,60.77,61.217,81.49,normal,healthy,synthetic_prototype_dataset
2026-08-16T13:00:00,HV-2026-002,2,33.82,60.7,61.308,87.38,normal,healthy,synthetic_prototype_dataset
2026-08-16T14:00:00,HV-2026-002,2,34.8,62.75,61.36,85.27,normal,healthy,synthetic_prototype_dataset
2026-08-16T15:00:00,HV-2026-002,2,34.31,64.21,61.419,91.55,normal,healthy,synthetic_prototype_dataset
2026-08-16T16:00:00,HV-2026-002,2,33.75,63.12,61.453,89.34,normal,healthy,synthetic_prototype_dataset
2026-08-16T17:00:00,HV-2026-002,2,34.17,60.95,61.488,89.6,normal,healthy,synthetic_prototype_dataset
2026-08-16T18:00:00,HV-2026-002,2,32.69,68.2,61.492,88.75,normal,healthy,synthetic_prototype_dataset
2026-08-16T19:00:00,HV-2026-002,2,33.8,70.62,61.537,91.21,normal,healthy,synthetic_prototype_dataset
2026-08-16T20:00:00,HV-2026-002,2,32.58,74.09,61.59,86.9,normal,healthy,synthetic_prototype_dataset
2026-08-16T21:00:00,HV-2026-002,2,31.75,72.96,61.614,83.93,normal,healthy,synthetic_prototype_dataset
2026-08-16T22:00:00,HV-2026-002,2,32.37,72.57,61.657,89.67,normal,healthy,synthetic_prototype_dataset
2026-08-16T23:00:00,HV-2026-002,2,31.77,74.89,61.665,85.59,normal,healthy,synthetic_prototype_dataset
2026-08-17T00:00:00,HV-2026-002,2,31.78,75.99,61.68,80.11,normal,warning,synthetic_prototype_dataset
2026-08-17T01:00:00,HV-2026-002,2,32.86,72.39,61.603,79.66,normal,healthy,synthetic_prototype_dataset
2026-08-17T02:00:00,HV-2026-002,2,32.04,71.46,61.607,74.55,normal,healthy,synthetic_prototype_dataset
2026-08-17T03:00:00,HV-2026-002,2,32.98,72.19,61.677,77.73,normal,healthy,synthetic_prototype_dataset
2026-08-17T04:00:00,HV-2026-002,2,32.53,69.75,61.722,78.87,normal,healthy,synthetic_prototype_dataset
2026-08-17T05:00:00,HV-2026-002,2,33.43,68.3,61.753,78.04,normal,healthy,synthetic_prototype_dataset
2026-08-17T06:00:00,HV-2026-002,2,33.14,64.91,61.75,75.16,normal,healthy,synthetic_prototype_dataset
2026-08-17T07:00:00,HV-2026-002,2,33.95,67.41,61.727,75.74,normal,healthy,synthetic_prototype_dataset
2026-08-17T08:00:00,HV-2026-002,2,33.8,64.89,61.738,78.12,normal,healthy,synthetic_prototype_dataset
2026-08-17T09:00:00,HV-2026-002,2,33.6,62.88,61.767,79.07,normal,healthy,synthetic_prototype_dataset
2026-08-17T10:00:00,HV-2026-002,2,34.32,62.92,61.769,80.05,normal,healthy,synthetic_prototype_dataset
2026-08-17T11:00:00,HV-2026-002,2,35.13,60.33,61.833,85.93,normal,healthy,synthetic_prototype_dataset
2026-08-17T12:00:00,HV-2026-002,2,34.6,59.33,61.905,89.97,normal,healthy,synthetic_prototype_dataset
2026-08-17T13:00:00,HV-2026-002,2,35.06,58.06,61.993,85.85,normal,healthy,synthetic_prototype_dataset
2026-08-17T14:00:00,HV-2026-002,2,34.1,60.59,62.065,90.02,normal,healthy,synthetic_prototype_dataset
2026-08-17T15:00:00,HV-2026-002,2,34.12,63.51,62.11,86.93,normal,healthy,synthetic_prototype_dataset
2026-08-17T16:00:00,HV-2026-002,2,33.65,64.19,62.145,84.71,normal,healthy,synthetic_prototype_dataset
2026-08-17T17:00:00,HV-2026-002,2,34.03,64.28,62.235,84.97,normal,healthy,synthetic_prototype_dataset
2026-08-17T18:00:00,HV-2026-002,2,33.23,65.7,62.23,88.3,normal,healthy,synthetic_prototype_dataset
2026-08-17T19:00:00,HV-2026-002,2,33.78,69.03,62.228,83.48,normal,healthy,synthetic_prototype_dataset
2026-08-17T20:00:00,HV-2026-002,2,31.89,69.49,62.23,88.74,normal,healthy,synthetic_prototype_dataset
2026-08-17T21:00:00,HV-2026-002,2,31.37,71.74,62.291,94.61,normal,healthy,synthetic_prototype_dataset
2026-08-17T22:00:00,HV-2026-002,2,31.34,71.58,62.287,88.63,normal,healthy,synthetic_prototype_dataset
2026-08-17T23:00:00,HV-2026-002,2,31.51,76.75,62.313,85.45,normal,warning,synthetic_prototype_dataset
2026-08-18T00:00:00,HV-2026-002,2,32.75,73.87,62.352,73.37,normal,healthy,synthetic_prototype_dataset
2026-08-18T01:00:00,HV-2026-002,2,31.46,72.56,62.454,78.22,normal,healthy,synthetic_prototype_dataset
2026-08-18T02:00:00,HV-2026-002,2,32.33,71.21,62.511,71.25,normal,healthy,synthetic_prototype_dataset
2026-08-18T03:00:00,HV-2026-002,2,31.71,70.85,62.604,82.64,normal,healthy,synthetic_prototype_dataset
2026-08-18T04:00:00,HV-2026-002,2,32.48,69.19,62.572,76.27,normal,healthy,synthetic_prototype_dataset
2026-08-18T05:00:00,HV-2026-002,2,33.07,70.14,62.628,75.31,normal,healthy,synthetic_prototype_dataset
2026-08-18T06:00:00,HV-2026-002,2,33.58,65.64,62.672,74.22,normal,healthy,synthetic_prototype_dataset
2026-08-18T07:00:00,HV-2026-002,2,33.88,65.77,62.7,80.61,normal,healthy,synthetic_prototype_dataset
2026-08-18T08:00:00,HV-2026-002,2,33.28,61.49,62.72,74.57,normal,healthy,synthetic_prototype_dataset
2026-08-18T09:00:00,HV-2026-002,2,34.07,61.28,62.8,81.86,normal,healthy,synthetic_prototype_dataset
2026-08-18T10:00:00,HV-2026-002,2,34.92,61.38,62.819,83.47,normal,healthy,synthetic_prototype_dataset
2026-08-18T11:00:00,HV-2026-002,2,34.92,62.29,62.855,78.76,normal,healthy,synthetic_prototype_dataset
2026-08-18T12:00:00,HV-2026-002,2,33.86,59.31,62.815,92.18,normal,healthy,synthetic_prototype_dataset
2026-08-18T13:00:00,HV-2026-002,2,34.86,59.0,62.819,90.71,normal,healthy,synthetic_prototype_dataset
2026-08-18T14:00:00,HV-2026-002,2,33.96,59.01,62.835,88.52,normal,healthy,synthetic_prototype_dataset
2026-08-18T15:00:00,HV-2026-002,2,34.53,64.1,62.912,88.94,normal,healthy,synthetic_prototype_dataset
2026-08-18T16:00:00,HV-2026-002,2,34.44,62.19,62.886,87.17,normal,healthy,synthetic_prototype_dataset
2026-08-18T17:00:00,HV-2026-002,2,33.31,63.95,62.886,88.27,normal,healthy,synthetic_prototype_dataset
2026-08-18T18:00:00,HV-2026-002,2,33.61,69.99,62.856,85.49,normal,healthy,synthetic_prototype_dataset
2026-08-18T19:00:00,HV-2026-002,2,32.64,70.09,62.874,87.35,normal,healthy,synthetic_prototype_dataset
2026-08-18T20:00:00,HV-2026-002,2,33.01,72.12,62.898,86.67,normal,healthy,synthetic_prototype_dataset
2026-08-18T21:00:00,HV-2026-002,2,32.54,71.43,62.914,87.14,normal,healthy,synthetic_prototype_dataset
2026-08-18T22:00:00,HV-2026-002,2,32.62,73.41,62.976,92.8,normal,healthy,synthetic_prototype_dataset
2026-08-18T23:00:00,HV-2026-002,2,32.29,72.75,63.037,88.74,normal,healthy,synthetic_prototype_dataset
2026-08-19T00:00:00,HV-2026-002,2,33.23,74.39,63.087,77.02,normal,healthy,synthetic_prototype_dataset
2026-08-19T01:00:00,HV-2026-002,2,32.06,73.12,63.122,77.82,normal,healthy,synthetic_prototype_dataset
2026-08-19T02:00:00,HV-2026-002,2,32.75,73.45,63.131,74.86,normal,healthy,synthetic_prototype_dataset
2026-08-19T03:00:00,HV-2026-002,2,31.85,74.77,63.137,79.39,normal,healthy,synthetic_prototype_dataset
2026-08-19T04:00:00,HV-2026-002,2,32.83,70.87,63.158,73.24,normal,healthy,synthetic_prototype_dataset
2026-08-19T05:00:00,HV-2026-002,2,32.59,71.75,63.187,79.94,normal,healthy,synthetic_prototype_dataset
2026-08-19T06:00:00,HV-2026-002,2,33.98,66.09,63.226,76.16,normal,healthy,synthetic_prototype_dataset
2026-08-19T07:00:00,HV-2026-002,2,33.18,64.68,63.272,76.08,normal,healthy,synthetic_prototype_dataset
2026-08-19T08:00:00,HV-2026-002,2,33.86,63.02,63.376,73.2,normal,healthy,synthetic_prototype_dataset
2026-08-19T09:00:00,HV-2026-002,2,34.51,61.42,63.387,80.39,normal,healthy,synthetic_prototype_dataset
2026-08-19T10:00:00,HV-2026-002,2,34.79,62.07,63.431,86.82,normal,healthy,synthetic_prototype_dataset
2026-08-19T11:00:00,HV-2026-002,2,35.19,61.54,63.453,86.25,normal,healthy,synthetic_prototype_dataset
2026-08-19T12:00:00,HV-2026-002,2,34.89,58.36,63.44,78.82,normal,healthy,synthetic_prototype_dataset
2026-08-19T13:00:00,HV-2026-002,2,34.65,60.6,63.442,90.77,normal,healthy,synthetic_prototype_dataset
2026-08-19T14:00:00,HV-2026-002,2,34.55,63.19,63.497,84.39,normal,healthy,synthetic_prototype_dataset
2026-08-19T15:00:00,HV-2026-002,2,34.49,63.08,63.519,83.89,normal,healthy,synthetic_prototype_dataset
2026-08-19T16:00:00,HV-2026-002,2,34.06,61.53,63.596,88.1,normal,healthy,synthetic_prototype_dataset
2026-08-19T17:00:00,HV-2026-002,2,34.47,61.19,63.634,94.88,normal,healthy,synthetic_prototype_dataset
2026-08-19T18:00:00,HV-2026-002,2,32.96,66.54,63.65,87.61,normal,healthy,synthetic_prototype_dataset
2026-08-19T19:00:00,HV-2026-002,2,33.13,66.31,63.671,91.69,normal,healthy,synthetic_prototype_dataset
2026-08-19T20:00:00,HV-2026-002,2,32.61,68.53,63.732,92.08,normal,healthy,synthetic_prototype_dataset
2026-08-19T21:00:00,HV-2026-002,2,31.97,69.45,63.724,90.84,normal,healthy,synthetic_prototype_dataset
2026-08-19T22:00:00,HV-2026-002,2,32.36,74.31,63.737,84.89,normal,healthy,synthetic_prototype_dataset
2026-08-19T23:00:00,HV-2026-002,2,32.52,72.59,63.769,81.68,normal,healthy,synthetic_prototype_dataset
2026-08-20T00:00:00,HV-2026-002,2,31.84,75.55,63.769,78.47,normal,warning,synthetic_prototype_dataset
2026-08-20T01:00:00,HV-2026-002,2,31.09,72.49,63.788,82.1,normal,healthy,synthetic_prototype_dataset
2026-08-20T02:00:00,HV-2026-002,2,31.74,74.0,63.85,73.47,normal,healthy,synthetic_prototype_dataset
2026-08-20T03:00:00,HV-2026-002,2,32.31,71.94,63.823,74.41,normal,healthy,synthetic_prototype_dataset
2026-08-20T04:00:00,HV-2026-002,2,33.32,71.17,63.842,76.4,normal,healthy,synthetic_prototype_dataset
2026-08-20T05:00:00,HV-2026-002,2,33.32,69.93,63.848,81.37,normal,healthy,synthetic_prototype_dataset
2026-08-20T06:00:00,HV-2026-002,2,33.99,67.95,63.843,72.43,normal,healthy,synthetic_prototype_dataset
2026-08-20T07:00:00,HV-2026-002,2,33.58,65.03,63.807,79.56,normal,healthy,synthetic_prototype_dataset
2026-08-20T08:00:00,HV-2026-002,2,34.62,64.27,63.813,76.84,normal,healthy,synthetic_prototype_dataset
2026-08-20T09:00:00,HV-2026-002,2,34.45,61.51,63.862,83.46,normal,healthy,synthetic_prototype_dataset
2026-08-20T10:00:00,HV-2026-002,2,35.01,58.63,63.908,81.73,normal,healthy,synthetic_prototype_dataset
2026-08-20T11:00:00,HV-2026-002,2,34.61,61.53,63.982,89.42,normal,healthy,synthetic_prototype_dataset
2026-08-20T12:00:00,HV-2026-002,2,34.89,59.53,64.016,79.83,normal,healthy,synthetic_prototype_dataset
2026-08-20T13:00:00,HV-2026-002,2,35.25,59.39,64.076,89.48,normal,healthy,synthetic_prototype_dataset
2026-08-20T14:00:00,HV-2026-002,2,33.96,59.01,64.173,89.14,normal,healthy,synthetic_prototype_dataset
2026-08-20T15:00:00,HV-2026-002,2,34.05,61.55,64.252,92.2,normal,healthy,synthetic_prototype_dataset
2026-08-20T16:00:00,HV-2026-002,2,33.38,66.17,64.323,88.99,normal,healthy,synthetic_prototype_dataset
2026-08-20T17:00:00,HV-2026-002,2,33.19,66.82,64.374,84.78,normal,healthy,synthetic_prototype_dataset
2026-08-20T18:00:00,HV-2026-002,2,33.29,72.36,64.404,87.4,normal,healthy,synthetic_prototype_dataset
2026-08-20T19:00:00,HV-2026-002,2,32.6,71.73,64.459,94.81,normal,healthy,synthetic_prototype_dataset
2026-08-20T20:00:00,HV-2026-002,2,32.86,72.49,64.454,90.09,normal,healthy,synthetic_prototype_dataset
2026-08-20T21:00:00,HV-2026-002,2,32.6,74.17,64.49,86.75,normal,healthy,synthetic_prototype_dataset
2026-08-20T22:00:00,HV-2026-002,2,32.3,69.78,64.434,91.03,normal,healthy,synthetic_prototype_dataset
2026-08-20T23:00:00,HV-2026-002,2,31.97,73.02,64.488,92.0,normal,healthy,synthetic_prototype_dataset
2026-08-21T00:00:00,HV-2026-002,2,32.37,77.09,64.531,75.6,normal,warning,synthetic_prototype_dataset
2026-08-21T01:00:00,HV-2026-002,2,32.29,71.07,64.589,67.44,normal,warning,synthetic_prototype_dataset
2026-08-21T02:00:00,HV-2026-002,2,32.04,72.72,64.586,74.42,normal,healthy,synthetic_prototype_dataset
2026-08-21T03:00:00,HV-2026-002,2,33.34,73.56,64.587,74.36,normal,healthy,synthetic_prototype_dataset
2026-08-21T04:00:00,HV-2026-002,2,32.21,71.39,64.604,69.12,normal,warning,synthetic_prototype_dataset
2026-08-21T05:00:00,HV-2026-002,2,33.14,69.22,64.662,75.74,normal,healthy,synthetic_prototype_dataset
2026-08-21T06:00:00,HV-2026-002,2,33.27,70.19,64.688,78.52,normal,healthy,synthetic_prototype_dataset
2026-08-21T07:00:00,HV-2026-002,2,33.53,66.05,64.662,76.21,normal,healthy,synthetic_prototype_dataset
2026-08-21T08:00:00,HV-2026-002,2,33.54,62.03,64.735,77.48,normal,healthy,synthetic_prototype_dataset
2026-08-21T09:00:00,HV-2026-002,2,34.68,64.4,64.768,84.84,normal,healthy,synthetic_prototype_dataset
2026-08-21T10:00:00,HV-2026-002,2,34.8,60.77,64.832,89.44,normal,healthy,synthetic_prototype_dataset
2026-08-21T11:00:00,HV-2026-002,2,34.4,58.13,64.837,88.0,normal,healthy,synthetic_prototype_dataset
2026-08-21T12:00:00,HV-2026-002,2,35.24,58.65,64.805,83.54,normal,healthy,synthetic_prototype_dataset
2026-08-21T13:00:00,HV-2026-002,2,34.94,59.74,64.854,85.28,normal,healthy,synthetic_prototype_dataset
2026-08-21T14:00:00,HV-2026-002,2,35.02,61.17,64.917,88.68,normal,healthy,synthetic_prototype_dataset
2026-08-21T15:00:00,HV-2026-002,2,34.59,62.49,64.925,90.24,normal,healthy,synthetic_prototype_dataset
2026-08-21T16:00:00,HV-2026-002,2,34.44,65.2,64.977,86.14,normal,healthy,synthetic_prototype_dataset
2026-08-21T17:00:00,HV-2026-002,2,33.41,64.02,65.018,89.45,normal,healthy,synthetic_prototype_dataset
2026-08-21T18:00:00,HV-2026-002,2,32.93,64.58,64.974,79.08,normal,healthy,synthetic_prototype_dataset
2026-08-21T19:00:00,HV-2026-002,2,33.04,72.61,65.062,86.46,normal,healthy,synthetic_prototype_dataset
2026-08-21T20:00:00,HV-2026-002,2,32.85,67.48,65.041,85.33,normal,healthy,synthetic_prototype_dataset
2026-08-21T21:00:00,HV-2026-002,2,32.41,71.24,65.075,91.26,normal,healthy,synthetic_prototype_dataset
2026-08-21T22:00:00,HV-2026-002,2,32.16,72.75,65.062,83.42,normal,healthy,synthetic_prototype_dataset
2026-08-21T23:00:00,HV-2026-002,2,31.5,74.55,65.075,80.56,normal,healthy,synthetic_prototype_dataset
2026-08-22T00:00:00,HV-2026-002,2,32.15,71.24,65.158,73.97,normal,healthy,synthetic_prototype_dataset
2026-08-22T01:00:00,HV-2026-002,2,32.53,75.21,65.15,76.12,normal,warning,synthetic_prototype_dataset
2026-08-22T02:00:00,HV-2026-002,2,32.6,72.76,65.187,71.35,normal,healthy,synthetic_prototype_dataset
2026-08-22T03:00:00,HV-2026-002,2,32.81,70.56,65.224,79.22,normal,healthy,synthetic_prototype_dataset
2026-08-22T04:00:00,HV-2026-002,2,33.13,70.61,65.272,78.41,normal,healthy,synthetic_prototype_dataset
2026-08-22T05:00:00,HV-2026-002,2,33.82,68.24,65.303,79.26,normal,healthy,synthetic_prototype_dataset
2026-08-22T06:00:00,HV-2026-002,2,33.26,64.08,65.345,75.28,normal,healthy,synthetic_prototype_dataset
2026-08-22T07:00:00,HV-2026-002,2,33.27,65.58,65.42,72.12,normal,healthy,synthetic_prototype_dataset
2026-08-22T08:00:00,HV-2026-002,2,34.59,58.42,65.436,86.07,normal,healthy,synthetic_prototype_dataset
2026-08-22T09:00:00,HV-2026-002,2,34.25,61.7,65.496,75.35,normal,healthy,synthetic_prototype_dataset
2026-08-22T10:00:00,HV-2026-002,2,34.64,60.54,65.599,78.67,normal,healthy,synthetic_prototype_dataset
2026-08-22T11:00:00,HV-2026-002,2,34.56,58.05,65.604,88.47,normal,healthy,synthetic_prototype_dataset
2026-08-22T12:00:00,HV-2026-002,2,34.79,58.49,65.628,83.93,normal,healthy,synthetic_prototype_dataset
2026-08-22T13:00:00,HV-2026-002,2,34.52,57.45,65.662,85.85,normal,healthy,synthetic_prototype_dataset
2026-08-22T14:00:00,HV-2026-002,2,34.26,60.7,65.713,86.18,normal,healthy,synthetic_prototype_dataset
2026-08-22T15:00:00,HV-2026-002,2,34.33,65.42,65.827,85.24,normal,healthy,synthetic_prototype_dataset
2026-08-22T16:00:00,HV-2026-002,2,33.72,61.08,65.902,88.13,normal,healthy,synthetic_prototype_dataset
2026-08-22T17:00:00,HV-2026-002,2,33.92,68.27,65.936,92.35,normal,healthy,synthetic_prototype_dataset
2026-08-22T18:00:00,HV-2026-002,2,33.71,65.43,66.003,87.03,normal,healthy,synthetic_prototype_dataset
2026-08-22T19:00:00,HV-2026-002,2,33.75,67.24,66.011,86.07,normal,healthy,synthetic_prototype_dataset
2026-08-22T20:00:00,HV-2026-002,2,32.41,69.22,65.951,88.71,normal,healthy,synthetic_prototype_dataset
2026-08-22T21:00:00,HV-2026-002,2,32.33,72.86,65.991,86.46,normal,healthy,synthetic_prototype_dataset
2026-08-22T22:00:00,HV-2026-002,2,32.15,72.13,66.068,85.25,normal,healthy,synthetic_prototype_dataset
2026-08-22T23:00:00,HV-2026-002,2,31.9,71.22,66.041,88.18,normal,healthy,synthetic_prototype_dataset
2026-08-23T00:00:00,HV-2026-002,2,32.32,75.65,66.102,83.94,normal,warning,synthetic_prototype_dataset
2026-08-23T01:00:00,HV-2026-002,2,32.24,72.63,66.082,78.44,normal,healthy,synthetic_prototype_dataset
2026-08-23T02:00:00,HV-2026-002,2,32.46,73.57,66.067,77.23,normal,healthy,synthetic_prototype_dataset
2026-08-23T03:00:00,HV-2026-002,2,32.7,71.54,66.068,80.16,normal,healthy,synthetic_prototype_dataset
2026-08-23T04:00:00,HV-2026-002,2,33.8,67.84,66.118,65.93,normal,warning,synthetic_prototype_dataset
2026-08-23T05:00:00,HV-2026-002,2,33.5,64.78,66.125,71.4,normal,healthy,synthetic_prototype_dataset
2026-08-23T06:00:00,HV-2026-002,2,33.43,67.85,66.085,74.74,normal,healthy,synthetic_prototype_dataset
2026-08-23T07:00:00,HV-2026-002,2,33.64,67.37,66.125,73.71,normal,healthy,synthetic_prototype_dataset
2026-08-23T08:00:00,HV-2026-002,2,33.97,65.64,66.179,76.41,normal,healthy,synthetic_prototype_dataset
2026-08-23T09:00:00,HV-2026-002,2,34.33,60.97,66.195,75.37,normal,healthy,synthetic_prototype_dataset
2026-08-23T10:00:00,HV-2026-002,2,34.35,62.78,66.219,82.64,normal,healthy,synthetic_prototype_dataset
2026-08-23T11:00:00,HV-2026-002,2,34.85,63.57,66.26,88.35,normal,healthy,synthetic_prototype_dataset
2026-08-23T12:00:00,HV-2026-002,2,34.56,58.87,66.303,83.19,normal,healthy,synthetic_prototype_dataset
2026-08-23T13:00:00,HV-2026-002,2,34.7,61.18,66.318,87.11,normal,healthy,synthetic_prototype_dataset
2026-08-23T14:00:00,HV-2026-002,2,34.98,58.79,66.398,88.38,normal,healthy,synthetic_prototype_dataset
2026-08-23T15:00:00,HV-2026-002,2,34.38,57.77,66.426,90.23,normal,healthy,synthetic_prototype_dataset
2026-08-23T16:00:00,HV-2026-002,2,34.97,63.86,66.503,85.29,normal,healthy,synthetic_prototype_dataset
2026-08-23T17:00:00,HV-2026-002,2,33.81,66.72,66.506,93.26,normal,healthy,synthetic_prototype_dataset
2026-08-23T18:00:00,HV-2026-002,2,33.86,66.83,66.524,86.55,normal,healthy,synthetic_prototype_dataset
2026-08-23T19:00:00,HV-2026-002,2,33.99,69.29,66.561,88.44,normal,healthy,synthetic_prototype_dataset
2026-08-23T20:00:00,HV-2026-002,2,32.9,70.13,66.6,92.09,normal,healthy,synthetic_prototype_dataset
2026-08-23T21:00:00,HV-2026-002,2,32.26,68.65,66.628,82.82,normal,healthy,synthetic_prototype_dataset
2026-08-23T22:00:00,HV-2026-002,2,32.26,71.48,66.67,95.06,normal,healthy,synthetic_prototype_dataset
2026-08-23T23:00:00,HV-2026-002,2,31.4,77.19,66.687,86.79,normal,warning,synthetic_prototype_dataset
2026-08-24T00:00:00,HV-2026-002,2,31.65,74.97,66.714,75.78,normal,healthy,synthetic_prototype_dataset
2026-08-24T01:00:00,HV-2026-002,2,31.46,73.07,66.768,75.17,normal,healthy,synthetic_prototype_dataset
2026-08-24T02:00:00,HV-2026-002,2,32.99,74.28,66.771,81.58,normal,healthy,synthetic_prototype_dataset
2026-08-24T03:00:00,HV-2026-002,2,32.69,71.21,66.799,76.24,normal,healthy,synthetic_prototype_dataset
2026-08-24T04:00:00,HV-2026-002,2,31.75,69.34,66.776,81.69,normal,healthy,synthetic_prototype_dataset
2026-08-24T05:00:00,HV-2026-002,2,33.97,69.52,66.793,72.47,normal,healthy,synthetic_prototype_dataset
2026-08-24T06:00:00,HV-2026-002,2,33.29,69.67,66.794,67.76,normal,warning,synthetic_prototype_dataset
2026-08-24T07:00:00,HV-2026-002,2,34.39,67.06,66.877,81.46,normal,healthy,synthetic_prototype_dataset
2026-08-24T08:00:00,HV-2026-002,2,34.78,62.77,66.834,79.72,normal,healthy,synthetic_prototype_dataset
2026-08-24T09:00:00,HV-2026-002,2,34.79,60.98,66.862,77.98,normal,healthy,synthetic_prototype_dataset
2026-08-24T10:00:00,HV-2026-002,2,34.26,63.42,66.965,82.99,normal,healthy,synthetic_prototype_dataset
2026-08-24T11:00:00,HV-2026-002,2,34.97,57.65,67.028,90.68,normal,healthy,synthetic_prototype_dataset
2026-08-24T12:00:00,HV-2026-002,2,34.2,60.01,67.089,87.75,normal,healthy,synthetic_prototype_dataset
2026-08-24T13:00:00,HV-2026-002,2,35.58,63.08,67.124,89.46,normal,healthy,synthetic_prototype_dataset
2026-08-24T14:00:00,HV-2026-002,2,34.75,58.98,67.176,90.47,normal,healthy,synthetic_prototype_dataset
2026-08-24T15:00:00,HV-2026-002,2,34.61,59.64,67.2,87.34,normal,healthy,synthetic_prototype_dataset
2026-08-24T16:00:00,HV-2026-002,2,33.86,63.24,67.253,92.95,normal,healthy,synthetic_prototype_dataset
2026-08-24T17:00:00,HV-2026-002,2,33.54,63.32,67.341,89.3,normal,healthy,synthetic_prototype_dataset
2026-08-24T18:00:00,HV-2026-002,2,33.6,65.86,67.41,94.1,normal,healthy,synthetic_prototype_dataset
2026-08-24T19:00:00,HV-2026-002,2,33.75,68.04,67.405,96.62,normal,healthy,synthetic_prototype_dataset
2026-08-24T20:00:00,HV-2026-002,2,33.32,68.85,67.48,87.65,normal,healthy,synthetic_prototype_dataset
2026-08-24T21:00:00,HV-2026-002,2,33.3,73.79,67.472,90.97,normal,healthy,synthetic_prototype_dataset
2026-08-24T22:00:00,HV-2026-002,2,32.81,76.94,67.471,91.78,normal,warning,synthetic_prototype_dataset
2026-08-24T23:00:00,HV-2026-002,2,32.34,70.7,67.492,87.12,normal,healthy,synthetic_prototype_dataset
2026-08-25T00:00:00,HV-2026-002,2,31.87,73.56,67.551,76.83,normal,healthy,synthetic_prototype_dataset
2026-08-25T01:00:00,HV-2026-002,2,32.15,72.49,67.576,76.76,normal,healthy,synthetic_prototype_dataset
2026-08-25T02:00:00,HV-2026-002,2,33.02,72.55,67.552,74.03,normal,healthy,synthetic_prototype_dataset
2026-08-25T03:00:00,HV-2026-002,2,32.81,72.97,67.622,82.21,normal,healthy,synthetic_prototype_dataset
2026-08-25T04:00:00,HV-2026-002,2,33.06,70.87,67.596,77.5,normal,healthy,synthetic_prototype_dataset
2026-08-25T05:00:00,HV-2026-002,2,32.83,67.7,67.727,77.06,normal,healthy,synthetic_prototype_dataset
2026-08-25T06:00:00,HV-2026-002,2,33.26,66.73,67.734,72.64,normal,healthy,synthetic_prototype_dataset
2026-08-25T07:00:00,HV-2026-002,2,34.93,66.11,67.771,76.46,normal,healthy,synthetic_prototype_dataset
2026-08-25T08:00:00,HV-2026-002,2,34.16,65.28,67.811,68.83,normal,warning,synthetic_prototype_dataset
2026-08-25T09:00:00,HV-2026-002,2,35.66,61.38,67.858,85.16,normal,healthy,synthetic_prototype_dataset
2026-08-25T10:00:00,HV-2026-002,2,34.99,61.28,67.88,78.7,normal,healthy,synthetic_prototype_dataset
2026-08-25T11:00:00,HV-2026-002,2,35.03,61.82,67.898,81.97,normal,healthy,synthetic_prototype_dataset
2026-08-25T12:00:00,HV-2026-002,2,35.5,58.18,67.926,84.59,normal,healthy,synthetic_prototype_dataset
2026-08-25T13:00:00,HV-2026-002,2,34.88,56.41,67.95,87.91,normal,healthy,synthetic_prototype_dataset
2026-08-25T14:00:00,HV-2026-002,2,34.88,62.02,68.057,93.42,normal,healthy,synthetic_prototype_dataset
2026-08-25T15:00:00,HV-2026-002,2,34.98,60.78,68.076,89.0,normal,healthy,synthetic_prototype_dataset
2026-08-25T16:00:00,HV-2026-002,2,34.56,63.98,68.136,89.1,normal,healthy,synthetic_prototype_dataset
2026-08-25T17:00:00,HV-2026-002,2,34.34,66.46,68.2,89.77,normal,healthy,synthetic_prototype_dataset
2026-08-25T18:00:00,HV-2026-002,2,33.27,64.46,68.206,90.9,normal,healthy,synthetic_prototype_dataset
2026-08-25T19:00:00,HV-2026-002,2,33.55,65.27,68.214,90.73,normal,healthy,synthetic_prototype_dataset
2026-08-25T20:00:00,HV-2026-002,2,32.6,70.28,68.228,86.99,normal,healthy,synthetic_prototype_dataset
2026-08-25T21:00:00,HV-2026-002,2,32.75,71.66,68.223,88.09,normal,healthy,synthetic_prototype_dataset
2026-08-25T22:00:00,HV-2026-002,2,32.73,70.69,68.19,82.75,normal,healthy,synthetic_prototype_dataset
2026-08-25T23:00:00,HV-2026-002,2,32.21,70.39,68.203,92.93,normal,healthy,synthetic_prototype_dataset
2026-08-26T00:00:00,HV-2026-002,2,31.79,72.3,68.303,77.43,normal,healthy,synthetic_prototype_dataset
2026-08-26T01:00:00,HV-2026-002,2,32.29,72.29,68.343,81.94,normal,healthy,synthetic_prototype_dataset
2026-08-26T02:00:00,HV-2026-002,2,32.35,70.51,68.319,76.36,normal,healthy,synthetic_prototype_dataset
2026-08-26T03:00:00,HV-2026-002,2,32.16,69.93,68.312,79.76,normal,healthy,synthetic_prototype_dataset
2026-08-26T04:00:00,HV-2026-002,2,32.84,70.03,68.281,76.46,normal,healthy,synthetic_prototype_dataset
2026-08-26T05:00:00,HV-2026-002,2,32.84,66.86,68.384,79.26,normal,healthy,synthetic_prototype_dataset
2026-08-26T06:00:00,HV-2026-002,2,33.66,71.57,68.377,80.08,normal,healthy,synthetic_prototype_dataset
2026-08-26T07:00:00,HV-2026-002,2,33.36,63.56,68.355,78.73,normal,healthy,synthetic_prototype_dataset
2026-08-26T08:00:00,HV-2026-002,2,34.39,61.76,68.422,77.64,normal,healthy,synthetic_prototype_dataset
2026-08-26T09:00:00,HV-2026-002,2,34.78,62.34,68.404,78.74,normal,healthy,synthetic_prototype_dataset
2026-08-26T10:00:00,HV-2026-002,2,34.87,60.89,68.492,82.24,normal,healthy,synthetic_prototype_dataset
2026-08-26T11:00:00,HV-2026-002,2,34.83,57.48,68.544,83.48,normal,healthy,synthetic_prototype_dataset
2026-08-26T12:00:00,HV-2026-002,2,34.89,58.64,68.606,83.93,normal,healthy,synthetic_prototype_dataset
2026-08-26T13:00:00,HV-2026-002,2,34.62,59.83,68.543,84.99,normal,healthy,synthetic_prototype_dataset
2026-08-26T14:00:00,HV-2026-002,2,34.32,61.92,68.57,86.16,normal,healthy,synthetic_prototype_dataset
2026-08-26T15:00:00,HV-2026-002,2,34.61,59.79,68.596,89.27,normal,healthy,synthetic_prototype_dataset
2026-08-26T16:00:00,HV-2026-002,2,34.18,61.54,68.599,85.48,normal,healthy,synthetic_prototype_dataset
2026-08-26T17:00:00,HV-2026-002,2,34.08,64.55,68.583,92.54,normal,healthy,synthetic_prototype_dataset
2026-08-26T18:00:00,HV-2026-002,2,34.06,67.57,68.623,92.23,normal,healthy,synthetic_prototype_dataset
2026-08-26T19:00:00,HV-2026-002,2,34.36,67.08,68.611,84.51,normal,healthy,synthetic_prototype_dataset
2026-08-26T20:00:00,HV-2026-002,2,33.86,72.5,68.604,86.98,normal,healthy,synthetic_prototype_dataset
2026-08-26T21:00:00,HV-2026-002,2,32.65,72.97,68.584,82.05,normal,healthy,synthetic_prototype_dataset
2026-08-26T22:00:00,HV-2026-002,2,33.56,72.44,68.625,87.41,normal,healthy,synthetic_prototype_dataset
2026-08-26T23:00:00,HV-2026-002,2,32.67,69.85,68.62,87.47,normal,healthy,synthetic_prototype_dataset
2026-08-27T00:00:00,HV-2026-002,2,31.46,72.07,68.633,74.94,normal,healthy,synthetic_prototype_dataset
2026-08-27T01:00:00,HV-2026-002,2,32.28,70.59,68.594,76.51,normal,healthy,synthetic_prototype_dataset
2026-08-27T02:00:00,HV-2026-002,2,32.52,69.2,68.621,74.97,normal,healthy,synthetic_prototype_dataset
2026-08-27T03:00:00,HV-2026-002,2,32.66,66.69,68.67,71.68,normal,healthy,synthetic_prototype_dataset
2026-08-27T04:00:00,HV-2026-002,2,33.16,67.66,68.681,80.03,normal,healthy,synthetic_prototype_dataset
2026-08-27T05:00:00,HV-2026-002,2,33.69,69.46,68.718,77.39,normal,healthy,synthetic_prototype_dataset
2026-08-27T06:00:00,HV-2026-002,2,32.98,65.05,68.735,80.28,normal,healthy,synthetic_prototype_dataset
2026-08-27T07:00:00,HV-2026-002,2,33.89,64.28,68.768,81.88,normal,healthy,synthetic_prototype_dataset
2026-08-27T08:00:00,HV-2026-002,2,34.37,63.61,68.738,73.97,normal,healthy,synthetic_prototype_dataset
2026-08-27T09:00:00,HV-2026-002,2,33.68,62.08,68.795,84.5,normal,healthy,synthetic_prototype_dataset
2026-08-27T10:00:00,HV-2026-002,2,34.6,58.54,68.829,88.05,normal,healthy,synthetic_prototype_dataset
2026-08-27T11:00:00,HV-2026-002,2,35.8,60.29,68.881,89.2,normal,healthy,synthetic_prototype_dataset
2026-08-27T12:00:00,HV-2026-002,2,34.97,57.91,68.919,82.47,normal,healthy,synthetic_prototype_dataset
2026-08-27T13:00:00,HV-2026-002,2,34.96,56.85,68.998,89.01,normal,healthy,synthetic_prototype_dataset
2026-08-27T14:00:00,HV-2026-002,2,35.55,56.62,69.107,82.62,normal,healthy,synthetic_prototype_dataset
2026-08-27T15:00:00,HV-2026-002,2,34.16,59.55,69.193,89.72,normal,healthy,synthetic_prototype_dataset
2026-08-27T16:00:00,HV-2026-002,2,34.32,60.69,69.183,93.49,normal,healthy,synthetic_prototype_dataset
2026-08-27T17:00:00,HV-2026-002,2,34.48,66.24,69.231,80.63,normal,healthy,synthetic_prototype_dataset
2026-08-27T18:00:00,HV-2026-002,2,33.22,66.45,69.247,88.04,normal,healthy,synthetic_prototype_dataset
2026-08-27T19:00:00,HV-2026-002,2,32.95,69.14,69.288,91.63,normal,healthy,synthetic_prototype_dataset
2026-08-27T20:00:00,HV-2026-002,2,32.85,69.44,69.267,89.07,normal,healthy,synthetic_prototype_dataset
2026-08-27T21:00:00,HV-2026-002,2,31.73,67.75,69.28,97.25,normal,healthy,synthetic_prototype_dataset
2026-08-27T22:00:00,HV-2026-002,2,31.85,69.44,69.313,94.32,normal,healthy,synthetic_prototype_dataset
2026-08-27T23:00:00,HV-2026-002,2,32.62,73.64,69.326,85.32,normal,healthy,synthetic_prototype_dataset
2026-08-28T00:00:00,HV-2026-002,2,32.59,71.23,69.376,70.38,normal,healthy,synthetic_prototype_dataset
2026-08-28T01:00:00,HV-2026-002,2,33.0,72.25,69.394,70.25,normal,healthy,synthetic_prototype_dataset
2026-08-28T02:00:00,HV-2026-002,2,32.29,73.64,69.412,76.97,normal,healthy,synthetic_prototype_dataset
2026-08-28T03:00:00,HV-2026-002,2,32.54,70.31,69.388,76.35,normal,healthy,synthetic_prototype_dataset
2026-08-28T04:00:00,HV-2026-002,2,33.37,69.49,69.382,74.8,normal,healthy,synthetic_prototype_dataset
2026-08-28T05:00:00,HV-2026-002,2,33.76,66.85,69.397,82.66,normal,healthy,synthetic_prototype_dataset
2026-08-28T06:00:00,HV-2026-002,2,33.43,67.36,69.381,78.29,normal,healthy,synthetic_prototype_dataset
2026-08-28T07:00:00,HV-2026-002,2,34.51,62.69,69.364,70.93,normal,healthy,synthetic_prototype_dataset
2026-08-28T08:00:00,HV-2026-002,2,34.23,62.86,69.356,79.96,normal,healthy,synthetic_prototype_dataset
2026-08-28T09:00:00,HV-2026-002,2,34.11,60.05,69.35,81.08,normal,healthy,synthetic_prototype_dataset
2026-08-28T10:00:00,HV-2026-002,2,34.75,57.21,69.364,79.73,normal,healthy,synthetic_prototype_dataset
2026-08-28T11:00:00,HV-2026-002,2,34.52,60.6,69.392,76.81,normal,healthy,synthetic_prototype_dataset
2026-08-28T12:00:00,HV-2026-002,2,34.87,60.06,69.408,91.14,normal,healthy,synthetic_prototype_dataset
2026-08-28T13:00:00,HV-2026-002,2,34.72,59.56,69.487,88.68,normal,healthy,synthetic_prototype_dataset
2026-08-28T14:00:00,HV-2026-002,2,34.36,57.66,69.571,85.31,normal,healthy,synthetic_prototype_dataset
2026-08-28T15:00:00,HV-2026-002,2,35.21,59.69,69.616,84.08,normal,healthy,synthetic_prototype_dataset
2026-08-28T16:00:00,HV-2026-002,2,34.23,60.34,69.662,89.85,normal,healthy,synthetic_prototype_dataset
2026-08-28T17:00:00,HV-2026-002,2,34.4,62.72,69.663,90.52,normal,healthy,synthetic_prototype_dataset
2026-08-28T18:00:00,HV-2026-002,2,33.39,67.36,69.689,88.86,normal,healthy,synthetic_prototype_dataset
2026-08-28T19:00:00,HV-2026-002,2,33.73,67.09,69.656,86.17,normal,healthy,synthetic_prototype_dataset
2026-08-28T20:00:00,HV-2026-002,2,33.68,69.07,69.622,90.76,normal,healthy,synthetic_prototype_dataset
2026-08-28T21:00:00,HV-2026-002,2,32.68,68.79,69.607,92.43,normal,healthy,synthetic_prototype_dataset
2026-08-28T22:00:00,HV-2026-002,2,31.84,69.97,69.636,93.65,normal,healthy,synthetic_prototype_dataset
2026-08-28T23:00:00,HV-2026-002,2,32.85,70.65,69.715,82.36,normal,healthy,synthetic_prototype_dataset
2026-08-29T00:00:00,HV-2026-002,2,32.75,73.09,69.709,78.44,normal,healthy,synthetic_prototype_dataset
2026-08-29T01:00:00,HV-2026-002,2,32.44,73.22,69.669,77.17,normal,healthy,synthetic_prototype_dataset
2026-08-29T02:00:00,HV-2026-002,2,32.62,73.34,69.693,80.37,normal,healthy,synthetic_prototype_dataset
2026-08-29T03:00:00,HV-2026-002,2,33.24,69.93,69.745,78.78,normal,healthy,synthetic_prototype_dataset
2026-08-29T04:00:00,HV-2026-002,2,33.49,64.58,69.736,80.84,normal,healthy,synthetic_prototype_dataset
2026-08-29T05:00:00,HV-2026-002,2,33.03,68.61,69.786,73.46,normal,healthy,synthetic_prototype_dataset
2026-08-29T06:00:00,HV-2026-002,2,33.03,64.19,69.883,72.98,normal,healthy,synthetic_prototype_dataset
2026-08-29T07:00:00,HV-2026-002,2,33.91,61.6,69.951,76.98,normal,healthy,synthetic_prototype_dataset
2026-08-29T08:00:00,HV-2026-002,2,34.3,64.25,70.001,76.41,normal,healthy,synthetic_prototype_dataset
2026-08-29T09:00:00,HV-2026-002,2,34.3,62.34,70.036,75.94,normal,healthy,synthetic_prototype_dataset
2026-08-29T10:00:00,HV-2026-002,2,34.25,57.14,70.03,75.84,normal,healthy,synthetic_prototype_dataset
2026-08-29T11:00:00,HV-2026-002,2,34.69,56.79,70.054,90.45,normal,healthy,synthetic_prototype_dataset
2026-08-29T12:00:00,HV-2026-002,2,35.11,57.91,70.114,85.07,normal,healthy,synthetic_prototype_dataset
2026-08-29T13:00:00,HV-2026-002,2,35.36,58.95,70.162,96.79,normal,healthy,synthetic_prototype_dataset
2026-08-29T14:00:00,HV-2026-002,2,35.46,57.2,70.217,85.35,normal,healthy,synthetic_prototype_dataset
2026-08-29T15:00:00,HV-2026-002,2,35.05,57.78,70.219,90.14,normal,healthy,synthetic_prototype_dataset
2026-08-29T16:00:00,HV-2026-002,2,35.03,62.61,70.287,90.83,normal,healthy,synthetic_prototype_dataset
2026-08-29T17:00:00,HV-2026-002,2,34.34,62.49,70.349,93.47,normal,healthy,synthetic_prototype_dataset
2026-08-29T18:00:00,HV-2026-002,2,33.9,65.0,70.434,89.93,normal,healthy,synthetic_prototype_dataset
2026-08-29T19:00:00,HV-2026-002,2,33.62,67.89,70.456,87.01,normal,healthy,synthetic_prototype_dataset
2026-08-29T20:00:00,HV-2026-002,2,33.45,68.64,70.545,92.28,normal,healthy,synthetic_prototype_dataset
2026-08-29T21:00:00,HV-2026-002,2,32.74,71.47,70.581,93.52,normal,healthy,synthetic_prototype_dataset
2026-08-29T22:00:00,HV-2026-002,2,32.56,71.61,70.603,88.33,normal,healthy,synthetic_prototype_dataset
2026-08-29T23:00:00,HV-2026-002,2,32.27,73.01,70.642,91.61,normal,healthy,synthetic_prototype_dataset
2026-07-01T00:00:00,HV-2026-003,3,32.7,71.26,27.653,73.22,normal,healthy,synthetic_prototype_dataset
2026-07-01T01:00:00,HV-2026-003,3,33.23,73.71,27.722,77.32,normal,healthy,synthetic_prototype_dataset
2026-07-01T02:00:00,HV-2026-003,3,32.66,71.26,27.76,74.04,normal,healthy,synthetic_prototype_dataset
2026-07-01T03:00:00,HV-2026-003,3,33.68,70.99,27.754,82.59,normal,healthy,synthetic_prototype_dataset
2026-07-01T04:00:00,HV-2026-003,3,33.39,66.53,27.75,81.21,normal,healthy,synthetic_prototype_dataset
2026-07-01T05:00:00,HV-2026-003,3,34.48,68.63,27.821,80.26,normal,healthy,synthetic_prototype_dataset
2026-07-01T06:00:00,HV-2026-003,3,34.25,65.59,27.865,78.58,normal,healthy,synthetic_prototype_dataset
2026-07-01T07:00:00,HV-2026-003,3,34.0,64.51,27.941,77.11,normal,healthy,synthetic_prototype_dataset
2026-07-01T08:00:00,HV-2026-003,3,34.51,62.36,27.948,75.01,normal,healthy,synthetic_prototype_dataset
2026-07-01T09:00:00,HV-2026-003,3,35.44,59.24,27.982,79.22,normal,healthy,synthetic_prototype_dataset
2026-07-01T10:00:00,HV-2026-003,3,35.7,60.47,28.012,78.87,normal,healthy,synthetic_prototype_dataset
2026-07-01T11:00:00,HV-2026-003,3,35.1,59.26,28.059,84.9,normal,healthy,synthetic_prototype_dataset
2026-07-01T12:00:00,HV-2026-003,3,35.4,59.37,28.1,87.47,normal,healthy,synthetic_prototype_dataset
2026-07-01T13:00:00,HV-2026-003,3,34.81,62.84,28.133,87.82,normal,healthy,synthetic_prototype_dataset
2026-07-01T14:00:00,HV-2026-003,3,35.38,58.2,28.175,88.11,normal,healthy,synthetic_prototype_dataset
2026-07-01T15:00:00,HV-2026-003,3,34.51,60.84,28.158,95.07,normal,healthy,synthetic_prototype_dataset
2026-07-01T16:00:00,HV-2026-003,3,35.01,62.65,28.135,86.75,normal,healthy,synthetic_prototype_dataset
2026-07-01T17:00:00,HV-2026-003,3,34.96,70.66,28.211,93.51,normal,healthy,synthetic_prototype_dataset
2026-07-01T18:00:00,HV-2026-003,3,34.24,63.47,28.276,86.15,normal,healthy,synthetic_prototype_dataset
2026-07-01T19:00:00,HV-2026-003,3,33.12,64.52,28.335,89.68,normal,healthy,synthetic_prototype_dataset
2026-07-01T20:00:00,HV-2026-003,3,33.4,68.47,28.32,87.18,normal,healthy,synthetic_prototype_dataset
2026-07-01T21:00:00,HV-2026-003,3,32.8,67.42,28.328,85.15,normal,healthy,synthetic_prototype_dataset
2026-07-01T22:00:00,HV-2026-003,3,33.13,72.25,28.307,87.09,normal,healthy,synthetic_prototype_dataset
2026-07-01T23:00:00,HV-2026-003,3,33.58,70.0,28.347,87.48,normal,healthy,synthetic_prototype_dataset
2026-07-02T00:00:00,HV-2026-003,3,33.26,72.32,28.357,76.23,normal,healthy,synthetic_prototype_dataset
2026-07-02T01:00:00,HV-2026-003,3,32.85,71.39,28.336,80.35,normal,healthy,synthetic_prototype_dataset
2026-07-02T02:00:00,HV-2026-003,3,33.43,68.97,28.351,75.21,normal,healthy,synthetic_prototype_dataset
2026-07-02T03:00:00,HV-2026-003,3,32.63,66.38,28.352,74.75,normal,healthy,synthetic_prototype_dataset
2026-07-02T04:00:00,HV-2026-003,3,32.77,68.61,28.418,78.95,normal,healthy,synthetic_prototype_dataset
2026-07-02T05:00:00,HV-2026-003,3,33.68,63.29,28.468,76.51,normal,healthy,synthetic_prototype_dataset
2026-07-02T06:00:00,HV-2026-003,3,34.26,68.28,28.464,65.94,normal,warning,synthetic_prototype_dataset
2026-07-02T07:00:00,HV-2026-003,3,33.94,63.85,28.49,73.57,normal,healthy,synthetic_prototype_dataset
2026-07-02T08:00:00,HV-2026-003,3,34.08,60.65,28.476,81.45,normal,healthy,synthetic_prototype_dataset
2026-07-02T09:00:00,HV-2026-003,3,34.81,58.71,28.483,82.28,normal,healthy,synthetic_prototype_dataset
2026-07-02T10:00:00,HV-2026-003,3,35.22,59.09,28.527,82.75,normal,healthy,synthetic_prototype_dataset
2026-07-02T11:00:00,HV-2026-003,3,34.86,56.71,28.554,91.75,normal,healthy,synthetic_prototype_dataset
2026-07-02T12:00:00,HV-2026-003,3,34.77,57.04,28.6,84.84,normal,healthy,synthetic_prototype_dataset
2026-07-02T13:00:00,HV-2026-003,3,35.81,57.47,28.635,89.96,normal,healthy,synthetic_prototype_dataset
2026-07-02T14:00:00,HV-2026-003,3,36.01,61.26,28.672,87.85,normal,warning,synthetic_prototype_dataset
2026-07-02T15:00:00,HV-2026-003,3,35.01,60.11,28.683,92.21,normal,healthy,synthetic_prototype_dataset
2026-07-02T16:00:00,HV-2026-003,3,34.82,61.21,28.677,89.74,normal,healthy,synthetic_prototype_dataset
2026-07-02T17:00:00,HV-2026-003,3,33.56,61.93,28.691,90.88,normal,healthy,synthetic_prototype_dataset
2026-07-02T18:00:00,HV-2026-003,3,34.92,65.82,28.771,92.26,normal,healthy,synthetic_prototype_dataset
2026-07-02T19:00:00,HV-2026-003,3,34.24,69.95,28.771,87.09,normal,healthy,synthetic_prototype_dataset
2026-07-02T20:00:00,HV-2026-003,3,33.72,68.28,28.803,88.65,normal,healthy,synthetic_prototype_dataset
2026-07-02T21:00:00,HV-2026-003,3,32.89,72.66,28.79,91.34,normal,healthy,synthetic_prototype_dataset
2026-07-02T22:00:00,HV-2026-003,3,33.18,68.01,28.786,85.8,normal,healthy,synthetic_prototype_dataset
2026-07-02T23:00:00,HV-2026-003,3,33.07,70.89,28.808,82.01,normal,healthy,synthetic_prototype_dataset
2026-07-03T00:00:00,HV-2026-003,3,33.89,71.71,28.85,74.11,normal,healthy,synthetic_prototype_dataset
2026-07-03T01:00:00,HV-2026-003,3,32.6,74.79,28.808,76.98,normal,healthy,synthetic_prototype_dataset
2026-07-03T02:00:00,HV-2026-003,3,32.47,69.92,28.811,72.55,normal,healthy,synthetic_prototype_dataset
2026-07-03T03:00:00,HV-2026-003,3,33.24,64.91,28.825,75.68,normal,healthy,synthetic_prototype_dataset
2026-07-03T04:00:00,HV-2026-003,3,32.88,70.81,28.829,75.17,normal,healthy,synthetic_prototype_dataset
2026-07-03T05:00:00,HV-2026-003,3,33.54,66.25,28.9,84.66,normal,healthy,synthetic_prototype_dataset
2026-07-03T06:00:00,HV-2026-003,3,34.48,66.54,28.985,76.87,normal,healthy,synthetic_prototype_dataset
2026-07-03T07:00:00,HV-2026-003,3,35.19,64.2,29.015,79.05,normal,healthy,synthetic_prototype_dataset
2026-07-03T08:00:00,HV-2026-003,3,33.98,61.61,28.991,73.94,normal,healthy,synthetic_prototype_dataset
2026-07-03T09:00:00,HV-2026-003,3,35.15,57.63,29.024,81.84,normal,healthy,synthetic_prototype_dataset
2026-07-03T10:00:00,HV-2026-003,3,35.35,56.89,29.093,82.69,normal,healthy,synthetic_prototype_dataset
2026-07-03T11:00:00,HV-2026-003,3,35.6,55.67,29.128,88.36,normal,healthy,synthetic_prototype_dataset
2026-07-03T12:00:00,HV-2026-003,3,35.88,56.15,29.151,82.44,normal,healthy,synthetic_prototype_dataset
2026-07-03T13:00:00,HV-2026-003,3,35.11,55.3,29.189,89.32,normal,healthy,synthetic_prototype_dataset
2026-07-03T14:00:00,HV-2026-003,3,34.92,58.36,29.224,91.82,normal,healthy,synthetic_prototype_dataset
2026-07-03T15:00:00,HV-2026-003,3,34.79,58.6,29.235,84.95,normal,healthy,synthetic_prototype_dataset
2026-07-03T16:00:00,HV-2026-003,3,35.03,60.84,29.275,93.98,normal,healthy,synthetic_prototype_dataset
2026-07-03T17:00:00,HV-2026-003,3,35.08,59.81,29.331,90.67,normal,healthy,synthetic_prototype_dataset
2026-07-03T18:00:00,HV-2026-003,3,33.94,65.17,29.3,95.12,normal,healthy,synthetic_prototype_dataset
2026-07-03T19:00:00,HV-2026-003,3,34.04,64.84,29.305,83.92,normal,healthy,synthetic_prototype_dataset
2026-07-03T20:00:00,HV-2026-003,3,33.35,67.22,29.284,92.24,normal,healthy,synthetic_prototype_dataset
2026-07-03T21:00:00,HV-2026-003,3,33.8,69.48,29.298,90.46,normal,healthy,synthetic_prototype_dataset
2026-07-03T22:00:00,HV-2026-003,3,33.01,68.7,29.3,87.09,normal,healthy,synthetic_prototype_dataset
2026-07-03T23:00:00,HV-2026-003,3,33.0,71.36,29.332,81.77,normal,healthy,synthetic_prototype_dataset
2026-07-04T00:00:00,HV-2026-003,3,33.22,71.39,29.447,74.64,normal,healthy,synthetic_prototype_dataset
2026-07-04T01:00:00,HV-2026-003,3,33.11,76.24,29.479,74.9,normal,warning,synthetic_prototype_dataset
2026-07-04T02:00:00,HV-2026-003,3,32.65,73.2,29.463,77.49,normal,healthy,synthetic_prototype_dataset
2026-07-04T03:00:00,HV-2026-003,3,33.08,68.99,29.438,80.7,normal,healthy,synthetic_prototype_dataset
2026-07-04T04:00:00,HV-2026-003,3,33.44,65.69,29.507,74.24,normal,healthy,synthetic_prototype_dataset
2026-07-04T05:00:00,HV-2026-003,3,34.03,67.71,29.549,68.31,normal,warning,synthetic_prototype_dataset
2026-07-04T06:00:00,HV-2026-003,3,34.53,64.2,29.562,75.62,normal,healthy,synthetic_prototype_dataset
2026-07-04T07:00:00,HV-2026-003,3,33.83,62.92,29.539,76.83,normal,healthy,synthetic_prototype_dataset
2026-07-04T08:00:00,HV-2026-003,3,34.94,62.82,29.54,84.7,normal,healthy,synthetic_prototype_dataset
2026-07-04T09:00:00,HV-2026-003,3,35.56,58.66,29.535,76.3,normal,healthy,synthetic_prototype_dataset
2026-07-04T10:00:00,HV-2026-003,3,35.46,56.99,29.615,80.62,normal,healthy,synthetic_prototype_dataset
2026-07-04T11:00:00,HV-2026-003,3,35.07,58.04,29.632,84.55,normal,healthy,synthetic_prototype_dataset
2026-07-04T12:00:00,HV-2026-003,3,35.96,57.59,29.678,86.62,normal,healthy,synthetic_prototype_dataset
2026-07-04T13:00:00,HV-2026-003,3,34.71,58.33,29.727,90.23,normal,healthy,synthetic_prototype_dataset
2026-07-04T14:00:00,HV-2026-003,3,35.61,57.96,29.805,87.1,normal,healthy,synthetic_prototype_dataset
2026-07-04T15:00:00,HV-2026-003,3,35.25,58.87,29.862,87.62,normal,healthy,synthetic_prototype_dataset
2026-07-04T16:00:00,HV-2026-003,3,35.61,64.51,29.931,94.92,normal,healthy,synthetic_prototype_dataset
2026-07-04T17:00:00,HV-2026-003,3,33.86,60.01,29.953,90.02,normal,healthy,synthetic_prototype_dataset
2026-07-04T18:00:00,HV-2026-003,3,34.13,61.43,30.023,97.54,normal,healthy,synthetic_prototype_dataset
2026-07-04T19:00:00,HV-2026-003,3,34.46,68.15,30.056,86.93,normal,healthy,synthetic_prototype_dataset
2026-07-04T20:00:00,HV-2026-003,3,33.6,71.67,30.069,87.93,normal,healthy,synthetic_prototype_dataset
2026-07-04T21:00:00,HV-2026-003,3,33.8,71.44,30.064,88.02,normal,healthy,synthetic_prototype_dataset
2026-07-04T22:00:00,HV-2026-003,3,32.86,70.57,30.128,85.31,normal,healthy,synthetic_prototype_dataset
2026-07-04T23:00:00,HV-2026-003,3,33.45,71.33,30.234,88.22,normal,healthy,synthetic_prototype_dataset
2026-07-05T00:00:00,HV-2026-003,3,32.94,72.22,30.247,69.72,normal,warning,synthetic_prototype_dataset
2026-07-05T01:00:00,HV-2026-003,3,32.92,70.49,30.217,75.74,normal,healthy,synthetic_prototype_dataset
2026-07-05T02:00:00,HV-2026-003,3,32.23,69.62,30.25,76.34,normal,healthy,synthetic_prototype_dataset
2026-07-05T03:00:00,HV-2026-003,3,33.18,68.98,30.248,76.04,normal,healthy,synthetic_prototype_dataset
2026-07-05T04:00:00,HV-2026-003,3,33.66,66.07,30.282,76.92,normal,healthy,synthetic_prototype_dataset
2026-07-05T05:00:00,HV-2026-003,3,33.87,70.36,30.302,75.02,normal,healthy,synthetic_prototype_dataset
2026-07-05T06:00:00,HV-2026-003,3,34.09,62.44,30.351,73.6,normal,healthy,synthetic_prototype_dataset
2026-07-05T07:00:00,HV-2026-003,3,34.37,61.41,30.342,71.7,normal,healthy,synthetic_prototype_dataset
2026-07-05T08:00:00,HV-2026-003,3,34.73,62.26,30.378,85.09,normal,healthy,synthetic_prototype_dataset
2026-07-05T09:00:00,HV-2026-003,3,35.54,60.18,30.478,81.02,normal,healthy,synthetic_prototype_dataset
2026-07-05T10:00:00,HV-2026-003,3,35.44,58.1,30.57,83.01,normal,healthy,synthetic_prototype_dataset
2026-07-05T11:00:00,HV-2026-003,3,35.25,58.48,30.582,86.39,normal,healthy,synthetic_prototype_dataset
2026-07-05T12:00:00,HV-2026-003,3,35.77,56.85,30.644,80.69,normal,healthy,synthetic_prototype_dataset
2026-07-05T13:00:00,HV-2026-003,3,35.61,56.59,30.787,87.65,normal,healthy,synthetic_prototype_dataset
2026-07-05T14:00:00,HV-2026-003,3,35.14,55.64,30.875,86.9,normal,healthy,synthetic_prototype_dataset
2026-07-05T15:00:00,HV-2026-003,3,34.85,59.84,30.939,91.15,normal,healthy,synthetic_prototype_dataset
2026-07-05T16:00:00,HV-2026-003,3,34.94,60.97,30.985,90.7,normal,healthy,synthetic_prototype_dataset
2026-07-05T17:00:00,HV-2026-003,3,34.81,64.34,31.021,87.02,normal,healthy,synthetic_prototype_dataset
2026-07-05T18:00:00,HV-2026-003,3,34.22,65.54,30.988,83.77,normal,healthy,synthetic_prototype_dataset
2026-07-05T19:00:00,HV-2026-003,3,34.36,68.73,30.968,90.23,normal,healthy,synthetic_prototype_dataset
2026-07-05T20:00:00,HV-2026-003,3,33.45,67.22,31.004,85.0,normal,healthy,synthetic_prototype_dataset
2026-07-05T21:00:00,HV-2026-003,3,32.87,68.59,31.024,84.99,normal,healthy,synthetic_prototype_dataset
2026-07-05T22:00:00,HV-2026-003,3,33.51,69.5,31.034,89.11,normal,healthy,synthetic_prototype_dataset
2026-07-05T23:00:00,HV-2026-003,3,32.97,72.46,31.027,82.22,normal,healthy,synthetic_prototype_dataset
2026-07-06T00:00:00,HV-2026-003,3,32.91,71.11,31.008,71.14,normal,healthy,synthetic_prototype_dataset
2026-07-06T01:00:00,HV-2026-003,3,33.18,69.4,30.982,79.38,normal,healthy,synthetic_prototype_dataset
2026-07-06T02:00:00,HV-2026-003,3,32.94,72.13,31.008,77.03,normal,healthy,synthetic_prototype_dataset
2026-07-06T03:00:00,HV-2026-003,3,33.34,64.17,30.994,75.56,normal,healthy,synthetic_prototype_dataset
2026-07-06T04:00:00,HV-2026-003,3,33.86,64.28,31.017,72.07,normal,healthy,synthetic_prototype_dataset
2026-07-06T05:00:00,HV-2026-003,3,34.12,65.78,31.068,79.73,normal,healthy,synthetic_prototype_dataset
2026-07-06T06:00:00,HV-2026-003,3,34.56,65.55,31.08,85.88,normal,healthy,synthetic_prototype_dataset
2026-07-06T07:00:00,HV-2026-003,3,34.14,61.24,31.137,80.46,normal,healthy,synthetic_prototype_dataset
2026-07-06T08:00:00,HV-2026-003,3,35.22,61.72,31.094,85.19,normal,healthy,synthetic_prototype_dataset
2026-07-06T09:00:00,HV-2026-003,3,35.18,61.29,31.057,82.26,normal,healthy,synthetic_prototype_dataset
2026-07-06T10:00:00,HV-2026-003,3,35.22,58.97,31.105,84.28,normal,healthy,synthetic_prototype_dataset
2026-07-06T11:00:00,HV-2026-003,3,35.13,57.14,31.14,86.26,normal,healthy,synthetic_prototype_dataset
2026-07-06T12:00:00,HV-2026-003,3,36.1,57.27,31.137,85.61,normal,warning,synthetic_prototype_dataset
2026-07-06T13:00:00,HV-2026-003,3,36.78,60.2,31.076,81.86,normal,warning,synthetic_prototype_dataset
2026-07-06T14:00:00,HV-2026-003,3,35.9,57.61,31.103,87.19,normal,healthy,synthetic_prototype_dataset
2026-07-06T15:00:00,HV-2026-003,3,35.52,56.98,31.185,88.74,normal,healthy,synthetic_prototype_dataset
2026-07-06T16:00:00,HV-2026-003,3,34.58,62.52,31.168,87.58,normal,healthy,synthetic_prototype_dataset
2026-07-06T17:00:00,HV-2026-003,3,34.43,66.05,31.178,82.34,normal,healthy,synthetic_prototype_dataset
2026-07-06T18:00:00,HV-2026-003,3,34.09,64.82,31.236,97.97,normal,healthy,synthetic_prototype_dataset
2026-07-06T19:00:00,HV-2026-003,3,34.65,66.15,31.229,95.56,normal,healthy,synthetic_prototype_dataset
2026-07-06T20:00:00,HV-2026-003,3,33.53,66.32,31.24,85.14,normal,healthy,synthetic_prototype_dataset
2026-07-06T21:00:00,HV-2026-003,3,33.22,68.53,31.29,87.58,normal,healthy,synthetic_prototype_dataset
2026-07-06T22:00:00,HV-2026-003,3,32.65,67.18,31.323,88.38,normal,healthy,synthetic_prototype_dataset
2026-07-06T23:00:00,HV-2026-003,3,32.84,69.92,31.361,91.97,normal,healthy,synthetic_prototype_dataset
2026-07-07T00:00:00,HV-2026-003,3,32.76,70.98,31.42,73.28,normal,healthy,synthetic_prototype_dataset
2026-07-07T01:00:00,HV-2026-003,3,33.15,70.52,31.399,76.59,normal,healthy,synthetic_prototype_dataset
2026-07-07T02:00:00,HV-2026-003,3,33.3,70.89,31.382,76.03,normal,healthy,synthetic_prototype_dataset
2026-07-07T03:00:00,HV-2026-003,3,34.11,72.51,31.452,71.88,normal,healthy,synthetic_prototype_dataset
2026-07-07T04:00:00,HV-2026-003,3,33.96,66.45,31.487,73.3,normal,healthy,synthetic_prototype_dataset
2026-07-07T05:00:00,HV-2026-003,3,33.3,65.02,31.537,77.01,normal,healthy,synthetic_prototype_dataset
2026-07-07T06:00:00,HV-2026-003,3,34.59,64.21,31.577,77.85,normal,healthy,synthetic_prototype_dataset
2026-07-07T07:00:00,HV-2026-003,3,34.62,62.16,31.663,78.32,normal,healthy,synthetic_prototype_dataset
2026-07-07T08:00:00,HV-2026-003,3,35.08,60.51,31.685,78.1,normal,healthy,synthetic_prototype_dataset
2026-07-07T09:00:00,HV-2026-003,3,35.42,57.96,31.713,78.59,normal,healthy,synthetic_prototype_dataset
2026-07-07T10:00:00,HV-2026-003,3,35.59,58.81,31.744,75.97,normal,healthy,synthetic_prototype_dataset
2026-07-07T11:00:00,HV-2026-003,3,35.93,57.28,31.75,87.23,normal,healthy,synthetic_prototype_dataset
2026-07-07T12:00:00,HV-2026-003,3,35.08,58.71,31.79,77.96,normal,healthy,synthetic_prototype_dataset
2026-07-07T13:00:00,HV-2026-003,3,35.75,56.33,31.813,84.52,normal,healthy,synthetic_prototype_dataset
2026-07-07T14:00:00,HV-2026-003,3,35.48,56.89,31.791,92.58,normal,healthy,synthetic_prototype_dataset
2026-07-07T15:00:00,HV-2026-003,3,35.22,57.56,31.792,91.63,normal,healthy,synthetic_prototype_dataset
2026-07-07T16:00:00,HV-2026-003,3,34.48,60.57,31.809,87.68,normal,healthy,synthetic_prototype_dataset
2026-07-07T17:00:00,HV-2026-003,3,34.25,60.9,31.844,90.7,normal,healthy,synthetic_prototype_dataset
2026-07-07T18:00:00,HV-2026-003,3,34.06,63.66,31.904,84.18,normal,healthy,synthetic_prototype_dataset
2026-07-07T19:00:00,HV-2026-003,3,34.07,63.92,31.893,90.79,normal,healthy,synthetic_prototype_dataset
2026-07-07T20:00:00,HV-2026-003,3,33.52,65.13,31.964,92.74,normal,healthy,synthetic_prototype_dataset
2026-07-07T21:00:00,HV-2026-003,3,32.62,66.12,32.01,87.94,normal,healthy,synthetic_prototype_dataset
2026-07-07T22:00:00,HV-2026-003,3,33.96,71.0,32.045,84.55,normal,healthy,synthetic_prototype_dataset
2026-07-07T23:00:00,HV-2026-003,3,33.38,68.29,32.116,88.58,normal,healthy,synthetic_prototype_dataset
2026-07-08T00:00:00,HV-2026-003,3,32.8,72.11,32.219,75.24,normal,healthy,synthetic_prototype_dataset
2026-07-08T01:00:00,HV-2026-003,3,33.46,69.65,32.247,70.72,normal,healthy,synthetic_prototype_dataset
2026-07-08T02:00:00,HV-2026-003,3,33.34,69.8,32.335,69.72,normal,warning,synthetic_prototype_dataset
2026-07-08T03:00:00,HV-2026-003,3,33.42,70.93,32.352,75.4,normal,healthy,synthetic_prototype_dataset
2026-07-08T04:00:00,HV-2026-003,3,33.44,65.48,32.313,73.8,normal,healthy,synthetic_prototype_dataset
2026-07-08T05:00:00,HV-2026-003,3,33.69,65.69,32.31,74.32,normal,healthy,synthetic_prototype_dataset
2026-07-08T06:00:00,HV-2026-003,3,34.26,63.58,32.317,72.28,normal,healthy,synthetic_prototype_dataset
2026-07-08T07:00:00,HV-2026-003,3,34.84,63.77,32.346,75.69,normal,healthy,synthetic_prototype_dataset
2026-07-08T08:00:00,HV-2026-003,3,35.06,56.47,32.371,78.22,normal,healthy,synthetic_prototype_dataset
2026-07-08T09:00:00,HV-2026-003,3,34.97,57.36,32.391,84.83,normal,healthy,synthetic_prototype_dataset
2026-07-08T10:00:00,HV-2026-003,3,36.09,55.93,32.41,80.68,normal,warning,synthetic_prototype_dataset
2026-07-08T11:00:00,HV-2026-003,3,36.09,57.16,32.454,85.78,normal,warning,synthetic_prototype_dataset
2026-07-08T12:00:00,HV-2026-003,3,35.5,59.12,32.496,82.9,normal,healthy,synthetic_prototype_dataset
2026-07-08T13:00:00,HV-2026-003,3,35.62,59.12,32.525,90.43,normal,healthy,synthetic_prototype_dataset
2026-07-08T14:00:00,HV-2026-003,3,35.31,56.22,32.59,85.07,normal,healthy,synthetic_prototype_dataset
2026-07-08T15:00:00,HV-2026-003,3,35.76,59.34,32.6,88.68,normal,healthy,synthetic_prototype_dataset
2026-07-08T16:00:00,HV-2026-003,3,34.87,60.79,32.704,88.23,normal,healthy,synthetic_prototype_dataset
2026-07-08T17:00:00,HV-2026-003,3,35.05,61.89,32.739,89.3,normal,healthy,synthetic_prototype_dataset
2026-07-08T18:00:00,HV-2026-003,3,34.08,64.26,32.758,86.83,normal,healthy,synthetic_prototype_dataset
2026-07-08T19:00:00,HV-2026-003,3,34.59,65.65,32.775,94.57,normal,healthy,synthetic_prototype_dataset
2026-07-08T20:00:00,HV-2026-003,3,32.99,69.45,32.769,90.26,normal,healthy,synthetic_prototype_dataset
2026-07-08T21:00:00,HV-2026-003,3,33.28,66.95,32.84,95.43,normal,healthy,synthetic_prototype_dataset
2026-07-08T22:00:00,HV-2026-003,3,33.24,70.33,32.867,94.18,normal,healthy,synthetic_prototype_dataset
2026-07-08T23:00:00,HV-2026-003,3,32.26,71.1,32.867,78.86,normal,healthy,synthetic_prototype_dataset
2026-07-09T00:00:00,HV-2026-003,3,33.06,73.84,32.869,78.77,normal,healthy,synthetic_prototype_dataset
2026-07-09T01:00:00,HV-2026-003,3,33.8,70.25,32.898,69.99,normal,warning,synthetic_prototype_dataset
2026-07-09T02:00:00,HV-2026-003,3,33.07,71.21,32.925,77.29,normal,healthy,synthetic_prototype_dataset
2026-07-09T03:00:00,HV-2026-003,3,33.66,72.41,32.935,81.62,normal,healthy,synthetic_prototype_dataset
2026-07-09T04:00:00,HV-2026-003,3,33.93,70.06,32.917,76.65,normal,healthy,synthetic_prototype_dataset
2026-07-09T05:00:00,HV-2026-003,3,34.01,65.58,32.985,77.33,normal,healthy,synthetic_prototype_dataset
2026-07-09T06:00:00,HV-2026-003,3,35.07,62.31,32.981,76.06,normal,healthy,synthetic_prototype_dataset
2026-07-09T07:00:00,HV-2026-003,3,34.84,61.37,32.973,82.02,normal,healthy,synthetic_prototype_dataset
2026-07-09T08:00:00,HV-2026-003,3,35.01,62.58,33.003,81.89,normal,healthy,synthetic_prototype_dataset
2026-07-09T09:00:00,HV-2026-003,3,35.69,57.08,33.05,88.11,normal,healthy,synthetic_prototype_dataset
2026-07-09T10:00:00,HV-2026-003,3,35.76,59.07,33.112,84.07,normal,healthy,synthetic_prototype_dataset
2026-07-09T11:00:00,HV-2026-003,3,35.86,57.74,33.179,79.79,normal,healthy,synthetic_prototype_dataset
2026-07-09T12:00:00,HV-2026-003,3,35.93,56.18,33.208,90.44,normal,healthy,synthetic_prototype_dataset
2026-07-09T13:00:00,HV-2026-003,3,35.45,54.24,33.279,82.14,normal,healthy,synthetic_prototype_dataset
2026-07-09T14:00:00,HV-2026-003,3,34.78,59.09,33.327,89.78,normal,healthy,synthetic_prototype_dataset
2026-07-09T15:00:00,HV-2026-003,3,35.24,56.07,33.326,87.98,normal,healthy,synthetic_prototype_dataset
2026-07-09T16:00:00,HV-2026-003,3,34.6,60.57,33.347,90.17,normal,healthy,synthetic_prototype_dataset
2026-07-09T17:00:00,HV-2026-003,3,34.93,62.4,33.399,88.68,normal,healthy,synthetic_prototype_dataset
2026-07-09T18:00:00,HV-2026-003,3,34.6,63.94,33.343,92.26,normal,healthy,synthetic_prototype_dataset
2026-07-09T19:00:00,HV-2026-003,3,34.25,66.34,33.323,88.78,normal,healthy,synthetic_prototype_dataset
2026-07-09T20:00:00,HV-2026-003,3,33.38,68.35,33.299,86.27,normal,healthy,synthetic_prototype_dataset
2026-07-09T21:00:00,HV-2026-003,3,33.84,67.33,33.292,92.11,normal,healthy,synthetic_prototype_dataset
2026-07-09T22:00:00,HV-2026-003,3,33.82,70.88,33.346,87.31,normal,healthy,synthetic_prototype_dataset
2026-07-09T23:00:00,HV-2026-003,3,33.17,69.11,33.377,85.26,normal,healthy,synthetic_prototype_dataset
2026-07-10T00:00:00,HV-2026-003,3,33.07,71.46,33.444,77.39,normal,healthy,synthetic_prototype_dataset
2026-07-10T01:00:00,HV-2026-003,3,34.12,68.87,33.404,78.5,normal,healthy,synthetic_prototype_dataset
2026-07-10T02:00:00,HV-2026-003,3,33.09,68.95,33.367,72.85,normal,healthy,synthetic_prototype_dataset
2026-07-10T03:00:00,HV-2026-003,3,32.97,67.55,33.379,76.31,normal,healthy,synthetic_prototype_dataset
2026-07-10T04:00:00,HV-2026-003,3,34.47,68.1,33.347,78.13,normal,healthy,synthetic_prototype_dataset
2026-07-10T05:00:00,HV-2026-003,3,34.28,65.02,33.371,76.72,normal,healthy,synthetic_prototype_dataset
2026-07-10T06:00:00,HV-2026-003,3,34.25,63.05,33.437,73.54,normal,healthy,synthetic_prototype_dataset
2026-07-10T07:00:00,HV-2026-003,3,34.44,61.46,33.423,71.8,normal,healthy,synthetic_prototype_dataset
2026-07-10T08:00:00,HV-2026-003,3,35.06,62.49,33.451,80.25,normal,healthy,synthetic_prototype_dataset
2026-07-10T09:00:00,HV-2026-003,3,34.53,59.22,33.488,79.03,normal,healthy,synthetic_prototype_dataset
2026-07-10T10:00:00,HV-2026-003,3,35.77,57.63,33.489,84.16,normal,healthy,synthetic_prototype_dataset
2026-07-10T11:00:00,HV-2026-003,3,36.36,56.21,33.499,81.38,normal,warning,synthetic_prototype_dataset
2026-07-10T12:00:00,HV-2026-003,3,36.25,54.17,33.562,81.77,normal,warning,synthetic_prototype_dataset
2026-07-10T13:00:00,HV-2026-003,3,35.93,55.6,33.585,92.44,normal,healthy,synthetic_prototype_dataset
2026-07-10T14:00:00,HV-2026-003,3,35.06,58.19,33.688,90.52,normal,healthy,synthetic_prototype_dataset
2026-07-10T15:00:00,HV-2026-003,3,34.89,56.13,33.702,89.49,normal,healthy,synthetic_prototype_dataset
2026-07-10T16:00:00,HV-2026-003,3,35.32,57.59,33.71,86.68,normal,healthy,synthetic_prototype_dataset
2026-07-10T17:00:00,HV-2026-003,3,34.82,65.14,33.711,86.46,normal,healthy,synthetic_prototype_dataset
2026-07-10T18:00:00,HV-2026-003,3,34.06,64.53,33.739,86.86,normal,healthy,synthetic_prototype_dataset
2026-07-10T19:00:00,HV-2026-003,3,34.07,63.77,33.774,98.0,normal,healthy,synthetic_prototype_dataset
2026-07-10T20:00:00,HV-2026-003,3,34.16,66.71,33.776,84.82,normal,healthy,synthetic_prototype_dataset
2026-07-10T21:00:00,HV-2026-003,3,33.98,69.55,33.785,93.18,normal,healthy,synthetic_prototype_dataset
2026-07-10T22:00:00,HV-2026-003,3,33.45,70.84,33.82,87.5,normal,healthy,synthetic_prototype_dataset
2026-07-10T23:00:00,HV-2026-003,3,32.88,69.88,33.875,85.33,normal,healthy,synthetic_prototype_dataset
2026-07-11T00:00:00,HV-2026-003,3,33.5,68.32,33.927,77.1,normal,healthy,synthetic_prototype_dataset
2026-07-11T01:00:00,HV-2026-003,3,32.81,69.63,33.985,71.59,normal,healthy,synthetic_prototype_dataset
2026-07-11T02:00:00,HV-2026-003,3,33.0,69.21,34.084,73.65,normal,healthy,synthetic_prototype_dataset
2026-07-11T03:00:00,HV-2026-003,3,33.91,68.69,34.089,76.56,normal,healthy,synthetic_prototype_dataset
2026-07-11T04:00:00,HV-2026-003,3,33.75,66.12,34.056,75.91,normal,healthy,synthetic_prototype_dataset
2026-07-11T05:00:00,HV-2026-003,3,34.67,65.18,34.119,78.03,normal,healthy,synthetic_prototype_dataset
2026-07-11T06:00:00,HV-2026-003,3,34.58,62.14,34.127,70.85,normal,healthy,synthetic_prototype_dataset
2026-07-11T07:00:00,HV-2026-003,3,34.82,61.72,34.212,79.68,normal,healthy,synthetic_prototype_dataset
2026-07-11T08:00:00,HV-2026-003,3,34.87,57.18,34.234,82.46,normal,healthy,synthetic_prototype_dataset
2026-07-11T09:00:00,HV-2026-003,3,35.43,59.29,34.262,83.87,normal,healthy,synthetic_prototype_dataset
2026-07-11T10:00:00,HV-2026-003,3,35.01,60.09,34.261,85.78,normal,healthy,synthetic_prototype_dataset
2026-07-11T11:00:00,HV-2026-003,3,35.74,56.3,34.293,85.42,normal,healthy,synthetic_prototype_dataset
2026-07-11T12:00:00,HV-2026-003,3,36.11,58.17,34.384,86.28,normal,warning,synthetic_prototype_dataset
2026-07-11T13:00:00,HV-2026-003,3,36.63,56.67,34.465,84.18,normal,warning,synthetic_prototype_dataset
2026-07-11T14:00:00,HV-2026-003,3,35.48,57.53,34.525,88.01,normal,healthy,synthetic_prototype_dataset
2026-07-11T15:00:00,HV-2026-003,3,35.71,59.88,34.565,78.63,normal,healthy,synthetic_prototype_dataset
2026-07-11T16:00:00,HV-2026-003,3,36.01,59.23,34.574,85.51,normal,warning,synthetic_prototype_dataset
2026-07-11T17:00:00,HV-2026-003,3,34.79,60.44,34.582,87.49,normal,healthy,synthetic_prototype_dataset
2026-07-11T18:00:00,HV-2026-003,3,34.84,66.92,34.64,93.93,normal,healthy,synthetic_prototype_dataset
2026-07-11T19:00:00,HV-2026-003,3,34.1,65.27,34.68,87.57,normal,healthy,synthetic_prototype_dataset
2026-07-11T20:00:00,HV-2026-003,3,33.76,68.31,34.743,89.76,normal,healthy,synthetic_prototype_dataset
2026-07-11T21:00:00,HV-2026-003,3,33.15,67.69,34.718,89.2,normal,healthy,synthetic_prototype_dataset
2026-07-11T22:00:00,HV-2026-003,3,33.6,68.84,34.751,89.58,normal,healthy,synthetic_prototype_dataset
2026-07-11T23:00:00,HV-2026-003,3,33.47,67.87,34.768,88.54,normal,healthy,synthetic_prototype_dataset
2026-07-12T00:00:00,HV-2026-003,3,34.05,69.68,34.812,79.07,normal,healthy,synthetic_prototype_dataset
2026-07-12T01:00:00,HV-2026-003,3,33.3,72.0,34.879,80.83,normal,healthy,synthetic_prototype_dataset
2026-07-12T02:00:00,HV-2026-003,3,33.72,73.48,34.882,83.43,normal,healthy,synthetic_prototype_dataset
2026-07-12T03:00:00,HV-2026-003,3,34.07,70.54,34.896,78.96,normal,healthy,synthetic_prototype_dataset
2026-07-12T04:00:00,HV-2026-003,3,34.63,64.72,34.916,68.51,normal,warning,synthetic_prototype_dataset
2026-07-12T05:00:00,HV-2026-003,3,34.22,63.52,34.933,86.23,normal,healthy,synthetic_prototype_dataset
2026-07-12T06:00:00,HV-2026-003,3,35.41,60.58,34.977,78.8,normal,healthy,synthetic_prototype_dataset
2026-07-12T07:00:00,HV-2026-003,3,34.82,61.68,35.012,73.11,normal,healthy,synthetic_prototype_dataset
2026-07-12T08:00:00,HV-2026-003,3,34.83,59.98,35.045,77.14,normal,healthy,synthetic_prototype_dataset
2026-07-12T09:00:00,HV-2026-003,3,35.2,58.06,35.11,81.09,normal,healthy,synthetic_prototype_dataset
2026-07-12T10:00:00,HV-2026-003,3,36.5,55.86,35.155,78.29,normal,warning,synthetic_prototype_dataset
2026-07-12T11:00:00,HV-2026-003,3,36.16,55.0,35.263,77.49,normal,warning,synthetic_prototype_dataset
2026-07-12T12:00:00,HV-2026-003,3,36.71,56.33,35.324,85.59,normal,warning,synthetic_prototype_dataset
2026-07-12T13:00:00,HV-2026-003,3,36.28,55.1,35.388,91.68,normal,warning,synthetic_prototype_dataset
2026-07-12T14:00:00,HV-2026-003,3,35.37,60.92,35.444,86.61,normal,healthy,synthetic_prototype_dataset
2026-07-12T15:00:00,HV-2026-003,3,35.16,57.82,35.416,87.48,normal,healthy,synthetic_prototype_dataset
2026-07-12T16:00:00,HV-2026-003,3,35.17,57.74,35.48,88.76,normal,healthy,synthetic_prototype_dataset
2026-07-12T17:00:00,HV-2026-003,3,34.69,60.78,35.527,90.14,normal,healthy,synthetic_prototype_dataset
2026-07-12T18:00:00,HV-2026-003,3,34.32,63.4,35.555,86.01,normal,healthy,synthetic_prototype_dataset
2026-07-12T19:00:00,HV-2026-003,3,34.17,66.03,35.6,89.08,normal,healthy,synthetic_prototype_dataset
2026-07-12T20:00:00,HV-2026-003,3,34.29,64.91,35.591,88.64,normal,healthy,synthetic_prototype_dataset
2026-07-12T21:00:00,HV-2026-003,3,34.39,68.42,35.607,94.34,normal,healthy,synthetic_prototype_dataset
2026-07-12T22:00:00,HV-2026-003,3,33.38,73.26,35.614,84.58,normal,healthy,synthetic_prototype_dataset
2026-07-12T23:00:00,HV-2026-003,3,33.31,69.49,35.611,96.21,normal,healthy,synthetic_prototype_dataset
2026-07-13T00:00:00,HV-2026-003,3,33.51,70.93,35.62,73.98,normal,healthy,synthetic_prototype_dataset
2026-07-13T01:00:00,HV-2026-003,3,33.87,66.84,35.605,75.13,normal,healthy,synthetic_prototype_dataset
2026-07-13T02:00:00,HV-2026-003,3,34.15,68.49,35.644,76.1,normal,healthy,synthetic_prototype_dataset
2026-07-13T03:00:00,HV-2026-003,3,34.33,65.2,35.695,75.3,normal,healthy,synthetic_prototype_dataset
2026-07-13T04:00:00,HV-2026-003,3,34.43,65.12,35.721,75.64,normal,healthy,synthetic_prototype_dataset
2026-07-13T05:00:00,HV-2026-003,3,33.88,62.6,35.725,76.45,normal,healthy,synthetic_prototype_dataset
2026-07-13T06:00:00,HV-2026-003,3,34.33,62.5,35.684,74.7,normal,healthy,synthetic_prototype_dataset
2026-07-13T07:00:00,HV-2026-003,3,35.46,62.56,35.706,78.68,normal,healthy,synthetic_prototype_dataset
2026-07-13T08:00:00,HV-2026-003,3,34.94,62.52,35.808,80.2,normal,healthy,synthetic_prototype_dataset
2026-07-13T09:00:00,HV-2026-003,3,36.75,56.92,35.799,73.62,normal,warning,synthetic_prototype_dataset
2026-07-13T10:00:00,HV-2026-003,3,35.69,61.2,35.826,79.99,normal,healthy,synthetic_prototype_dataset
2026-07-13T11:00:00,HV-2026-003,3,35.52,58.39,35.902,82.82,normal,healthy,synthetic_prototype_dataset
2026-07-13T12:00:00,HV-2026-003,3,35.12,54.07,36.005,88.31,normal,healthy,synthetic_prototype_dataset
2026-07-13T13:00:00,HV-2026-003,3,35.95,59.7,36.116,86.98,normal,healthy,synthetic_prototype_dataset
2026-07-13T14:00:00,HV-2026-003,3,35.78,55.99,36.149,82.92,normal,healthy,synthetic_prototype_dataset
2026-07-13T15:00:00,HV-2026-003,3,34.91,55.05,36.227,83.47,normal,healthy,synthetic_prototype_dataset
2026-07-13T16:00:00,HV-2026-003,3,36.19,58.28,36.326,86.89,normal,warning,synthetic_prototype_dataset
2026-07-13T17:00:00,HV-2026-003,3,34.3,63.6,36.409,86.71,normal,healthy,synthetic_prototype_dataset
2026-07-13T18:00:00,HV-2026-003,3,34.52,61.47,36.434,90.38,normal,healthy,synthetic_prototype_dataset
2026-07-13T19:00:00,HV-2026-003,3,34.17,61.64,36.439,92.34,normal,healthy,synthetic_prototype_dataset
2026-07-13T20:00:00,HV-2026-003,3,33.92,66.01,36.431,87.39,normal,healthy,synthetic_prototype_dataset
2026-07-13T21:00:00,HV-2026-003,3,34.38,66.0,36.481,89.1,normal,healthy,synthetic_prototype_dataset
2026-07-13T22:00:00,HV-2026-003,3,33.65,67.84,36.494,88.1,normal,healthy,synthetic_prototype_dataset
2026-07-13T23:00:00,HV-2026-003,3,33.18,70.46,36.535,94.71,normal,healthy,synthetic_prototype_dataset
2026-07-14T00:00:00,HV-2026-003,3,33.51,66.6,36.601,75.29,normal,healthy,synthetic_prototype_dataset
2026-07-14T01:00:00,HV-2026-003,3,34.33,72.45,36.608,78.53,normal,healthy,synthetic_prototype_dataset
2026-07-14T02:00:00,HV-2026-003,3,33.29,69.11,36.657,79.9,normal,healthy,synthetic_prototype_dataset
2026-07-14T03:00:00,HV-2026-003,3,34.17,68.13,36.769,74.72,normal,healthy,synthetic_prototype_dataset
2026-07-14T04:00:00,HV-2026-003,3,33.31,64.0,36.845,75.73,normal,healthy,synthetic_prototype_dataset
2026-07-14T05:00:00,HV-2026-003,3,34.42,63.88,36.854,73.25,normal,healthy,synthetic_prototype_dataset
2026-07-14T06:00:00,HV-2026-003,3,34.9,62.87,36.895,77.19,normal,healthy,synthetic_prototype_dataset
2026-07-14T07:00:00,HV-2026-003,3,34.83,58.61,36.866,88.42,normal,healthy,synthetic_prototype_dataset
2026-07-14T08:00:00,HV-2026-003,3,36.0,61.96,36.872,79.66,normal,healthy,synthetic_prototype_dataset
2026-07-14T09:00:00,HV-2026-003,3,35.24,55.73,36.885,86.0,normal,healthy,synthetic_prototype_dataset
2026-07-14T10:00:00,HV-2026-003,3,36.19,55.24,36.912,84.3,normal,warning,synthetic_prototype_dataset
2026-07-14T11:00:00,HV-2026-003,3,35.68,56.43,36.966,85.89,normal,healthy,synthetic_prototype_dataset
2026-07-14T12:00:00,HV-2026-003,3,36.1,54.87,36.99,81.24,normal,warning,synthetic_prototype_dataset
2026-07-14T13:00:00,HV-2026-003,3,35.24,56.08,37.061,82.28,normal,healthy,synthetic_prototype_dataset
2026-07-14T14:00:00,HV-2026-003,3,35.93,58.39,37.039,87.18,normal,healthy,synthetic_prototype_dataset
2026-07-14T15:00:00,HV-2026-003,3,36.34,59.09,37.014,88.83,normal,warning,synthetic_prototype_dataset
2026-07-14T16:00:00,HV-2026-003,3,35.0,60.79,37.028,89.34,normal,healthy,synthetic_prototype_dataset
2026-07-14T17:00:00,HV-2026-003,3,34.78,61.24,37.042,89.1,normal,healthy,synthetic_prototype_dataset
2026-07-14T18:00:00,HV-2026-003,3,34.16,63.93,37.078,84.34,normal,healthy,synthetic_prototype_dataset
2026-07-14T19:00:00,HV-2026-003,3,34.8,64.54,37.108,92.56,normal,healthy,synthetic_prototype_dataset
2026-07-14T20:00:00,HV-2026-003,3,34.18,68.64,37.123,93.14,normal,healthy,synthetic_prototype_dataset
2026-07-14T21:00:00,HV-2026-003,3,33.82,68.91,37.162,93.28,normal,healthy,synthetic_prototype_dataset
2026-07-14T22:00:00,HV-2026-003,3,33.88,68.31,37.165,87.95,normal,healthy,synthetic_prototype_dataset
2026-07-14T23:00:00,HV-2026-003,3,33.09,67.91,37.115,81.68,normal,healthy,synthetic_prototype_dataset
2026-07-15T00:00:00,HV-2026-003,3,34.29,68.83,37.207,77.41,normal,healthy,synthetic_prototype_dataset
2026-07-15T01:00:00,HV-2026-003,3,33.42,67.07,37.232,82.62,normal,healthy,synthetic_prototype_dataset
2026-07-15T02:00:00,HV-2026-003,3,34.27,69.57,37.217,72.65,normal,healthy,synthetic_prototype_dataset
2026-07-15T03:00:00,HV-2026-003,3,33.39,70.26,37.299,76.69,normal,healthy,synthetic_prototype_dataset
2026-07-15T04:00:00,HV-2026-003,3,33.91,69.3,37.29,76.18,normal,healthy,synthetic_prototype_dataset
2026-07-15T05:00:00,HV-2026-003,3,34.57,63.27,37.293,73.5,normal,healthy,synthetic_prototype_dataset
2026-07-15T06:00:00,HV-2026-003,3,35.33,66.46,37.322,75.06,normal,healthy,synthetic_prototype_dataset
2026-07-15T07:00:00,HV-2026-003,3,34.76,61.2,37.327,77.49,normal,healthy,synthetic_prototype_dataset
2026-07-15T08:00:00,HV-2026-003,3,35.53,58.78,37.35,78.97,normal,healthy,synthetic_prototype_dataset
2026-07-15T09:00:00,HV-2026-003,3,35.47,57.27,37.411,75.16,normal,healthy,synthetic_prototype_dataset
2026-07-15T10:00:00,HV-2026-003,3,36.53,57.19,37.47,81.82,normal,warning,synthetic_prototype_dataset
2026-07-15T11:00:00,HV-2026-003,3,35.63,54.6,37.475,83.66,normal,healthy,synthetic_prototype_dataset
2026-07-15T12:00:00,HV-2026-003,3,36.31,54.96,37.538,75.44,normal,warning,synthetic_prototype_dataset
2026-07-15T13:00:00,HV-2026-003,3,35.78,58.35,37.575,84.2,normal,healthy,synthetic_prototype_dataset
2026-07-15T14:00:00,HV-2026-003,3,35.53,51.5,37.582,91.82,normal,healthy,synthetic_prototype_dataset
2026-07-15T15:00:00,HV-2026-003,3,35.35,57.23,37.541,83.23,normal,healthy,synthetic_prototype_dataset
2026-07-15T16:00:00,HV-2026-003,3,35.88,60.62,37.534,87.32,normal,healthy,synthetic_prototype_dataset
2026-07-15T17:00:00,HV-2026-003,3,35.02,59.05,37.497,89.32,normal,healthy,synthetic_prototype_dataset
2026-07-15T18:00:00,HV-2026-003,3,34.95,64.08,37.558,84.56,normal,healthy,synthetic_prototype_dataset
2026-07-15T19:00:00,HV-2026-003,3,34.39,64.34,37.58,89.14,normal,healthy,synthetic_prototype_dataset
2026-07-15T20:00:00,HV-2026-003,3,33.75,61.08,37.645,90.68,normal,healthy,synthetic_prototype_dataset
2026-07-15T21:00:00,HV-2026-003,3,33.11,68.81,37.655,87.47,normal,healthy,synthetic_prototype_dataset
2026-07-15T22:00:00,HV-2026-003,3,33.22,70.04,37.652,84.29,normal,healthy,synthetic_prototype_dataset
2026-07-15T23:00:00,HV-2026-003,3,33.95,69.45,37.671,89.53,normal,healthy,synthetic_prototype_dataset
2026-07-16T00:00:00,HV-2026-003,3,33.1,69.16,37.707,70.61,normal,healthy,synthetic_prototype_dataset
2026-07-16T01:00:00,HV-2026-003,3,33.54,68.4,37.762,77.91,normal,healthy,synthetic_prototype_dataset
2026-07-16T02:00:00,HV-2026-003,3,33.76,66.17,37.784,71.88,normal,healthy,synthetic_prototype_dataset
2026-07-16T03:00:00,HV-2026-003,3,33.76,63.78,37.755,80.16,normal,healthy,synthetic_prototype_dataset
2026-07-16T04:00:00,HV-2026-003,3,34.22,65.86,37.748,72.21,normal,healthy,synthetic_prototype_dataset
2026-07-16T05:00:00,HV-2026-003,3,34.45,64.19,37.827,75.35,normal,healthy,synthetic_prototype_dataset
2026-07-16T06:00:00,HV-2026-003,3,34.73,60.5,37.839,76.62,normal,healthy,synthetic_prototype_dataset
2026-07-16T07:00:00,HV-2026-003,3,34.87,60.31,37.876,83.13,normal,healthy,synthetic_prototype_dataset
2026-07-16T08:00:00,HV-2026-003,3,35.42,61.56,37.927,83.42,normal,healthy,synthetic_prototype_dataset
2026-07-16T09:00:00,HV-2026-003,3,35.34,57.68,37.954,83.27,normal,healthy,synthetic_prototype_dataset
2026-07-16T10:00:00,HV-2026-003,3,36.18,57.16,38.022,79.75,normal,warning,synthetic_prototype_dataset
2026-07-16T11:00:00,HV-2026-003,3,36.35,58.07,38.087,82.51,normal,warning,synthetic_prototype_dataset
2026-07-16T12:00:00,HV-2026-003,3,36.32,54.39,38.136,84.7,normal,warning,synthetic_prototype_dataset
2026-07-16T13:00:00,HV-2026-003,3,35.36,57.09,38.135,85.61,normal,healthy,synthetic_prototype_dataset
2026-07-16T14:00:00,HV-2026-003,3,35.84,55.62,38.181,88.36,normal,healthy,synthetic_prototype_dataset
2026-07-16T15:00:00,HV-2026-003,3,35.25,59.07,38.195,96.94,normal,healthy,synthetic_prototype_dataset
2026-07-16T16:00:00,HV-2026-003,3,35.3,57.39,38.198,93.54,normal,healthy,synthetic_prototype_dataset
2026-07-16T17:00:00,HV-2026-003,3,34.85,58.73,38.262,88.43,normal,healthy,synthetic_prototype_dataset
2026-07-16T18:00:00,HV-2026-003,3,34.99,64.68,38.301,98.0,normal,healthy,synthetic_prototype_dataset
2026-07-16T19:00:00,HV-2026-003,3,33.59,63.34,38.317,97.79,normal,healthy,synthetic_prototype_dataset
2026-07-16T20:00:00,HV-2026-003,3,34.86,68.82,38.314,87.15,normal,healthy,synthetic_prototype_dataset
2026-07-16T21:00:00,HV-2026-003,3,33.41,66.54,38.391,88.08,normal,healthy,synthetic_prototype_dataset
2026-07-16T22:00:00,HV-2026-003,3,33.52,70.46,38.358,88.31,normal,healthy,synthetic_prototype_dataset
2026-07-16T23:00:00,HV-2026-003,3,32.95,69.23,38.363,84.87,normal,healthy,synthetic_prototype_dataset
2026-07-17T00:00:00,HV-2026-003,3,33.5,70.41,38.38,77.3,normal,healthy,synthetic_prototype_dataset
2026-07-17T01:00:00,HV-2026-003,3,33.05,71.0,38.398,74.31,normal,healthy,synthetic_prototype_dataset
2026-07-17T02:00:00,HV-2026-003,3,33.21,68.64,38.488,75.78,normal,healthy,synthetic_prototype_dataset
2026-07-17T03:00:00,HV-2026-003,3,33.26,69.61,38.497,76.99,normal,healthy,synthetic_prototype_dataset
2026-07-17T04:00:00,HV-2026-003,3,33.77,68.82,38.501,80.89,normal,healthy,synthetic_prototype_dataset
2026-07-17T05:00:00,HV-2026-003,3,33.89,64.3,38.575,76.59,normal,healthy,synthetic_prototype_dataset
2026-07-17T06:00:00,HV-2026-003,3,35.72,62.53,38.609,82.67,normal,healthy,synthetic_prototype_dataset
2026-07-17T07:00:00,HV-2026-003,3,34.35,58.25,38.606,80.67,normal,healthy,synthetic_prototype_dataset
2026-07-17T08:00:00,HV-2026-003,3,34.62,60.59,38.654,86.67,normal,healthy,synthetic_prototype_dataset
2026-07-17T09:00:00,HV-2026-003,3,36.09,58.72,38.736,82.64,normal,warning,synthetic_prototype_dataset
2026-07-17T10:00:00,HV-2026-003,3,35.61,54.89,38.754,82.86,normal,healthy,synthetic_prototype_dataset
2026-07-17T11:00:00,HV-2026-003,3,36.03,52.41,38.787,84.41,normal,warning,synthetic_prototype_dataset
2026-07-17T12:00:00,HV-2026-003,3,36.24,58.94,38.835,81.02,normal,warning,synthetic_prototype_dataset
2026-07-17T13:00:00,HV-2026-003,3,35.13,57.49,38.848,90.14,normal,healthy,synthetic_prototype_dataset
2026-07-17T14:00:00,HV-2026-003,3,36.45,54.17,38.91,89.49,normal,warning,synthetic_prototype_dataset
2026-07-17T15:00:00,HV-2026-003,3,36.07,54.29,38.921,83.94,normal,warning,synthetic_prototype_dataset
2026-07-17T16:00:00,HV-2026-003,3,35.58,60.25,38.864,88.47,normal,healthy,synthetic_prototype_dataset
2026-07-17T17:00:00,HV-2026-003,3,35.39,61.47,38.903,88.6,normal,healthy,synthetic_prototype_dataset
2026-07-17T18:00:00,HV-2026-003,3,34.22,62.98,38.934,92.15,normal,healthy,synthetic_prototype_dataset
2026-07-17T19:00:00,HV-2026-003,3,34.67,64.98,38.998,88.57,normal,healthy,synthetic_prototype_dataset
2026-07-17T20:00:00,HV-2026-003,3,33.4,67.37,39.027,91.26,normal,healthy,synthetic_prototype_dataset
2026-07-17T21:00:00,HV-2026-003,3,33.21,71.18,39.077,87.93,normal,healthy,synthetic_prototype_dataset
2026-07-17T22:00:00,HV-2026-003,3,33.15,71.01,39.063,96.04,normal,healthy,synthetic_prototype_dataset
2026-07-17T23:00:00,HV-2026-003,3,33.16,72.87,39.082,92.64,normal,healthy,synthetic_prototype_dataset
2026-07-18T00:00:00,HV-2026-003,3,33.05,70.08,39.135,78.32,normal,healthy,synthetic_prototype_dataset
2026-07-18T01:00:00,HV-2026-003,3,33.92,68.93,39.163,80.37,normal,healthy,synthetic_prototype_dataset
2026-07-18T02:00:00,HV-2026-003,3,33.24,70.14,39.18,76.72,normal,healthy,synthetic_prototype_dataset
2026-07-18T03:00:00,HV-2026-003,3,33.8,66.57,39.196,76.51,normal,healthy,synthetic_prototype_dataset
2026-07-18T04:00:00,HV-2026-003,3,33.99,69.37,39.257,77.01,normal,healthy,synthetic_prototype_dataset
2026-07-18T05:00:00,HV-2026-003,3,34.0,63.37,39.351,72.47,normal,healthy,synthetic_prototype_dataset
2026-07-18T06:00:00,HV-2026-003,3,34.74,63.69,39.365,72.49,normal,healthy,synthetic_prototype_dataset
2026-07-18T07:00:00,HV-2026-003,3,34.67,60.25,39.365,82.47,normal,healthy,synthetic_prototype_dataset
2026-07-18T08:00:00,HV-2026-003,3,35.33,58.6,39.398,81.96,normal,healthy,synthetic_prototype_dataset
2026-07-18T09:00:00,HV-2026-003,3,35.45,59.72,39.388,85.46,normal,healthy,synthetic_prototype_dataset
2026-07-18T10:00:00,HV-2026-003,3,35.81,56.9,39.401,78.7,normal,healthy,synthetic_prototype_dataset
2026-07-18T11:00:00,HV-2026-003,3,35.19,54.91,39.463,81.16,normal,healthy,synthetic_prototype_dataset
2026-07-18T12:00:00,HV-2026-003,3,35.29,54.41,39.492,84.69,normal,healthy,synthetic_prototype_dataset
2026-07-18T13:00:00,HV-2026-003,3,35.88,58.14,39.578,94.13,normal,healthy,synthetic_prototype_dataset
2026-07-18T14:00:00,HV-2026-003,3,35.08,55.44,39.645,86.54,normal,healthy,synthetic_prototype_dataset
2026-07-18T15:00:00,HV-2026-003,3,35.99,58.47,39.741,92.58,normal,healthy,synthetic_prototype_dataset
2026-07-18T16:00:00,HV-2026-003,3,35.81,58.8,39.775,88.45,normal,healthy,synthetic_prototype_dataset
2026-07-18T17:00:00,HV-2026-003,3,34.34,63.88,39.835,88.67,normal,healthy,synthetic_prototype_dataset
2026-07-18T18:00:00,HV-2026-003,3,35.27,61.91,39.801,93.53,normal,healthy,synthetic_prototype_dataset
2026-07-18T19:00:00,HV-2026-003,3,33.77,64.5,39.833,91.23,normal,healthy,synthetic_prototype_dataset
2026-07-18T20:00:00,HV-2026-003,3,34.42,67.59,39.877,86.76,normal,healthy,synthetic_prototype_dataset
2026-07-18T21:00:00,HV-2026-003,3,33.9,65.28,39.957,84.03,normal,healthy,synthetic_prototype_dataset
2026-07-18T22:00:00,HV-2026-003,3,33.4,66.73,39.956,88.17,normal,healthy,synthetic_prototype_dataset
2026-07-18T23:00:00,HV-2026-003,3,33.19,71.86,39.989,85.49,normal,healthy,synthetic_prototype_dataset
2026-07-19T00:00:00,HV-2026-003,3,33.31,72.29,40.046,72.01,normal,healthy,synthetic_prototype_dataset
2026-07-19T01:00:00,HV-2026-003,3,33.1,70.71,40.083,72.32,normal,healthy,synthetic_prototype_dataset
2026-07-19T02:00:00,HV-2026-003,3,33.88,67.56,40.154,77.85,normal,healthy,synthetic_prototype_dataset
2026-07-19T03:00:00,HV-2026-003,3,33.24,67.1,40.16,76.56,normal,healthy,synthetic_prototype_dataset
2026-07-19T04:00:00,HV-2026-003,3,33.92,64.54,40.136,77.92,normal,healthy,synthetic_prototype_dataset
2026-07-19T05:00:00,HV-2026-003,3,34.46,65.1,40.171,73.83,normal,healthy,synthetic_prototype_dataset
2026-07-19T06:00:00,HV-2026-003,3,34.75,67.67,40.237,74.99,normal,healthy,synthetic_prototype_dataset
2026-07-19T07:00:00,HV-2026-003,3,34.77,56.14,40.299,80.58,normal,healthy,synthetic_prototype_dataset
2026-07-19T08:00:00,HV-2026-003,3,35.07,57.02,40.288,81.18,normal,healthy,synthetic_prototype_dataset
2026-07-19T09:00:00,HV-2026-003,3,35.54,59.39,40.325,84.74,normal,healthy,synthetic_prototype_dataset
2026-07-19T10:00:00,HV-2026-003,3,35.96,58.53,40.29,78.68,normal,healthy,synthetic_prototype_dataset
2026-07-19T11:00:00,HV-2026-003,3,35.76,58.28,40.396,83.95,normal,healthy,synthetic_prototype_dataset
2026-07-19T12:00:00,HV-2026-003,3,35.69,52.58,40.469,83.97,normal,healthy,synthetic_prototype_dataset
2026-07-19T13:00:00,HV-2026-003,3,37.25,55.01,40.586,80.96,normal,warning,synthetic_prototype_dataset
2026-07-19T14:00:00,HV-2026-003,3,35.33,57.45,40.655,87.34,normal,healthy,synthetic_prototype_dataset
2026-07-19T15:00:00,HV-2026-003,3,35.96,59.62,40.716,88.88,normal,healthy,synthetic_prototype_dataset
2026-07-19T16:00:00,HV-2026-003,3,34.79,59.46,40.76,82.96,normal,healthy,synthetic_prototype_dataset
2026-07-19T17:00:00,HV-2026-003,3,35.08,61.11,40.749,88.71,normal,healthy,synthetic_prototype_dataset
2026-07-19T18:00:00,HV-2026-003,3,34.53,66.57,40.786,93.63,normal,healthy,synthetic_prototype_dataset
2026-07-19T19:00:00,HV-2026-003,3,34.28,61.54,40.835,87.58,normal,healthy,synthetic_prototype_dataset
2026-07-19T20:00:00,HV-2026-003,3,33.86,64.7,40.862,93.25,normal,healthy,synthetic_prototype_dataset
2026-07-19T21:00:00,HV-2026-003,3,34.17,70.9,40.948,81.77,normal,healthy,synthetic_prototype_dataset
2026-07-19T22:00:00,HV-2026-003,3,33.0,65.91,40.995,85.7,normal,healthy,synthetic_prototype_dataset
2026-07-19T23:00:00,HV-2026-003,3,33.19,69.47,41.033,81.91,normal,healthy,synthetic_prototype_dataset
2026-07-20T00:00:00,HV-2026-003,3,32.77,70.18,41.1,75.91,normal,healthy,synthetic_prototype_dataset
2026-07-20T01:00:00,HV-2026-003,3,33.03,66.07,41.159,73.42,normal,healthy,synthetic_prototype_dataset
2026-07-20T02:00:00,HV-2026-003,3,33.0,66.15,41.133,72.64,normal,healthy,synthetic_prototype_dataset
2026-07-20T03:00:00,HV-2026-003,3,33.61,65.95,41.165,75.14,normal,healthy,synthetic_prototype_dataset
2026-07-20T04:00:00,HV-2026-003,3,34.99,63.6,41.195,76.61,normal,healthy,synthetic_prototype_dataset
2026-07-20T05:00:00,HV-2026-003,3,33.84,65.16,41.247,76.34,normal,healthy,synthetic_prototype_dataset
2026-07-20T06:00:00,HV-2026-003,3,35.26,59.25,41.243,81.16,normal,healthy,synthetic_prototype_dataset
2026-07-20T07:00:00,HV-2026-003,3,35.39,62.33,41.311,71.12,normal,healthy,synthetic_prototype_dataset
2026-07-20T08:00:00,HV-2026-003,3,35.65,61.59,41.318,88.83,normal,healthy,synthetic_prototype_dataset
2026-07-20T09:00:00,HV-2026-003,3,35.65,54.28,41.365,78.84,normal,healthy,synthetic_prototype_dataset
2026-07-20T10:00:00,HV-2026-003,3,36.29,58.1,41.382,86.23,normal,warning,synthetic_prototype_dataset
2026-07-20T11:00:00,HV-2026-003,3,36.32,54.92,41.417,84.11,normal,warning,synthetic_prototype_dataset
2026-07-20T12:00:00,HV-2026-003,3,35.78,55.57,41.461,82.17,normal,healthy,synthetic_prototype_dataset
2026-07-20T13:00:00,HV-2026-003,3,34.89,56.84,41.434,83.63,normal,healthy,synthetic_prototype_dataset
2026-07-20T14:00:00,HV-2026-003,3,34.97,54.14,41.491,87.35,normal,healthy,synthetic_prototype_dataset
2026-07-20T15:00:00,HV-2026-003,3,35.44,55.85,41.509,90.25,normal,healthy,synthetic_prototype_dataset
2026-07-20T16:00:00,HV-2026-003,3,35.27,61.15,41.581,88.64,normal,healthy,synthetic_prototype_dataset
2026-07-20T17:00:00,HV-2026-003,3,34.14,60.0,41.611,87.16,normal,healthy,synthetic_prototype_dataset
2026-07-20T18:00:00,HV-2026-003,3,34.16,63.3,41.726,88.29,normal,healthy,synthetic_prototype_dataset
2026-07-20T19:00:00,HV-2026-003,3,34.3,62.62,41.794,92.94,normal,healthy,synthetic_prototype_dataset
2026-07-20T20:00:00,HV-2026-003,3,34.35,69.12,41.804,88.46,normal,healthy,synthetic_prototype_dataset
2026-07-20T21:00:00,HV-2026-003,3,34.49,69.26,41.752,90.53,normal,healthy,synthetic_prototype_dataset
2026-07-20T22:00:00,HV-2026-003,3,33.25,70.85,41.791,82.03,normal,healthy,synthetic_prototype_dataset
2026-07-20T23:00:00,HV-2026-003,3,33.5,70.31,41.829,89.12,normal,healthy,synthetic_prototype_dataset
2026-07-21T00:00:00,HV-2026-003,3,33.98,71.01,41.855,80.02,normal,healthy,synthetic_prototype_dataset
2026-07-21T01:00:00,HV-2026-003,3,34.36,71.68,41.887,77.51,normal,healthy,synthetic_prototype_dataset
2026-07-21T02:00:00,HV-2026-003,3,33.6,69.36,41.988,73.38,normal,healthy,synthetic_prototype_dataset
2026-07-21T03:00:00,HV-2026-003,3,34.21,67.99,41.961,75.34,normal,healthy,synthetic_prototype_dataset
2026-07-21T04:00:00,HV-2026-003,3,33.71,67.81,41.989,72.42,normal,healthy,synthetic_prototype_dataset
2026-07-21T05:00:00,HV-2026-003,3,34.93,67.04,42.069,76.83,normal,healthy,synthetic_prototype_dataset
2026-07-21T06:00:00,HV-2026-003,3,34.59,64.53,42.074,76.46,normal,healthy,synthetic_prototype_dataset
2026-07-21T07:00:00,HV-2026-003,3,34.86,58.83,42.104,76.28,normal,healthy,synthetic_prototype_dataset
2026-07-21T08:00:00,HV-2026-003,3,35.15,60.42,42.178,76.65,normal,healthy,synthetic_prototype_dataset
2026-07-21T09:00:00,HV-2026-003,3,35.37,56.94,42.183,79.28,normal,healthy,synthetic_prototype_dataset
2026-07-21T10:00:00,HV-2026-003,3,35.64,58.26,42.232,79.3,normal,healthy,synthetic_prototype_dataset
2026-07-21T11:00:00,HV-2026-003,3,36.44,58.21,42.241,85.7,normal,warning,synthetic_prototype_dataset
2026-07-21T12:00:00,HV-2026-003,3,36.05,55.99,42.296,85.44,normal,warning,synthetic_prototype_dataset
2026-07-21T13:00:00,HV-2026-003,3,36.11,56.84,42.327,79.27,normal,warning,synthetic_prototype_dataset
2026-07-21T14:00:00,HV-2026-003,3,35.97,56.53,42.397,89.81,normal,healthy,synthetic_prototype_dataset
2026-07-21T15:00:00,HV-2026-003,3,35.37,60.16,42.444,89.51,normal,healthy,synthetic_prototype_dataset
2026-07-21T16:00:00,HV-2026-003,3,35.19,62.8,42.457,88.39,normal,healthy,synthetic_prototype_dataset
2026-07-21T17:00:00,HV-2026-003,3,34.39,62.76,42.471,88.24,normal,healthy,synthetic_prototype_dataset
2026-07-21T18:00:00,HV-2026-003,3,34.37,63.38,42.457,82.15,normal,healthy,synthetic_prototype_dataset
2026-07-21T19:00:00,HV-2026-003,3,34.48,61.28,42.512,95.34,normal,healthy,synthetic_prototype_dataset
2026-07-21T20:00:00,HV-2026-003,3,33.88,69.11,42.536,95.12,normal,healthy,synthetic_prototype_dataset
2026-07-21T21:00:00,HV-2026-003,3,33.48,63.96,42.558,94.91,normal,healthy,synthetic_prototype_dataset
2026-07-21T22:00:00,HV-2026-003,3,33.72,68.4,42.594,91.52,normal,healthy,synthetic_prototype_dataset
2026-07-21T23:00:00,HV-2026-003,3,33.31,74.76,42.601,90.62,normal,healthy,synthetic_prototype_dataset
2026-07-22T00:00:00,HV-2026-003,3,33.61,69.12,42.611,79.56,normal,healthy,synthetic_prototype_dataset
2026-07-22T01:00:00,HV-2026-003,3,33.38,70.75,42.579,78.3,normal,healthy,synthetic_prototype_dataset
2026-07-22T02:00:00,HV-2026-003,3,33.57,69.33,42.617,74.57,normal,healthy,synthetic_prototype_dataset
2026-07-22T03:00:00,HV-2026-003,3,33.38,67.9,42.626,83.63,normal,healthy,synthetic_prototype_dataset
2026-07-22T04:00:00,HV-2026-003,3,34.33,65.14,42.722,74.49,normal,healthy,synthetic_prototype_dataset
2026-07-22T05:00:00,HV-2026-003,3,34.24,66.81,42.678,75.17,normal,healthy,synthetic_prototype_dataset
2026-07-22T06:00:00,HV-2026-003,3,34.31,63.75,42.716,75.73,normal,healthy,synthetic_prototype_dataset
2026-07-22T07:00:00,HV-2026-003,3,34.85,63.49,42.751,77.97,normal,healthy,synthetic_prototype_dataset
2026-07-22T08:00:00,HV-2026-003,3,35.28,63.19,42.787,77.82,normal,healthy,synthetic_prototype_dataset
2026-07-22T09:00:00,HV-2026-003,3,34.63,55.85,42.805,80.98,normal,healthy,synthetic_prototype_dataset
2026-07-22T10:00:00,HV-2026-003,3,35.44,57.95,42.823,79.8,normal,healthy,synthetic_prototype_dataset
2026-07-22T11:00:00,HV-2026-003,3,36.1,59.09,42.824,84.69,normal,warning,synthetic_prototype_dataset
2026-07-22T12:00:00,HV-2026-003,3,35.01,53.73,42.846,89.87,normal,healthy,synthetic_prototype_dataset
2026-07-22T13:00:00,HV-2026-003,3,35.47,55.15,42.89,87.24,normal,healthy,synthetic_prototype_dataset
2026-07-22T14:00:00,HV-2026-003,3,35.34,60.89,42.924,88.52,normal,healthy,synthetic_prototype_dataset
2026-07-22T15:00:00,HV-2026-003,3,35.3,59.22,43.007,94.76,normal,healthy,synthetic_prototype_dataset
2026-07-22T16:00:00,HV-2026-003,3,34.87,61.86,43.064,92.93,normal,healthy,synthetic_prototype_dataset
2026-07-22T17:00:00,HV-2026-003,3,34.86,61.23,43.131,93.22,normal,healthy,synthetic_prototype_dataset
2026-07-22T18:00:00,HV-2026-003,3,35.27,63.74,43.157,81.39,normal,healthy,synthetic_prototype_dataset
2026-07-22T19:00:00,HV-2026-003,3,33.5,64.48,43.143,92.73,normal,healthy,synthetic_prototype_dataset
2026-07-22T20:00:00,HV-2026-003,3,33.33,65.98,43.152,93.74,normal,healthy,synthetic_prototype_dataset
2026-07-22T21:00:00,HV-2026-003,3,33.37,69.15,43.184,92.1,normal,healthy,synthetic_prototype_dataset
2026-07-22T22:00:00,HV-2026-003,3,33.82,69.38,43.15,87.31,normal,healthy,synthetic_prototype_dataset
2026-07-22T23:00:00,HV-2026-003,3,33.3,70.66,43.149,91.1,normal,healthy,synthetic_prototype_dataset
2026-07-23T00:00:00,HV-2026-003,3,33.23,68.86,43.158,82.75,normal,healthy,synthetic_prototype_dataset
2026-07-23T01:00:00,HV-2026-003,3,33.56,72.16,43.146,73.59,normal,healthy,synthetic_prototype_dataset
2026-07-23T02:00:00,HV-2026-003,3,33.09,69.91,43.165,74.29,normal,healthy,synthetic_prototype_dataset
2026-07-23T03:00:00,HV-2026-003,3,33.44,67.03,43.184,79.9,normal,healthy,synthetic_prototype_dataset
2026-07-23T04:00:00,HV-2026-003,3,33.19,67.64,43.257,75.36,normal,healthy,synthetic_prototype_dataset
2026-07-23T05:00:00,HV-2026-003,3,33.95,66.99,43.248,75.92,normal,healthy,synthetic_prototype_dataset
2026-07-23T06:00:00,HV-2026-003,3,34.05,60.15,43.268,71.58,normal,healthy,synthetic_prototype_dataset
2026-07-23T07:00:00,HV-2026-003,3,34.85,63.71,43.357,78.15,normal,healthy,synthetic_prototype_dataset
2026-07-23T08:00:00,HV-2026-003,3,35.63,60.73,43.374,72.89,normal,healthy,synthetic_prototype_dataset
2026-07-23T09:00:00,HV-2026-003,3,36.17,56.68,43.456,82.04,normal,warning,synthetic_prototype_dataset
2026-07-23T10:00:00,HV-2026-003,3,35.21,58.01,43.569,88.37,normal,healthy,synthetic_prototype_dataset
2026-07-23T11:00:00,HV-2026-003,3,35.55,55.47,43.613,83.94,normal,healthy,synthetic_prototype_dataset
2026-07-23T12:00:00,HV-2026-003,3,36.36,57.84,43.596,84.98,normal,warning,synthetic_prototype_dataset
2026-07-23T13:00:00,HV-2026-003,3,35.7,56.82,43.647,91.3,normal,healthy,synthetic_prototype_dataset
2026-07-23T14:00:00,HV-2026-003,3,36.09,56.1,43.688,85.95,normal,warning,synthetic_prototype_dataset
2026-07-23T15:00:00,HV-2026-003,3,34.68,58.37,43.793,82.94,normal,healthy,synthetic_prototype_dataset
2026-07-23T16:00:00,HV-2026-003,3,35.16,59.91,43.841,86.15,normal,healthy,synthetic_prototype_dataset
2026-07-23T17:00:00,HV-2026-003,3,34.22,59.22,43.921,86.44,normal,healthy,synthetic_prototype_dataset
2026-07-23T18:00:00,HV-2026-003,3,34.3,67.3,43.925,91.2,normal,healthy,synthetic_prototype_dataset
2026-07-23T19:00:00,HV-2026-003,3,34.66,67.15,43.904,87.38,normal,healthy,synthetic_prototype_dataset
2026-07-23T20:00:00,HV-2026-003,3,34.01,70.49,43.902,87.8,normal,healthy,synthetic_prototype_dataset
2026-07-23T21:00:00,HV-2026-003,3,33.79,69.58,43.951,85.97,normal,healthy,synthetic_prototype_dataset
2026-07-23T22:00:00,HV-2026-003,3,33.15,69.96,44.02,87.29,normal,healthy,synthetic_prototype_dataset
2026-07-23T23:00:00,HV-2026-003,3,33.25,68.43,44.11,87.65,normal,healthy,synthetic_prototype_dataset
2026-07-24T00:00:00,HV-2026-003,3,33.65,70.72,44.138,70.75,normal,healthy,synthetic_prototype_dataset
2026-07-24T01:00:00,HV-2026-003,3,32.24,72.68,44.166,76.72,normal,healthy,synthetic_prototype_dataset
2026-07-24T02:00:00,HV-2026-003,3,32.78,68.1,44.228,82.09,normal,healthy,synthetic_prototype_dataset
2026-07-24T03:00:00,HV-2026-003,3,33.27,69.82,44.26,75.58,normal,healthy,synthetic_prototype_dataset
2026-07-24T04:00:00,HV-2026-003,3,34.65,66.35,44.328,77.33,normal,healthy,synthetic_prototype_dataset
2026-07-24T05:00:00,HV-2026-003,3,34.12,67.94,44.363,75.66,normal,healthy,synthetic_prototype_dataset
2026-07-24T06:00:00,HV-2026-003,3,35.09,65.91,44.43,62.39,normal,warning,synthetic_prototype_dataset
2026-07-24T07:00:00,HV-2026-003,3,35.0,62.23,44.454,79.96,normal,healthy,synthetic_prototype_dataset
2026-07-24T08:00:00,HV-2026-003,3,35.24,61.38,44.475,84.87,normal,healthy,synthetic_prototype_dataset
2026-07-24T09:00:00,HV-2026-003,3,35.74,59.69,44.526,85.41,normal,healthy,synthetic_prototype_dataset
2026-07-24T10:00:00,HV-2026-003,3,36.05,57.4,44.598,83.23,normal,warning,synthetic_prototype_dataset
2026-07-24T11:00:00,HV-2026-003,3,36.59,58.88,44.617,88.57,normal,warning,synthetic_prototype_dataset
2026-07-24T12:00:00,HV-2026-003,3,34.82,57.81,44.635,92.49,normal,healthy,synthetic_prototype_dataset
2026-07-24T13:00:00,HV-2026-003,3,35.84,55.47,44.669,84.61,normal,healthy,synthetic_prototype_dataset
2026-07-24T14:00:00,HV-2026-003,3,35.46,57.01,44.685,89.07,normal,healthy,synthetic_prototype_dataset
2026-07-24T15:00:00,HV-2026-003,3,35.56,56.92,44.667,90.02,normal,healthy,synthetic_prototype_dataset
2026-07-24T16:00:00,HV-2026-003,3,35.36,61.48,44.724,95.03,normal,healthy,synthetic_prototype_dataset
2026-07-24T17:00:00,HV-2026-003,3,35.25,66.67,44.867,83.73,normal,healthy,synthetic_prototype_dataset
2026-07-24T18:00:00,HV-2026-003,3,33.48,63.65,44.914,89.73,normal,healthy,synthetic_prototype_dataset
2026-07-24T19:00:00,HV-2026-003,3,34.45,64.99,44.915,87.98,normal,healthy,synthetic_prototype_dataset
2026-07-24T20:00:00,HV-2026-003,3,33.73,68.68,44.923,88.51,normal,healthy,synthetic_prototype_dataset
2026-07-24T21:00:00,HV-2026-003,3,33.81,68.25,44.987,85.72,normal,healthy,synthetic_prototype_dataset
2026-07-24T22:00:00,HV-2026-003,3,32.83,70.27,45.026,85.1,normal,healthy,synthetic_prototype_dataset
2026-07-24T23:00:00,HV-2026-003,3,33.82,73.89,45.029,92.31,normal,healthy,synthetic_prototype_dataset
2026-07-25T00:00:00,HV-2026-003,3,32.04,72.76,45.024,79.42,normal,healthy,synthetic_prototype_dataset
2026-07-25T01:00:00,HV-2026-003,3,32.72,70.46,45.021,75.25,normal,healthy,synthetic_prototype_dataset
2026-07-25T02:00:00,HV-2026-003,3,34.11,69.69,45.119,74.65,normal,healthy,synthetic_prototype_dataset
2026-07-25T03:00:00,HV-2026-003,3,34.16,65.85,45.134,74.12,normal,healthy,synthetic_prototype_dataset
2026-07-25T04:00:00,HV-2026-003,3,34.45,67.66,45.086,71.41,normal,healthy,synthetic_prototype_dataset
2026-07-25T05:00:00,HV-2026-003,3,33.62,67.32,45.14,74.95,normal,healthy,synthetic_prototype_dataset
2026-07-25T06:00:00,HV-2026-003,3,34.16,65.11,45.125,77.6,normal,healthy,synthetic_prototype_dataset
2026-07-25T07:00:00,HV-2026-003,3,34.92,61.52,45.164,78.18,normal,healthy,synthetic_prototype_dataset
2026-07-25T08:00:00,HV-2026-003,3,35.29,57.92,45.215,83.22,normal,healthy,synthetic_prototype_dataset
2026-07-25T09:00:00,HV-2026-003,3,35.48,59.96,45.245,84.48,normal,healthy,synthetic_prototype_dataset
2026-07-25T10:00:00,HV-2026-003,3,35.57,55.7,45.312,77.28,normal,healthy,synthetic_prototype_dataset
2026-07-25T11:00:00,HV-2026-003,3,35.79,56.37,45.337,85.12,normal,healthy,synthetic_prototype_dataset
2026-07-25T12:00:00,HV-2026-003,3,35.39,57.75,45.381,83.74,normal,healthy,synthetic_prototype_dataset
2026-07-25T13:00:00,HV-2026-003,3,36.27,57.43,45.446,90.18,normal,warning,synthetic_prototype_dataset
2026-07-25T14:00:00,HV-2026-003,3,36.17,58.81,45.478,81.95,normal,warning,synthetic_prototype_dataset
2026-07-25T15:00:00,HV-2026-003,3,35.42,60.84,45.531,76.88,normal,healthy,synthetic_prototype_dataset
2026-07-25T16:00:00,HV-2026-003,3,35.45,62.0,45.558,92.98,normal,healthy,synthetic_prototype_dataset
2026-07-25T17:00:00,HV-2026-003,3,35.03,60.78,45.637,85.44,normal,healthy,synthetic_prototype_dataset
2026-07-25T18:00:00,HV-2026-003,3,34.39,63.54,45.637,91.06,normal,healthy,synthetic_prototype_dataset
2026-07-25T19:00:00,HV-2026-003,3,34.66,67.88,45.688,83.94,normal,healthy,synthetic_prototype_dataset
2026-07-25T20:00:00,HV-2026-003,3,33.16,67.62,45.711,87.78,normal,healthy,synthetic_prototype_dataset
2026-07-25T21:00:00,HV-2026-003,3,34.35,68.96,45.755,92.39,normal,healthy,synthetic_prototype_dataset
2026-07-25T22:00:00,HV-2026-003,3,33.31,74.55,45.747,86.0,normal,healthy,synthetic_prototype_dataset
2026-07-25T23:00:00,HV-2026-003,3,32.73,73.4,45.801,85.2,normal,healthy,synthetic_prototype_dataset
2026-07-26T00:00:00,HV-2026-003,3,32.66,73.49,45.838,80.94,normal,healthy,synthetic_prototype_dataset
2026-07-26T01:00:00,HV-2026-003,3,33.07,71.68,45.874,73.82,normal,healthy,synthetic_prototype_dataset
2026-07-26T02:00:00,HV-2026-003,3,33.16,67.93,45.916,78.66,normal,healthy,synthetic_prototype_dataset
2026-07-26T03:00:00,HV-2026-003,3,33.88,70.15,45.937,81.43,normal,healthy,synthetic_prototype_dataset
2026-07-26T04:00:00,HV-2026-003,3,34.1,70.0,46.012,75.56,normal,healthy,synthetic_prototype_dataset
2026-07-26T05:00:00,HV-2026-003,3,34.19,67.21,45.997,72.06,normal,healthy,synthetic_prototype_dataset
2026-07-26T06:00:00,HV-2026-003,3,33.77,63.81,46.01,70.98,normal,healthy,synthetic_prototype_dataset
2026-07-26T07:00:00,HV-2026-003,3,34.75,62.02,46.077,84.87,normal,healthy,synthetic_prototype_dataset
2026-07-26T08:00:00,HV-2026-003,3,35.21,59.25,46.129,79.66,normal,healthy,synthetic_prototype_dataset
2026-07-26T09:00:00,HV-2026-003,3,35.16,57.5,46.147,80.74,normal,healthy,synthetic_prototype_dataset
2026-07-26T10:00:00,HV-2026-003,3,35.84,58.86,46.248,85.36,normal,healthy,synthetic_prototype_dataset
2026-07-26T11:00:00,HV-2026-003,3,35.8,56.69,46.253,82.53,normal,healthy,synthetic_prototype_dataset
2026-07-26T12:00:00,HV-2026-003,3,35.34,52.39,46.26,91.51,normal,healthy,synthetic_prototype_dataset
2026-07-26T13:00:00,HV-2026-003,3,35.77,56.56,46.317,80.27,normal,healthy,synthetic_prototype_dataset
2026-07-26T14:00:00,HV-2026-003,3,35.6,60.24,46.355,81.92,normal,healthy,synthetic_prototype_dataset
2026-07-26T15:00:00,HV-2026-003,3,35.08,61.35,46.405,83.97,normal,healthy,synthetic_prototype_dataset
2026-07-26T16:00:00,HV-2026-003,3,36.07,58.24,46.434,85.43,normal,warning,synthetic_prototype_dataset
2026-07-26T17:00:00,HV-2026-003,3,34.22,61.37,46.49,94.4,normal,healthy,synthetic_prototype_dataset
2026-07-26T18:00:00,HV-2026-003,3,34.18,62.18,46.536,91.78,normal,healthy,synthetic_prototype_dataset
2026-07-26T19:00:00,HV-2026-003,3,34.12,66.31,46.558,90.22,normal,healthy,synthetic_prototype_dataset
2026-07-26T20:00:00,HV-2026-003,3,33.62,69.43,46.661,90.15,normal,healthy,synthetic_prototype_dataset
2026-07-26T21:00:00,HV-2026-003,3,33.43,69.41,46.663,91.61,normal,healthy,synthetic_prototype_dataset
2026-07-26T22:00:00,HV-2026-003,3,33.42,69.31,46.719,88.19,normal,healthy,synthetic_prototype_dataset
2026-07-26T23:00:00,HV-2026-003,3,32.66,71.39,46.752,90.47,normal,healthy,synthetic_prototype_dataset
2026-07-27T00:00:00,HV-2026-003,3,33.36,70.99,46.761,76.01,normal,healthy,synthetic_prototype_dataset
2026-07-27T01:00:00,HV-2026-003,3,33.19,71.82,46.796,75.68,normal,healthy,synthetic_prototype_dataset
2026-07-27T02:00:00,HV-2026-003,3,33.61,69.03,46.908,78.67,normal,healthy,synthetic_prototype_dataset
2026-07-27T03:00:00,HV-2026-003,3,32.86,69.47,46.96,74.78,normal,healthy,synthetic_prototype_dataset
2026-07-27T04:00:00,HV-2026-003,3,32.96,65.82,47.004,69.86,normal,warning,synthetic_prototype_dataset
2026-07-27T05:00:00,HV-2026-003,3,33.3,66.96,47.021,73.56,normal,healthy,synthetic_prototype_dataset
2026-07-27T06:00:00,HV-2026-003,3,34.06,61.54,47.063,73.18,normal,healthy,synthetic_prototype_dataset
2026-07-27T07:00:00,HV-2026-003,3,34.38,63.0,47.079,75.36,normal,healthy,synthetic_prototype_dataset
2026-07-27T08:00:00,HV-2026-003,3,34.04,61.35,47.112,77.81,normal,healthy,synthetic_prototype_dataset
2026-07-27T09:00:00,HV-2026-003,3,34.74,59.26,47.163,81.7,normal,healthy,synthetic_prototype_dataset
2026-07-27T10:00:00,HV-2026-003,3,36.15,59.39,47.197,84.55,normal,warning,synthetic_prototype_dataset
2026-07-27T11:00:00,HV-2026-003,3,35.56,57.51,47.283,81.38,normal,healthy,synthetic_prototype_dataset
2026-07-27T12:00:00,HV-2026-003,3,35.6,59.33,47.336,84.61,normal,healthy,synthetic_prototype_dataset
2026-07-27T13:00:00,HV-2026-003,3,34.77,53.34,47.451,88.19,normal,healthy,synthetic_prototype_dataset
2026-07-27T14:00:00,HV-2026-003,3,35.15,58.75,47.461,86.97,normal,healthy,synthetic_prototype_dataset
2026-07-27T15:00:00,HV-2026-003,3,34.78,56.69,47.428,83.34,normal,healthy,synthetic_prototype_dataset
2026-07-27T16:00:00,HV-2026-003,3,35.39,58.91,47.484,92.87,normal,healthy,synthetic_prototype_dataset
2026-07-27T17:00:00,HV-2026-003,3,34.63,61.84,47.523,88.42,normal,healthy,synthetic_prototype_dataset
2026-07-27T18:00:00,HV-2026-003,3,34.83,67.56,47.603,82.47,normal,healthy,synthetic_prototype_dataset
2026-07-27T19:00:00,HV-2026-003,3,33.75,66.01,47.644,83.83,normal,healthy,synthetic_prototype_dataset
2026-07-27T20:00:00,HV-2026-003,3,32.85,70.04,47.65,84.32,normal,healthy,synthetic_prototype_dataset
2026-07-27T21:00:00,HV-2026-003,3,32.87,69.84,47.646,89.78,normal,healthy,synthetic_prototype_dataset
2026-07-27T22:00:00,HV-2026-003,3,32.72,67.11,47.721,89.52,normal,healthy,synthetic_prototype_dataset
2026-07-27T23:00:00,HV-2026-003,3,32.88,70.01,47.797,89.18,normal,healthy,synthetic_prototype_dataset
2026-07-28T00:00:00,HV-2026-003,3,33.43,70.33,47.824,77.41,normal,healthy,synthetic_prototype_dataset
2026-07-28T01:00:00,HV-2026-003,3,32.71,70.97,47.828,77.4,normal,healthy,synthetic_prototype_dataset
2026-07-28T02:00:00,HV-2026-003,3,32.5,71.47,47.864,75.29,normal,healthy,synthetic_prototype_dataset
2026-07-28T03:00:00,HV-2026-003,3,33.5,68.67,47.866,77.9,normal,healthy,synthetic_prototype_dataset
2026-07-28T04:00:00,HV-2026-003,3,33.83,66.97,47.87,75.36,normal,healthy,synthetic_prototype_dataset
2026-07-28T05:00:00,HV-2026-003,3,33.63,68.94,47.906,76.05,normal,healthy,synthetic_prototype_dataset
2026-07-28T06:00:00,HV-2026-003,3,33.8,65.71,47.91,73.72,normal,healthy,synthetic_prototype_dataset
2026-07-28T07:00:00,HV-2026-003,3,34.9,63.27,47.847,77.28,normal,healthy,synthetic_prototype_dataset
2026-07-28T08:00:00,HV-2026-003,3,34.92,60.27,47.882,73.29,normal,healthy,synthetic_prototype_dataset
2026-07-28T09:00:00,HV-2026-003,3,33.86,57.68,47.926,70.07,normal,healthy,synthetic_prototype_dataset
2026-07-28T10:00:00,HV-2026-003,3,34.96,54.86,47.955,89.85,normal,healthy,synthetic_prototype_dataset
2026-07-28T11:00:00,HV-2026-003,3,35.37,57.43,48.025,84.6,normal,healthy,synthetic_prototype_dataset
2026-07-28T12:00:00,HV-2026-003,3,35.42,59.05,48.084,86.91,normal,healthy,synthetic_prototype_dataset
2026-07-28T13:00:00,HV-2026-003,3,35.41,57.0,48.159,85.93,normal,healthy,synthetic_prototype_dataset
2026-07-28T14:00:00,HV-2026-003,3,35.9,56.43,48.252,89.78,normal,healthy,synthetic_prototype_dataset
2026-07-28T15:00:00,HV-2026-003,3,34.7,60.35,48.27,89.05,normal,healthy,synthetic_prototype_dataset
2026-07-28T16:00:00,HV-2026-003,3,34.65,60.64,48.341,91.34,normal,healthy,synthetic_prototype_dataset
2026-07-28T17:00:00,HV-2026-003,3,34.05,60.65,48.384,91.08,normal,healthy,synthetic_prototype_dataset
2026-07-28T18:00:00,HV-2026-003,3,33.91,67.25,48.442,87.81,normal,healthy,synthetic_prototype_dataset
2026-07-28T19:00:00,HV-2026-003,3,33.55,65.78,48.456,94.28,normal,healthy,synthetic_prototype_dataset
2026-07-28T20:00:00,HV-2026-003,3,34.01,67.95,48.504,92.4,normal,healthy,synthetic_prototype_dataset
2026-07-28T21:00:00,HV-2026-003,3,33.32,70.06,48.55,90.64,normal,healthy,synthetic_prototype_dataset
2026-07-28T22:00:00,HV-2026-003,3,32.74,69.22,48.565,85.65,normal,healthy,synthetic_prototype_dataset
2026-07-28T23:00:00,HV-2026-003,3,32.3,72.36,48.602,82.42,normal,healthy,synthetic_prototype_dataset
2026-07-29T00:00:00,HV-2026-003,3,32.74,71.25,48.633,72.21,normal,healthy,synthetic_prototype_dataset
2026-07-29T01:00:00,HV-2026-003,3,32.28,72.28,48.605,75.19,normal,healthy,synthetic_prototype_dataset
2026-07-29T02:00:00,HV-2026-003,3,32.87,70.42,48.639,81.59,normal,healthy,synthetic_prototype_dataset
2026-07-29T03:00:00,HV-2026-003,3,32.51,71.11,48.576,80.88,normal,healthy,synthetic_prototype_dataset
2026-07-29T04:00:00,HV-2026-003,3,32.58,72.47,48.587,80.52,normal,healthy,synthetic_prototype_dataset
2026-07-29T05:00:00,HV-2026-003,3,34.3,65.61,48.599,73.07,normal,healthy,synthetic_prototype_dataset
2026-07-29T06:00:00,HV-2026-003,3,34.5,63.82,48.596,77.88,normal,healthy,synthetic_prototype_dataset
2026-07-29T07:00:00,HV-2026-003,3,34.08,62.18,48.625,75.58,normal,healthy,synthetic_prototype_dataset
2026-07-29T08:00:00,HV-2026-003,3,34.57,63.85,48.647,78.36,normal,healthy,synthetic_prototype_dataset
2026-07-29T09:00:00,HV-2026-003,3,34.99,60.45,48.645,82.85,normal,healthy,synthetic_prototype_dataset
2026-07-29T10:00:00,HV-2026-003,3,35.39,55.3,48.745,88.11,normal,healthy,synthetic_prototype_dataset
2026-07-29T11:00:00,HV-2026-003,3,35.04,55.8,48.794,79.53,normal,healthy,synthetic_prototype_dataset
2026-07-29T12:00:00,HV-2026-003,3,36.06,56.74,48.893,82.6,normal,warning,synthetic_prototype_dataset
2026-07-29T13:00:00,HV-2026-003,3,35.35,60.1,48.925,88.06,normal,healthy,synthetic_prototype_dataset
2026-07-29T14:00:00,HV-2026-003,3,35.76,57.52,48.923,83.02,normal,healthy,synthetic_prototype_dataset
2026-07-29T15:00:00,HV-2026-003,3,35.33,60.33,49.001,87.98,normal,healthy,synthetic_prototype_dataset
2026-07-29T16:00:00,HV-2026-003,3,34.15,56.85,49.139,91.37,normal,healthy,synthetic_prototype_dataset
2026-07-29T17:00:00,HV-2026-003,3,34.54,63.27,49.123,87.1,normal,healthy,synthetic_prototype_dataset
2026-07-29T18:00:00,HV-2026-003,3,34.93,65.77,49.126,85.71,normal,healthy,synthetic_prototype_dataset
2026-07-29T19:00:00,HV-2026-003,3,33.58,65.83,49.222,89.22,normal,healthy,synthetic_prototype_dataset
2026-07-29T20:00:00,HV-2026-003,3,32.96,67.98,49.257,85.04,normal,healthy,synthetic_prototype_dataset
2026-07-29T21:00:00,HV-2026-003,3,33.41,71.71,49.287,86.14,normal,healthy,synthetic_prototype_dataset
2026-07-29T22:00:00,HV-2026-003,3,32.78,67.66,49.307,89.21,normal,healthy,synthetic_prototype_dataset
2026-07-29T23:00:00,HV-2026-003,3,32.49,74.84,49.36,80.83,normal,healthy,synthetic_prototype_dataset
2026-07-30T00:00:00,HV-2026-003,3,31.98,70.02,49.44,79.12,normal,healthy,synthetic_prototype_dataset
2026-07-30T01:00:00,HV-2026-003,3,33.55,71.57,49.457,71.63,normal,healthy,synthetic_prototype_dataset
2026-07-30T02:00:00,HV-2026-003,3,33.1,70.5,49.474,81.66,normal,healthy,synthetic_prototype_dataset
2026-07-30T03:00:00,HV-2026-003,3,33.1,72.14,49.443,85.41,normal,healthy,synthetic_prototype_dataset
2026-07-30T04:00:00,HV-2026-003,3,33.26,69.56,49.499,74.26,normal,healthy,synthetic_prototype_dataset
2026-07-30T05:00:00,HV-2026-003,3,34.11,68.17,49.499,73.55,normal,healthy,synthetic_prototype_dataset
2026-07-30T06:00:00,HV-2026-003,3,34.09,64.58,49.573,78.46,normal,healthy,synthetic_prototype_dataset
2026-07-30T07:00:00,HV-2026-003,3,34.38,64.07,49.526,75.67,normal,healthy,synthetic_prototype_dataset
2026-07-30T08:00:00,HV-2026-003,3,34.85,63.3,49.563,84.73,normal,healthy,synthetic_prototype_dataset
2026-07-30T09:00:00,HV-2026-003,3,35.38,58.96,49.592,82.79,normal,healthy,synthetic_prototype_dataset
2026-07-30T10:00:00,HV-2026-003,3,35.0,61.49,49.591,84.11,normal,healthy,synthetic_prototype_dataset
2026-07-30T11:00:00,HV-2026-003,3,35.66,57.47,49.612,84.26,normal,healthy,synthetic_prototype_dataset
2026-07-30T12:00:00,HV-2026-003,3,35.74,56.89,49.617,89.93,normal,healthy,synthetic_prototype_dataset
2026-07-30T13:00:00,HV-2026-003,3,35.51,59.84,49.687,94.74,normal,healthy,synthetic_prototype_dataset
2026-07-30T14:00:00,HV-2026-003,3,35.7,57.43,49.746,86.17,normal,healthy,synthetic_prototype_dataset
2026-07-30T15:00:00,HV-2026-003,3,34.79,57.3,49.776,90.84,normal,healthy,synthetic_prototype_dataset
2026-07-30T16:00:00,HV-2026-003,3,34.69,59.31,49.761,96.91,normal,healthy,synthetic_prototype_dataset
2026-07-30T17:00:00,HV-2026-003,3,34.56,61.5,49.811,97.54,normal,healthy,synthetic_prototype_dataset
2026-07-30T18:00:00,HV-2026-003,3,34.35,59.77,49.933,83.53,normal,healthy,synthetic_prototype_dataset
2026-07-30T19:00:00,HV-2026-003,3,33.64,64.56,49.933,90.88,normal,healthy,synthetic_prototype_dataset
2026-07-30T20:00:00,HV-2026-003,3,32.49,68.13,49.998,86.57,normal,healthy,synthetic_prototype_dataset
2026-07-30T21:00:00,HV-2026-003,3,32.53,69.49,50.011,86.85,normal,healthy,synthetic_prototype_dataset
2026-07-30T22:00:00,HV-2026-003,3,32.41,71.79,50.057,84.39,normal,healthy,synthetic_prototype_dataset
2026-07-30T23:00:00,HV-2026-003,3,32.4,71.8,50.048,87.73,normal,healthy,synthetic_prototype_dataset
2026-07-31T00:00:00,HV-2026-003,3,33.36,71.89,50.03,77.37,normal,healthy,synthetic_prototype_dataset
2026-07-31T01:00:00,HV-2026-003,3,32.66,71.49,50.072,78.42,normal,healthy,synthetic_prototype_dataset
2026-07-31T02:00:00,HV-2026-003,3,32.89,70.95,50.169,80.2,normal,healthy,synthetic_prototype_dataset
2026-07-31T03:00:00,HV-2026-003,3,33.46,70.19,50.159,79.95,normal,healthy,synthetic_prototype_dataset
2026-07-31T04:00:00,HV-2026-003,3,33.41,67.46,50.176,72.62,normal,healthy,synthetic_prototype_dataset
2026-07-31T05:00:00,HV-2026-003,3,34.14,68.04,50.207,75.85,normal,healthy,synthetic_prototype_dataset
2026-07-31T06:00:00,HV-2026-003,3,33.69,61.17,50.182,73.4,normal,healthy,synthetic_prototype_dataset
2026-07-31T07:00:00,HV-2026-003,3,33.93,63.71,50.236,77.38,normal,healthy,synthetic_prototype_dataset
2026-07-31T08:00:00,HV-2026-003,3,35.28,60.09,50.261,79.45,normal,healthy,synthetic_prototype_dataset
2026-07-31T09:00:00,HV-2026-003,3,35.41,60.24,50.299,75.57,normal,healthy,synthetic_prototype_dataset
2026-07-31T10:00:00,HV-2026-003,3,34.72,60.91,50.265,87.7,normal,healthy,synthetic_prototype_dataset
2026-07-31T11:00:00,HV-2026-003,3,35.48,56.89,50.276,91.16,normal,healthy,synthetic_prototype_dataset
2026-07-31T12:00:00,HV-2026-003,3,35.94,57.79,50.323,83.64,normal,healthy,synthetic_prototype_dataset
2026-07-31T13:00:00,HV-2026-003,3,35.32,57.03,50.363,93.44,normal,healthy,synthetic_prototype_dataset
2026-07-31T14:00:00,HV-2026-003,3,35.08,57.05,50.358,88.57,normal,healthy,synthetic_prototype_dataset
2026-07-31T15:00:00,HV-2026-003,3,34.58,60.49,50.342,91.35,normal,healthy,synthetic_prototype_dataset
2026-07-31T16:00:00,HV-2026-003,3,34.17,61.58,50.368,95.54,normal,healthy,synthetic_prototype_dataset
2026-07-31T17:00:00,HV-2026-003,3,34.41,66.69,50.421,94.87,normal,healthy,synthetic_prototype_dataset
2026-07-31T18:00:00,HV-2026-003,3,33.91,65.62,50.494,93.17,normal,healthy,synthetic_prototype_dataset
2026-07-31T19:00:00,HV-2026-003,3,33.9,66.22,50.513,93.86,normal,healthy,synthetic_prototype_dataset
2026-07-31T20:00:00,HV-2026-003,3,33.96,67.43,50.512,86.36,normal,healthy,synthetic_prototype_dataset
2026-07-31T21:00:00,HV-2026-003,3,33.45,68.28,50.566,90.84,normal,healthy,synthetic_prototype_dataset
2026-07-31T22:00:00,HV-2026-003,3,32.63,73.88,50.54,93.93,normal,healthy,synthetic_prototype_dataset
2026-07-31T23:00:00,HV-2026-003,3,32.89,68.03,50.62,90.51,normal,healthy,synthetic_prototype_dataset
2026-08-01T00:00:00,HV-2026-003,3,32.43,70.47,50.59,84.45,normal,healthy,synthetic_prototype_dataset
2026-08-01T01:00:00,HV-2026-003,3,32.26,69.7,50.625,70.27,normal,healthy,synthetic_prototype_dataset
2026-08-01T02:00:00,HV-2026-003,3,32.36,73.06,50.666,74.65,normal,healthy,synthetic_prototype_dataset
2026-08-01T03:00:00,HV-2026-003,3,33.02,69.36,50.689,73.33,normal,healthy,synthetic_prototype_dataset
2026-08-01T04:00:00,HV-2026-003,3,33.02,67.61,50.688,79.65,normal,healthy,synthetic_prototype_dataset
2026-08-01T05:00:00,HV-2026-003,3,33.94,65.34,50.672,75.45,normal,healthy,synthetic_prototype_dataset
2026-08-01T06:00:00,HV-2026-003,3,34.9,63.36,50.691,76.31,normal,healthy,synthetic_prototype_dataset
2026-08-01T07:00:00,HV-2026-003,3,34.21,62.57,50.756,79.42,normal,healthy,synthetic_prototype_dataset
2026-08-01T08:00:00,HV-2026-003,3,34.96,62.77,50.817,85.17,normal,healthy,synthetic_prototype_dataset
2026-08-01T09:00:00,HV-2026-003,3,35.45,64.44,50.894,79.01,normal,healthy,synthetic_prototype_dataset
2026-08-01T10:00:00,HV-2026-003,3,35.43,60.43,50.999,79.61,normal,healthy,synthetic_prototype_dataset
2026-08-01T11:00:00,HV-2026-003,3,35.43,57.22,51.057,83.77,normal,healthy,synthetic_prototype_dataset
2026-08-01T12:00:00,HV-2026-003,3,35.44,55.67,51.128,86.62,normal,healthy,synthetic_prototype_dataset
2026-08-01T13:00:00,HV-2026-003,3,35.25,61.96,51.157,88.3,normal,healthy,synthetic_prototype_dataset
2026-08-01T14:00:00,HV-2026-003,3,35.1,59.5,51.277,88.35,normal,healthy,synthetic_prototype_dataset
2026-08-01T15:00:00,HV-2026-003,3,34.59,63.63,51.307,83.32,normal,healthy,synthetic_prototype_dataset
2026-08-01T16:00:00,HV-2026-003,3,34.24,59.47,51.282,88.25,normal,healthy,synthetic_prototype_dataset
2026-08-01T17:00:00,HV-2026-003,3,34.23,65.52,51.338,91.92,normal,healthy,synthetic_prototype_dataset
2026-08-01T18:00:00,HV-2026-003,3,33.52,66.8,51.416,91.38,normal,healthy,synthetic_prototype_dataset
2026-08-01T19:00:00,HV-2026-003,3,33.78,64.74,51.478,96.11,normal,healthy,synthetic_prototype_dataset
2026-08-01T20:00:00,HV-2026-003,3,33.42,67.64,51.497,88.05,normal,healthy,synthetic_prototype_dataset
2026-08-01T21:00:00,HV-2026-003,3,32.85,71.33,51.532,92.45,normal,healthy,synthetic_prototype_dataset
2026-08-01T22:00:00,HV-2026-003,3,32.97,69.72,51.54,86.15,normal,healthy,synthetic_prototype_dataset
2026-08-01T23:00:00,HV-2026-003,3,32.59,75.2,51.633,89.89,normal,warning,synthetic_prototype_dataset
2026-08-02T00:00:00,HV-2026-003,3,32.61,69.96,51.666,73.23,normal,healthy,synthetic_prototype_dataset
2026-08-02T01:00:00,HV-2026-003,3,33.33,69.29,51.704,72.94,normal,healthy,synthetic_prototype_dataset
2026-08-02T02:00:00,HV-2026-003,3,32.72,72.68,51.765,75.79,normal,healthy,synthetic_prototype_dataset
2026-08-02T03:00:00,HV-2026-003,3,33.28,69.17,51.799,79.51,normal,healthy,synthetic_prototype_dataset
2026-08-02T04:00:00,HV-2026-003,3,33.35,67.96,51.814,79.55,normal,healthy,synthetic_prototype_dataset
2026-08-02T05:00:00,HV-2026-003,3,33.03,65.53,51.86,74.46,normal,healthy,synthetic_prototype_dataset
2026-08-02T06:00:00,HV-2026-003,3,33.2,67.85,51.846,75.3,normal,healthy,synthetic_prototype_dataset
2026-08-02T07:00:00,HV-2026-003,3,33.91,63.07,51.84,80.33,normal,healthy,synthetic_prototype_dataset
2026-08-02T08:00:00,HV-2026-003,3,34.55,63.69,51.849,87.09,normal,healthy,synthetic_prototype_dataset
2026-08-02T09:00:00,HV-2026-003,3,33.92,57.61,51.944,83.02,normal,healthy,synthetic_prototype_dataset
2026-08-02T10:00:00,HV-2026-003,3,35.13,60.13,52.002,84.05,normal,healthy,synthetic_prototype_dataset
2026-08-02T11:00:00,HV-2026-003,3,34.68,60.13,52.066,89.52,normal,healthy,synthetic_prototype_dataset
2026-08-02T12:00:00,HV-2026-003,3,35.95,59.01,52.065,92.1,normal,healthy,synthetic_prototype_dataset
2026-08-02T13:00:00,HV-2026-003,3,34.65,59.26,52.099,85.6,normal,healthy,synthetic_prototype_dataset
2026-08-02T14:00:00,HV-2026-003,3,35.32,59.79,52.159,85.27,normal,healthy,synthetic_prototype_dataset
2026-08-02T15:00:00,HV-2026-003,3,34.7,59.08,52.193,88.52,normal,healthy,synthetic_prototype_dataset
2026-08-02T16:00:00,HV-2026-003,3,35.33,61.45,52.156,94.41,normal,healthy,synthetic_prototype_dataset
2026-08-02T17:00:00,HV-2026-003,3,34.39,63.37,52.175,86.57,normal,healthy,synthetic_prototype_dataset
2026-08-02T18:00:00,HV-2026-003,3,34.73,65.51,52.144,91.15,normal,healthy,synthetic_prototype_dataset
2026-08-02T19:00:00,HV-2026-003,3,34.06,67.51,52.137,86.41,normal,healthy,synthetic_prototype_dataset
2026-08-02T20:00:00,HV-2026-003,3,32.79,71.65,52.16,83.65,normal,healthy,synthetic_prototype_dataset
2026-08-02T21:00:00,HV-2026-003,3,33.11,70.62,52.169,85.36,normal,healthy,synthetic_prototype_dataset
2026-08-02T22:00:00,HV-2026-003,3,32.25,73.43,52.203,89.8,normal,healthy,synthetic_prototype_dataset
2026-08-02T23:00:00,HV-2026-003,3,32.71,72.77,52.211,86.39,normal,healthy,synthetic_prototype_dataset
2026-08-03T00:00:00,HV-2026-003,3,33.01,75.16,52.194,75.16,normal,warning,synthetic_prototype_dataset
2026-08-03T01:00:00,HV-2026-003,3,32.91,75.77,52.281,72.68,normal,warning,synthetic_prototype_dataset
2026-08-03T02:00:00,HV-2026-003,3,33.23,71.79,52.343,78.76,normal,healthy,synthetic_prototype_dataset
2026-08-03T03:00:00,HV-2026-003,3,32.3,71.56,52.403,75.93,normal,healthy,synthetic_prototype_dataset
2026-08-03T04:00:00,HV-2026-003,3,33.02,66.29,52.452,76.73,normal,healthy,synthetic_prototype_dataset
2026-08-03T05:00:00,HV-2026-003,3,33.03,66.84,52.482,74.04,normal,healthy,synthetic_prototype_dataset
2026-08-03T06:00:00,HV-2026-003,3,33.78,62.47,52.554,76.06,normal,healthy,synthetic_prototype_dataset
2026-08-03T07:00:00,HV-2026-003,3,33.63,59.38,52.615,79.78,normal,healthy,synthetic_prototype_dataset
2026-08-03T08:00:00,HV-2026-003,3,34.53,63.67,52.675,80.3,normal,healthy,synthetic_prototype_dataset
2026-08-03T09:00:00,HV-2026-003,3,34.59,59.92,52.724,86.25,normal,healthy,synthetic_prototype_dataset
2026-08-03T10:00:00,HV-2026-003,3,34.86,62.21,52.775,84.33,normal,healthy,synthetic_prototype_dataset
2026-08-03T11:00:00,HV-2026-003,3,36.12,61.83,52.874,80.88,normal,warning,synthetic_prototype_dataset
2026-08-03T12:00:00,HV-2026-003,3,36.07,58.47,52.908,77.85,normal,warning,synthetic_prototype_dataset
2026-08-03T13:00:00,HV-2026-003,3,35.19,56.91,52.966,83.04,normal,healthy,synthetic_prototype_dataset
2026-08-03T14:00:00,HV-2026-003,3,35.72,60.55,53.088,84.54,normal,healthy,synthetic_prototype_dataset
2026-08-03T15:00:00,HV-2026-003,3,35.4,57.42,53.136,86.72,normal,healthy,synthetic_prototype_dataset
2026-08-03T16:00:00,HV-2026-003,3,34.23,61.19,53.141,85.11,normal,healthy,synthetic_prototype_dataset
2026-08-03T17:00:00,HV-2026-003,3,33.92,64.02,53.216,90.91,normal,healthy,synthetic_prototype_dataset
2026-08-03T18:00:00,HV-2026-003,3,34.31,62.96,53.231,92.49,normal,healthy,synthetic_prototype_dataset
2026-08-03T19:00:00,HV-2026-003,3,33.6,65.88,53.288,88.02,normal,healthy,synthetic_prototype_dataset
2026-08-03T20:00:00,HV-2026-003,3,32.78,69.99,53.314,87.69,normal,healthy,synthetic_prototype_dataset
2026-08-03T21:00:00,HV-2026-003,3,32.61,68.64,53.325,92.78,normal,healthy,synthetic_prototype_dataset
2026-08-03T22:00:00,HV-2026-003,3,32.77,73.41,53.368,85.98,normal,healthy,synthetic_prototype_dataset
2026-08-03T23:00:00,HV-2026-003,3,31.79,70.71,53.369,84.49,normal,healthy,synthetic_prototype_dataset
2026-08-04T00:00:00,HV-2026-003,3,32.86,87.56,53.472,61.33,high_humidity,critical,synthetic_prototype_dataset
2026-08-04T01:00:00,HV-2026-003,3,33.18,88.44,53.489,65.35,high_humidity,critical,synthetic_prototype_dataset
2026-08-04T02:00:00,HV-2026-003,3,33.15,84.77,53.509,61.8,high_humidity,critical,synthetic_prototype_dataset
2026-08-04T03:00:00,HV-2026-003,3,31.73,83.89,53.509,60.24,high_humidity,critical,synthetic_prototype_dataset
2026-08-04T04:00:00,HV-2026-003,3,33.26,79.7,53.562,65.69,high_humidity,warning,synthetic_prototype_dataset
2026-08-04T05:00:00,HV-2026-003,3,33.2,80.51,53.546,66.63,high_humidity,critical,synthetic_prototype_dataset
2026-08-04T06:00:00,HV-2026-003,3,33.8,79.28,53.588,61.75,high_humidity,warning,synthetic_prototype_dataset
2026-08-04T07:00:00,HV-2026-003,3,33.37,78.72,53.637,63.95,high_humidity,warning,synthetic_prototype_dataset
2026-08-04T08:00:00,HV-2026-003,3,34.55,77.58,53.707,65.65,high_humidity,warning,synthetic_prototype_dataset
2026-08-04T09:00:00,HV-2026-003,3,33.96,71.49,53.73,74.48,high_humidity,healthy,synthetic_prototype_dataset
2026-08-04T10:00:00,HV-2026-003,3,34.51,71.68,53.746,69.14,high_humidity,warning,synthetic_prototype_dataset
2026-08-04T11:00:00,HV-2026-003,3,34.97,69.75,53.824,72.02,high_humidity,healthy,synthetic_prototype_dataset
2026-08-04T12:00:00,HV-2026-003,3,36.13,69.7,53.923,77.85,high_humidity,warning,synthetic_prototype_dataset
2026-08-04T13:00:00,HV-2026-003,3,34.79,71.34,53.933,71.92,high_humidity,healthy,synthetic_prototype_dataset
2026-08-04T14:00:00,HV-2026-003,3,34.84,72.79,53.92,84.15,high_humidity,healthy,synthetic_prototype_dataset
2026-08-04T15:00:00,HV-2026-003,3,34.52,73.98,53.938,76.0,high_humidity,healthy,synthetic_prototype_dataset
2026-08-04T16:00:00,HV-2026-003,3,34.2,75.31,53.975,80.34,high_humidity,warning,synthetic_prototype_dataset
2026-08-04T17:00:00,HV-2026-003,3,34.15,78.27,54.009,78.69,high_humidity,warning,synthetic_prototype_dataset
2026-08-04T18:00:00,HV-2026-003,3,33.61,80.62,54.05,77.45,high_humidity,critical,synthetic_prototype_dataset
2026-08-04T19:00:00,HV-2026-003,3,33.29,80.43,54.076,77.68,high_humidity,critical,synthetic_prototype_dataset
2026-08-04T20:00:00,HV-2026-003,3,32.81,83.69,54.13,83.77,high_humidity,critical,synthetic_prototype_dataset
2026-08-04T21:00:00,HV-2026-003,3,32.52,84.96,54.088,79.84,high_humidity,critical,synthetic_prototype_dataset
2026-08-04T22:00:00,HV-2026-003,3,31.93,83.1,54.125,73.95,high_humidity,critical,synthetic_prototype_dataset
2026-08-04T23:00:00,HV-2026-003,3,32.12,84.7,54.175,71.84,high_humidity,critical,synthetic_prototype_dataset
2026-08-05T00:00:00,HV-2026-003,3,32.33,85.32,54.229,66.97,high_humidity,critical,synthetic_prototype_dataset
2026-08-05T01:00:00,HV-2026-003,3,31.57,87.64,54.233,64.83,high_humidity,critical,synthetic_prototype_dataset
2026-08-05T02:00:00,HV-2026-003,3,32.1,85.73,54.347,64.45,high_humidity,critical,synthetic_prototype_dataset
2026-08-05T03:00:00,HV-2026-003,3,32.52,83.53,54.321,69.07,high_humidity,critical,synthetic_prototype_dataset
2026-08-05T04:00:00,HV-2026-003,3,33.14,80.61,54.31,64.05,high_humidity,critical,synthetic_prototype_dataset
2026-08-05T05:00:00,HV-2026-003,3,33.73,78.74,54.374,63.68,high_humidity,warning,synthetic_prototype_dataset
2026-08-05T06:00:00,HV-2026-003,3,33.23,78.16,54.46,59.14,high_humidity,warning,synthetic_prototype_dataset
2026-08-05T07:00:00,HV-2026-003,3,33.66,78.9,54.493,63.06,high_humidity,warning,synthetic_prototype_dataset
2026-08-05T08:00:00,HV-2026-003,3,34.73,77.32,54.534,65.48,high_humidity,warning,synthetic_prototype_dataset
2026-08-05T09:00:00,HV-2026-003,3,34.36,74.56,54.522,74.0,high_humidity,healthy,synthetic_prototype_dataset
2026-08-05T10:00:00,HV-2026-003,3,35.54,72.51,54.572,75.15,high_humidity,healthy,synthetic_prototype_dataset
2026-08-05T11:00:00,HV-2026-003,3,35.79,75.04,54.552,71.42,high_humidity,warning,synthetic_prototype_dataset
2026-08-05T12:00:00,HV-2026-003,3,35.18,71.11,54.657,79.6,high_humidity,healthy,synthetic_prototype_dataset
2026-08-05T13:00:00,HV-2026-003,3,34.54,71.95,54.674,74.42,high_humidity,healthy,synthetic_prototype_dataset
2026-08-05T14:00:00,HV-2026-003,3,34.67,74.66,54.685,66.97,high_humidity,warning,synthetic_prototype_dataset
2026-08-05T15:00:00,HV-2026-003,3,33.85,72.2,54.703,77.59,high_humidity,healthy,synthetic_prototype_dataset
2026-08-05T16:00:00,HV-2026-003,3,33.81,73.32,54.708,73.62,high_humidity,healthy,synthetic_prototype_dataset
2026-08-05T17:00:00,HV-2026-003,3,33.74,76.11,54.766,74.42,high_humidity,warning,synthetic_prototype_dataset
2026-08-05T18:00:00,HV-2026-003,3,33.49,78.02,54.824,77.46,high_humidity,warning,synthetic_prototype_dataset
2026-08-05T19:00:00,HV-2026-003,3,33.79,78.74,54.847,75.86,high_humidity,warning,synthetic_prototype_dataset
2026-08-05T20:00:00,HV-2026-003,3,32.45,82.38,54.933,74.54,high_humidity,critical,synthetic_prototype_dataset
2026-08-05T21:00:00,HV-2026-003,3,32.67,81.59,54.907,74.18,high_humidity,critical,synthetic_prototype_dataset
2026-08-05T22:00:00,HV-2026-003,3,32.32,84.33,54.924,70.36,high_humidity,critical,synthetic_prototype_dataset
2026-08-05T23:00:00,HV-2026-003,3,32.11,86.66,54.901,73.86,high_humidity,critical,synthetic_prototype_dataset
2026-08-06T00:00:00,HV-2026-003,3,32.42,84.77,54.938,58.68,high_humidity,critical,synthetic_prototype_dataset
2026-08-06T01:00:00,HV-2026-003,3,32.73,86.6,54.965,67.94,high_humidity,critical,synthetic_prototype_dataset
2026-08-06T02:00:00,HV-2026-003,3,32.31,84.13,55.038,70.44,high_humidity,critical,synthetic_prototype_dataset
2026-08-06T03:00:00,HV-2026-003,3,32.36,83.92,55.1,63.73,high_humidity,critical,synthetic_prototype_dataset
2026-08-06T04:00:00,HV-2026-003,3,33.21,84.08,55.105,65.47,high_humidity,critical,synthetic_prototype_dataset
2026-08-06T05:00:00,HV-2026-003,3,33.25,78.8,55.096,61.72,high_humidity,warning,synthetic_prototype_dataset
2026-08-06T06:00:00,HV-2026-003,3,34.01,80.91,55.147,65.54,high_humidity,critical,synthetic_prototype_dataset
2026-08-06T07:00:00,HV-2026-003,3,34.11,77.86,55.186,67.49,high_humidity,warning,synthetic_prototype_dataset
2026-08-06T08:00:00,HV-2026-003,3,33.61,74.25,55.18,71.5,high_humidity,healthy,synthetic_prototype_dataset
2026-08-06T09:00:00,HV-2026-003,3,35.25,70.32,55.269,69.66,high_humidity,warning,synthetic_prototype_dataset
2026-08-06T10:00:00,HV-2026-003,3,35.17,74.03,55.357,71.73,high_humidity,healthy,synthetic_prototype_dataset
2026-08-06T11:00:00,HV-2026-003,3,34.23,72.22,55.415,71.77,high_humidity,healthy,synthetic_prototype_dataset
2026-08-06T12:00:00,HV-2026-003,3,35.18,72.06,55.437,70.1,high_humidity,healthy,synthetic_prototype_dataset
2026-08-06T13:00:00,HV-2026-003,3,34.67,72.78,55.411,72.38,high_humidity,healthy,synthetic_prototype_dataset
2026-08-06T14:00:00,HV-2026-003,3,33.82,72.0,55.496,71.97,high_humidity,healthy,synthetic_prototype_dataset
2026-08-06T15:00:00,HV-2026-003,3,34.82,79.35,55.587,77.4,high_humidity,warning,synthetic_prototype_dataset
2026-08-06T16:00:00,HV-2026-003,3,34.62,73.21,55.57,77.62,high_humidity,healthy,synthetic_prototype_dataset
2026-08-06T17:00:00,HV-2026-003,3,34.1,79.33,55.584,78.56,high_humidity,warning,synthetic_prototype_dataset
2026-08-06T18:00:00,HV-2026-003,3,33.66,78.94,55.611,75.01,high_humidity,warning,synthetic_prototype_dataset
2026-08-06T19:00:00,HV-2026-003,3,33.38,81.34,55.62,80.21,high_humidity,critical,synthetic_prototype_dataset
2026-08-06T20:00:00,HV-2026-003,3,33.4,83.89,55.609,77.87,high_humidity,critical,synthetic_prototype_dataset
2026-08-06T21:00:00,HV-2026-003,3,32.26,84.3,55.602,81.4,high_humidity,critical,synthetic_prototype_dataset
2026-08-06T22:00:00,HV-2026-003,3,32.82,87.31,55.664,75.18,high_humidity,critical,synthetic_prototype_dataset
2026-08-06T23:00:00,HV-2026-003,3,32.14,89.07,55.683,69.62,high_humidity,critical,synthetic_prototype_dataset
2026-08-07T00:00:00,HV-2026-003,3,32.68,73.6,55.761,76.85,normal,healthy,synthetic_prototype_dataset
2026-08-07T01:00:00,HV-2026-003,3,32.27,75.85,55.732,73.36,normal,warning,synthetic_prototype_dataset
2026-08-07T02:00:00,HV-2026-003,3,32.01,68.45,55.788,74.05,normal,healthy,synthetic_prototype_dataset
2026-08-07T03:00:00,HV-2026-003,3,33.02,71.99,55.834,74.41,normal,healthy,synthetic_prototype_dataset
2026-08-07T04:00:00,HV-2026-003,3,32.54,70.0,55.891,75.82,normal,healthy,synthetic_prototype_dataset
2026-08-07T05:00:00,HV-2026-003,3,32.88,65.99,55.923,74.06,normal,healthy,synthetic_prototype_dataset
2026-08-07T06:00:00,HV-2026-003,3,33.5,65.91,55.933,77.03,normal,healthy,synthetic_prototype_dataset
2026-08-07T07:00:00,HV-2026-003,3,34.12,68.06,55.984,83.41,normal,healthy,synthetic_prototype_dataset
2026-08-07T08:00:00,HV-2026-003,3,33.81,59.96,56.013,82.63,normal,healthy,synthetic_prototype_dataset
2026-08-07T09:00:00,HV-2026-003,3,34.77,63.57,55.959,85.74,normal,healthy,synthetic_prototype_dataset
2026-08-07T10:00:00,HV-2026-003,3,34.81,57.5,56.022,83.59,normal,healthy,synthetic_prototype_dataset
2026-08-07T11:00:00,HV-2026-003,3,34.96,61.38,56.077,79.37,normal,healthy,synthetic_prototype_dataset
2026-08-07T12:00:00,HV-2026-003,3,34.77,56.43,56.142,90.79,normal,healthy,synthetic_prototype_dataset
2026-08-07T13:00:00,HV-2026-003,3,34.23,58.37,56.155,85.52,normal,healthy,synthetic_prototype_dataset
2026-08-07T14:00:00,HV-2026-003,3,34.84,59.48,56.22,91.85,normal,healthy,synthetic_prototype_dataset
2026-08-07T15:00:00,HV-2026-003,3,34.95,59.38,56.309,94.07,normal,healthy,synthetic_prototype_dataset
2026-08-07T16:00:00,HV-2026-003,3,34.88,62.55,56.32,86.08,normal,healthy,synthetic_prototype_dataset
2026-08-07T17:00:00,HV-2026-003,3,33.37,64.55,56.384,94.45,normal,healthy,synthetic_prototype_dataset
2026-08-07T18:00:00,HV-2026-003,3,33.31,66.27,56.41,87.78,normal,healthy,synthetic_prototype_dataset
2026-08-07T19:00:00,HV-2026-003,3,33.53,68.8,56.44,91.13,normal,healthy,synthetic_prototype_dataset
2026-08-07T20:00:00,HV-2026-003,3,33.16,70.93,56.436,92.66,normal,healthy,synthetic_prototype_dataset
2026-08-07T21:00:00,HV-2026-003,3,32.73,70.51,56.469,90.14,normal,healthy,synthetic_prototype_dataset
2026-08-07T22:00:00,HV-2026-003,3,32.89,70.52,56.54,88.21,normal,healthy,synthetic_prototype_dataset
2026-08-07T23:00:00,HV-2026-003,3,32.05,72.13,56.53,81.01,normal,healthy,synthetic_prototype_dataset
2026-08-08T00:00:00,HV-2026-003,3,32.48,77.05,56.498,71.24,normal,warning,synthetic_prototype_dataset
2026-08-08T01:00:00,HV-2026-003,3,32.56,73.17,56.553,75.64,normal,healthy,synthetic_prototype_dataset
2026-08-08T02:00:00,HV-2026-003,3,32.09,72.14,56.494,72.0,normal,healthy,synthetic_prototype_dataset
2026-08-08T03:00:00,HV-2026-003,3,32.99,73.58,56.569,77.54,normal,healthy,synthetic_prototype_dataset
2026-08-08T04:00:00,HV-2026-003,3,31.81,68.84,56.64,81.68,normal,healthy,synthetic_prototype_dataset
2026-08-08T05:00:00,HV-2026-003,3,33.76,67.87,56.619,75.86,normal,healthy,synthetic_prototype_dataset
2026-08-08T06:00:00,HV-2026-003,3,33.49,69.3,56.652,76.06,normal,healthy,synthetic_prototype_dataset
2026-08-08T07:00:00,HV-2026-003,3,33.85,65.39,56.699,75.29,normal,healthy,synthetic_prototype_dataset
2026-08-08T08:00:00,HV-2026-003,3,33.65,65.45,56.671,85.36,normal,healthy,synthetic_prototype_dataset
2026-08-08T09:00:00,HV-2026-003,3,33.54,60.48,56.739,81.36,normal,healthy,synthetic_prototype_dataset
2026-08-08T10:00:00,HV-2026-003,3,34.01,61.19,56.779,82.24,normal,healthy,synthetic_prototype_dataset
2026-08-08T11:00:00,HV-2026-003,3,34.45,59.66,56.8,93.04,normal,healthy,synthetic_prototype_dataset
2026-08-08T12:00:00,HV-2026-003,3,34.67,58.81,56.823,92.12,normal,healthy,synthetic_prototype_dataset
2026-08-08T13:00:00,HV-2026-003,3,34.0,60.37,56.858,82.13,normal,healthy,synthetic_prototype_dataset
2026-08-08T14:00:00,HV-2026-003,3,34.24,60.99,56.87,89.03,normal,healthy,synthetic_prototype_dataset
2026-08-08T15:00:00,HV-2026-003,3,35.18,61.84,56.859,85.97,normal,healthy,synthetic_prototype_dataset
2026-08-08T16:00:00,HV-2026-003,3,34.0,62.35,56.903,90.62,normal,healthy,synthetic_prototype_dataset
2026-08-08T17:00:00,HV-2026-003,3,34.6,64.67,56.896,93.92,normal,healthy,synthetic_prototype_dataset
2026-08-08T18:00:00,HV-2026-003,3,34.05,66.9,56.917,92.18,normal,healthy,synthetic_prototype_dataset
2026-08-08T19:00:00,HV-2026-003,3,33.05,64.6,56.962,93.0,normal,healthy,synthetic_prototype_dataset
2026-08-08T20:00:00,HV-2026-003,3,33.48,68.67,56.995,90.39,normal,healthy,synthetic_prototype_dataset
2026-08-08T21:00:00,HV-2026-003,3,32.6,71.64,57.021,89.68,normal,healthy,synthetic_prototype_dataset
2026-08-08T22:00:00,HV-2026-003,3,32.69,74.74,57.02,87.52,normal,healthy,synthetic_prototype_dataset
2026-08-08T23:00:00,HV-2026-003,3,32.03,72.23,56.988,87.19,normal,healthy,synthetic_prototype_dataset
2026-08-09T00:00:00,HV-2026-003,3,32.35,73.34,57.013,77.46,normal,healthy,synthetic_prototype_dataset
2026-08-09T01:00:00,HV-2026-003,3,32.81,72.62,56.997,75.68,normal,healthy,synthetic_prototype_dataset
2026-08-09T02:00:00,HV-2026-003,3,33.16,70.59,57.045,80.05,normal,healthy,synthetic_prototype_dataset
2026-08-09T03:00:00,HV-2026-003,3,31.45,72.31,57.091,75.06,normal,healthy,synthetic_prototype_dataset
2026-08-09T04:00:00,HV-2026-003,3,32.49,69.05,57.104,74.94,normal,healthy,synthetic_prototype_dataset
2026-08-09T05:00:00,HV-2026-003,3,32.88,67.81,57.171,71.75,normal,healthy,synthetic_prototype_dataset
2026-08-09T06:00:00,HV-2026-003,3,32.65,68.79,57.189,74.64,normal,healthy,synthetic_prototype_dataset
2026-08-09T07:00:00,HV-2026-003,3,33.72,65.18,57.196,79.6,normal,healthy,synthetic_prototype_dataset
2026-08-09T08:00:00,HV-2026-003,3,33.65,62.57,57.148,83.73,normal,healthy,synthetic_prototype_dataset
2026-08-09T09:00:00,HV-2026-003,3,34.27,62.87,57.199,83.28,normal,healthy,synthetic_prototype_dataset
2026-08-09T10:00:00,HV-2026-003,3,34.56,61.25,57.203,78.9,normal,healthy,synthetic_prototype_dataset
2026-08-09T11:00:00,HV-2026-003,3,34.64,58.63,57.293,85.84,normal,healthy,synthetic_prototype_dataset
2026-08-09T12:00:00,HV-2026-003,3,34.41,59.13,57.34,85.66,normal,healthy,synthetic_prototype_dataset
2026-08-09T13:00:00,HV-2026-003,3,34.81,59.98,57.335,79.58,normal,healthy,synthetic_prototype_dataset
2026-08-09T14:00:00,HV-2026-003,3,34.39,61.56,57.364,92.45,normal,healthy,synthetic_prototype_dataset
2026-08-09T15:00:00,HV-2026-003,3,34.33,64.11,57.445,92.61,normal,healthy,synthetic_prototype_dataset
2026-08-09T16:00:00,HV-2026-003,3,33.54,63.15,57.526,90.48,normal,healthy,synthetic_prototype_dataset
2026-08-09T17:00:00,HV-2026-003,3,34.02,62.31,57.627,87.11,normal,healthy,synthetic_prototype_dataset
2026-08-09T18:00:00,HV-2026-003,3,32.54,65.99,57.571,86.2,normal,healthy,synthetic_prototype_dataset
2026-08-09T19:00:00,HV-2026-003,3,34.25,67.75,57.546,89.97,normal,healthy,synthetic_prototype_dataset
2026-08-09T20:00:00,HV-2026-003,3,32.38,71.67,57.54,90.47,normal,healthy,synthetic_prototype_dataset
2026-08-09T21:00:00,HV-2026-003,3,32.0,76.25,57.582,87.55,normal,warning,synthetic_prototype_dataset
2026-08-09T22:00:00,HV-2026-003,3,32.18,71.68,57.581,85.36,normal,healthy,synthetic_prototype_dataset
2026-08-09T23:00:00,HV-2026-003,3,32.93,72.38,57.531,83.03,normal,healthy,synthetic_prototype_dataset
2026-08-10T00:00:00,HV-2026-003,3,32.51,73.28,57.552,80.09,normal,healthy,synthetic_prototype_dataset
2026-08-10T01:00:00,HV-2026-003,3,31.79,74.63,57.553,78.02,normal,healthy,synthetic_prototype_dataset
2026-08-10T02:00:00,HV-2026-003,3,32.09,72.36,57.607,78.62,normal,healthy,synthetic_prototype_dataset
2026-08-10T03:00:00,HV-2026-003,3,32.4,70.83,57.688,78.06,normal,healthy,synthetic_prototype_dataset
2026-08-10T04:00:00,HV-2026-003,3,32.57,69.06,57.749,76.4,normal,healthy,synthetic_prototype_dataset
2026-08-10T05:00:00,HV-2026-003,3,32.98,68.75,57.786,75.8,normal,healthy,synthetic_prototype_dataset
2026-08-10T06:00:00,HV-2026-003,3,33.94,69.0,57.829,80.81,normal,healthy,synthetic_prototype_dataset
2026-08-10T07:00:00,HV-2026-003,3,33.73,66.16,57.889,81.39,normal,healthy,synthetic_prototype_dataset
2026-08-10T08:00:00,HV-2026-003,3,34.46,64.37,57.987,77.73,normal,healthy,synthetic_prototype_dataset
2026-08-10T09:00:00,HV-2026-003,3,34.24,61.4,58.009,74.4,normal,healthy,synthetic_prototype_dataset
2026-08-10T10:00:00,HV-2026-003,3,35.14,58.82,58.052,78.02,normal,healthy,synthetic_prototype_dataset
2026-08-10T11:00:00,HV-2026-003,3,34.93,58.56,58.053,85.2,normal,healthy,synthetic_prototype_dataset
2026-08-10T12:00:00,HV-2026-003,3,34.38,58.7,58.101,88.7,normal,healthy,synthetic_prototype_dataset
2026-08-10T13:00:00,HV-2026-003,3,34.28,58.19,58.145,88.99,normal,healthy,synthetic_prototype_dataset
2026-08-10T14:00:00,HV-2026-003,3,35.18,58.74,58.177,92.24,normal,healthy,synthetic_prototype_dataset
2026-08-10T15:00:00,HV-2026-003,3,35.2,59.99,58.191,90.27,normal,healthy,synthetic_prototype_dataset
2026-08-10T16:00:00,HV-2026-003,3,33.78,61.87,58.238,94.95,normal,healthy,synthetic_prototype_dataset
2026-08-10T17:00:00,HV-2026-003,3,33.14,67.62,58.251,91.09,normal,healthy,synthetic_prototype_dataset
2026-08-10T18:00:00,HV-2026-003,3,34.11,67.32,58.271,92.51,normal,healthy,synthetic_prototype_dataset
2026-08-10T19:00:00,HV-2026-003,3,32.98,69.48,58.289,92.89,normal,healthy,synthetic_prototype_dataset
2026-08-10T20:00:00,HV-2026-003,3,32.12,68.41,58.264,89.33,normal,healthy,synthetic_prototype_dataset
2026-08-10T21:00:00,HV-2026-003,3,31.79,70.44,58.25,94.11,normal,healthy,synthetic_prototype_dataset
2026-08-10T22:00:00,HV-2026-003,3,31.82,70.48,58.284,94.03,normal,healthy,synthetic_prototype_dataset
2026-08-10T23:00:00,HV-2026-003,3,32.09,73.42,58.354,90.18,normal,healthy,synthetic_prototype_dataset
2026-08-11T00:00:00,HV-2026-003,3,32.25,72.78,58.395,71.24,normal,healthy,synthetic_prototype_dataset
2026-08-11T01:00:00,HV-2026-003,3,31.82,76.17,58.466,76.72,normal,warning,synthetic_prototype_dataset
2026-08-11T02:00:00,HV-2026-003,3,31.37,70.71,58.467,75.4,normal,healthy,synthetic_prototype_dataset
2026-08-11T03:00:00,HV-2026-003,3,31.88,71.33,58.554,77.4,normal,healthy,synthetic_prototype_dataset
2026-08-11T04:00:00,HV-2026-003,3,32.81,68.5,58.522,71.7,normal,healthy,synthetic_prototype_dataset
2026-08-11T05:00:00,HV-2026-003,3,32.27,68.77,58.56,72.62,normal,healthy,synthetic_prototype_dataset
2026-08-11T06:00:00,HV-2026-003,3,33.43,69.47,58.654,78.7,normal,healthy,synthetic_prototype_dataset
2026-08-11T07:00:00,HV-2026-003,3,33.62,66.34,58.726,70.8,normal,healthy,synthetic_prototype_dataset
2026-08-11T08:00:00,HV-2026-003,3,34.68,62.35,58.737,78.38,normal,healthy,synthetic_prototype_dataset
2026-08-11T09:00:00,HV-2026-003,3,34.42,59.88,58.761,83.2,normal,healthy,synthetic_prototype_dataset
2026-08-11T10:00:00,HV-2026-003,3,34.58,61.45,58.787,85.43,normal,healthy,synthetic_prototype_dataset
2026-08-11T11:00:00,HV-2026-003,3,35.09,61.86,58.843,87.81,normal,healthy,synthetic_prototype_dataset
2026-08-11T12:00:00,HV-2026-003,3,35.05,64.64,58.928,85.59,normal,healthy,synthetic_prototype_dataset
2026-08-11T13:00:00,HV-2026-003,3,34.21,59.6,58.959,88.9,normal,healthy,synthetic_prototype_dataset
2026-08-11T14:00:00,HV-2026-003,3,34.17,62.91,58.953,82.41,normal,healthy,synthetic_prototype_dataset
2026-08-11T15:00:00,HV-2026-003,3,34.22,60.36,58.949,86.7,normal,healthy,synthetic_prototype_dataset
2026-08-11T16:00:00,HV-2026-003,3,33.67,63.35,58.965,87.64,normal,healthy,synthetic_prototype_dataset
2026-08-11T17:00:00,HV-2026-003,3,33.69,66.84,59.051,90.4,normal,healthy,synthetic_prototype_dataset
2026-08-11T18:00:00,HV-2026-003,3,33.46,66.5,59.097,91.37,normal,healthy,synthetic_prototype_dataset
2026-08-11T19:00:00,HV-2026-003,3,33.62,65.24,59.114,91.07,normal,healthy,synthetic_prototype_dataset
2026-08-11T20:00:00,HV-2026-003,3,32.7,68.64,59.094,92.35,normal,healthy,synthetic_prototype_dataset
2026-08-11T21:00:00,HV-2026-003,3,32.1,68.62,59.149,90.54,normal,healthy,synthetic_prototype_dataset
2026-08-11T22:00:00,HV-2026-003,3,32.18,71.24,59.17,92.38,normal,healthy,synthetic_prototype_dataset
2026-08-11T23:00:00,HV-2026-003,3,31.38,70.77,59.173,87.01,normal,healthy,synthetic_prototype_dataset
2026-08-12T00:00:00,HV-2026-003,3,31.81,75.06,59.236,76.93,normal,warning,synthetic_prototype_dataset
2026-08-12T01:00:00,HV-2026-003,3,32.33,74.15,59.261,71.47,normal,healthy,synthetic_prototype_dataset
2026-08-12T02:00:00,HV-2026-003,3,31.75,70.53,59.281,76.81,normal,healthy,synthetic_prototype_dataset
2026-08-12T03:00:00,HV-2026-003,3,31.76,71.98,59.275,72.26,normal,healthy,synthetic_prototype_dataset
2026-08-12T04:00:00,HV-2026-003,3,32.4,68.39,59.322,75.41,normal,healthy,synthetic_prototype_dataset
2026-08-12T05:00:00,HV-2026-003,3,33.36,67.92,59.332,82.56,normal,healthy,synthetic_prototype_dataset
2026-08-12T06:00:00,HV-2026-003,3,32.6,69.21,59.415,78.68,normal,healthy,synthetic_prototype_dataset
2026-08-12T07:00:00,HV-2026-003,3,33.52,67.66,59.429,75.36,normal,healthy,synthetic_prototype_dataset
2026-08-12T08:00:00,HV-2026-003,3,33.81,62.38,59.426,83.51,normal,healthy,synthetic_prototype_dataset
2026-08-12T09:00:00,HV-2026-003,3,33.91,61.9,59.409,81.47,normal,healthy,synthetic_prototype_dataset
2026-08-12T10:00:00,HV-2026-003,3,33.94,58.72,59.443,86.7,normal,healthy,synthetic_prototype_dataset
2026-08-12T11:00:00,HV-2026-003,3,34.79,61.06,59.479,83.35,normal,healthy,synthetic_prototype_dataset
2026-08-12T12:00:00,HV-2026-003,3,34.99,58.89,59.551,90.23,normal,healthy,synthetic_prototype_dataset
2026-08-12T13:00:00,HV-2026-003,3,34.21,58.89,59.575,81.97,normal,healthy,synthetic_prototype_dataset
2026-08-12T14:00:00,HV-2026-003,3,34.25,63.18,59.58,92.76,normal,healthy,synthetic_prototype_dataset
2026-08-12T15:00:00,HV-2026-003,3,34.06,65.76,59.597,88.43,normal,healthy,synthetic_prototype_dataset
2026-08-12T16:00:00,HV-2026-003,3,33.57,62.16,59.682,91.18,normal,healthy,synthetic_prototype_dataset
2026-08-12T17:00:00,HV-2026-003,3,34.13,62.72,59.739,86.48,normal,healthy,synthetic_prototype_dataset
2026-08-12T18:00:00,HV-2026-003,3,32.73,67.33,59.776,90.19,normal,healthy,synthetic_prototype_dataset
2026-08-12T19:00:00,HV-2026-003,3,33.32,70.29,59.853,85.71,normal,healthy,synthetic_prototype_dataset
2026-08-12T20:00:00,HV-2026-003,3,33.36,73.79,59.865,83.68,normal,healthy,synthetic_prototype_dataset
2026-08-12T21:00:00,HV-2026-003,3,31.79,71.02,59.96,88.99,normal,healthy,synthetic_prototype_dataset
2026-08-12T22:00:00,HV-2026-003,3,31.93,71.73,59.939,91.19,normal,healthy,synthetic_prototype_dataset
2026-08-12T23:00:00,HV-2026-003,3,32.04,77.44,59.986,88.3,normal,warning,synthetic_prototype_dataset
2026-08-13T00:00:00,HV-2026-003,3,31.91,71.99,59.98,71.21,normal,healthy,synthetic_prototype_dataset
2026-08-13T01:00:00,HV-2026-003,3,32.47,73.02,60.039,76.48,normal,healthy,synthetic_prototype_dataset
2026-08-13T02:00:00,HV-2026-003,3,32.06,70.91,60.074,75.23,normal,healthy,synthetic_prototype_dataset
2026-08-13T03:00:00,HV-2026-003,3,32.8,70.62,60.121,81.74,normal,healthy,synthetic_prototype_dataset
2026-08-13T04:00:00,HV-2026-003,3,32.79,71.87,60.166,82.64,normal,healthy,synthetic_prototype_dataset
2026-08-13T05:00:00,HV-2026-003,3,33.15,70.03,60.19,73.29,normal,healthy,synthetic_prototype_dataset
2026-08-13T06:00:00,HV-2026-003,3,32.77,69.24,60.179,78.61,normal,healthy,synthetic_prototype_dataset
2026-08-13T07:00:00,HV-2026-003,3,33.84,66.8,60.186,75.06,normal,healthy,synthetic_prototype_dataset
2026-08-13T08:00:00,HV-2026-003,3,34.14,62.93,60.173,86.41,normal,healthy,synthetic_prototype_dataset
2026-08-13T09:00:00,HV-2026-003,3,33.88,60.22,60.198,85.74,normal,healthy,synthetic_prototype_dataset
2026-08-13T10:00:00,HV-2026-003,3,33.47,63.0,60.204,83.93,normal,healthy,synthetic_prototype_dataset
2026-08-13T11:00:00,HV-2026-003,3,34.27,63.78,60.249,82.04,normal,healthy,synthetic_prototype_dataset
2026-08-13T12:00:00,HV-2026-003,3,34.48,60.12,60.298,87.44,normal,healthy,synthetic_prototype_dataset
2026-08-13T13:00:00,HV-2026-003,3,34.57,57.72,60.329,89.23,normal,healthy,synthetic_prototype_dataset
2026-08-13T14:00:00,HV-2026-003,3,34.14,62.11,60.372,87.36,normal,healthy,synthetic_prototype_dataset
2026-08-13T15:00:00,HV-2026-003,3,34.77,58.88,60.389,93.25,normal,healthy,synthetic_prototype_dataset
2026-08-13T16:00:00,HV-2026-003,3,34.79,67.57,60.429,91.13,normal,healthy,synthetic_prototype_dataset
2026-08-13T17:00:00,HV-2026-003,3,34.02,67.44,60.474,93.12,normal,healthy,synthetic_prototype_dataset
2026-08-13T18:00:00,HV-2026-003,3,33.52,67.9,60.471,88.85,normal,healthy,synthetic_prototype_dataset
2026-08-13T19:00:00,HV-2026-003,3,32.74,66.63,60.438,88.4,normal,healthy,synthetic_prototype_dataset
2026-08-13T20:00:00,HV-2026-003,3,32.55,70.65,60.483,90.18,normal,healthy,synthetic_prototype_dataset
2026-08-13T21:00:00,HV-2026-003,3,32.28,70.26,60.539,88.58,normal,healthy,synthetic_prototype_dataset
2026-08-13T22:00:00,HV-2026-003,3,31.99,72.68,60.538,86.27,normal,healthy,synthetic_prototype_dataset
2026-08-13T23:00:00,HV-2026-003,3,31.81,73.2,60.586,88.53,normal,healthy,synthetic_prototype_dataset
2026-08-14T00:00:00,HV-2026-003,3,32.7,76.17,60.679,77.14,normal,warning,synthetic_prototype_dataset
2026-08-14T01:00:00,HV-2026-003,3,32.29,72.87,60.733,73.7,normal,healthy,synthetic_prototype_dataset
2026-08-14T02:00:00,HV-2026-003,3,31.52,75.8,60.715,76.98,normal,warning,synthetic_prototype_dataset
2026-08-14T03:00:00,HV-2026-003,3,31.99,73.97,60.784,77.85,normal,healthy,synthetic_prototype_dataset
2026-08-14T04:00:00,HV-2026-003,3,33.21,70.5,60.887,78.61,normal,healthy,synthetic_prototype_dataset
2026-08-14T05:00:00,HV-2026-003,3,32.56,68.93,60.907,75.12,normal,healthy,synthetic_prototype_dataset
2026-08-14T06:00:00,HV-2026-003,3,32.56,67.69,60.883,67.16,normal,warning,synthetic_prototype_dataset
2026-08-14T07:00:00,HV-2026-003,3,33.49,63.82,60.878,66.97,normal,warning,synthetic_prototype_dataset
2026-08-14T08:00:00,HV-2026-003,3,33.57,63.18,60.885,80.98,normal,healthy,synthetic_prototype_dataset
2026-08-14T09:00:00,HV-2026-003,3,34.85,62.97,60.955,85.24,normal,healthy,synthetic_prototype_dataset
2026-08-14T10:00:00,HV-2026-003,3,33.97,61.72,61.028,81.47,normal,healthy,synthetic_prototype_dataset
2026-08-14T11:00:00,HV-2026-003,3,34.2,61.18,61.017,80.71,normal,healthy,synthetic_prototype_dataset
2026-08-14T12:00:00,HV-2026-003,3,34.3,60.8,61.067,89.51,normal,healthy,synthetic_prototype_dataset
2026-08-14T13:00:00,HV-2026-003,3,34.14,58.47,61.128,84.31,normal,healthy,synthetic_prototype_dataset
2026-08-14T14:00:00,HV-2026-003,3,34.16,57.58,61.181,93.52,normal,healthy,synthetic_prototype_dataset
2026-08-14T15:00:00,HV-2026-003,3,33.76,63.88,61.219,82.76,normal,healthy,synthetic_prototype_dataset
2026-08-14T16:00:00,HV-2026-003,3,33.55,61.77,61.246,90.99,normal,healthy,synthetic_prototype_dataset
2026-08-14T17:00:00,HV-2026-003,3,34.47,62.6,61.263,86.74,normal,healthy,synthetic_prototype_dataset
2026-08-14T18:00:00,HV-2026-003,3,32.73,67.16,61.293,83.65,normal,healthy,synthetic_prototype_dataset
2026-08-14T19:00:00,HV-2026-003,3,32.98,66.63,61.318,94.32,normal,healthy,synthetic_prototype_dataset
2026-08-14T20:00:00,HV-2026-003,3,32.86,70.81,61.324,89.76,normal,healthy,synthetic_prototype_dataset
2026-08-14T21:00:00,HV-2026-003,3,32.64,72.77,61.346,89.7,normal,healthy,synthetic_prototype_dataset
2026-08-14T22:00:00,HV-2026-003,3,31.59,71.73,61.396,91.07,normal,healthy,synthetic_prototype_dataset
2026-08-14T23:00:00,HV-2026-003,3,32.09,76.41,61.439,85.3,normal,warning,synthetic_prototype_dataset
2026-08-15T00:00:00,HV-2026-003,3,31.45,76.59,61.49,81.18,normal,warning,synthetic_prototype_dataset
2026-08-15T01:00:00,HV-2026-003,3,33.02,71.44,61.471,65.98,normal,warning,synthetic_prototype_dataset
2026-08-15T02:00:00,HV-2026-003,3,32.59,74.24,61.499,71.71,normal,healthy,synthetic_prototype_dataset
2026-08-15T03:00:00,HV-2026-003,3,32.34,72.28,61.551,76.96,normal,healthy,synthetic_prototype_dataset
2026-08-15T04:00:00,HV-2026-003,3,32.95,70.28,61.618,78.21,normal,healthy,synthetic_prototype_dataset
2026-08-15T05:00:00,HV-2026-003,3,32.43,71.31,61.686,77.63,normal,healthy,synthetic_prototype_dataset
2026-08-15T06:00:00,HV-2026-003,3,33.43,69.99,61.653,80.34,normal,healthy,synthetic_prototype_dataset
2026-08-15T07:00:00,HV-2026-003,3,33.42,67.16,61.683,73.48,normal,healthy,synthetic_prototype_dataset
2026-08-15T08:00:00,HV-2026-003,3,33.73,65.34,61.705,77.45,normal,healthy,synthetic_prototype_dataset
2026-08-15T09:00:00,HV-2026-003,3,33.94,63.21,61.8,73.86,normal,healthy,synthetic_prototype_dataset
2026-08-15T10:00:00,HV-2026-003,3,35.69,61.3,61.858,81.47,normal,healthy,synthetic_prototype_dataset
2026-08-15T11:00:00,HV-2026-003,3,34.55,60.59,61.862,81.7,normal,healthy,synthetic_prototype_dataset
2026-08-15T12:00:00,HV-2026-003,3,35.13,57.21,61.92,84.6,normal,healthy,synthetic_prototype_dataset
2026-08-15T13:00:00,HV-2026-003,3,34.12,63.79,61.93,83.15,normal,healthy,synthetic_prototype_dataset
2026-08-15T14:00:00,HV-2026-003,3,34.34,59.55,61.972,88.67,normal,healthy,synthetic_prototype_dataset
2026-08-15T15:00:00,HV-2026-003,3,34.32,61.83,61.988,91.19,normal,healthy,synthetic_prototype_dataset
2026-08-15T16:00:00,HV-2026-003,3,33.9,62.61,62.078,89.1,normal,healthy,synthetic_prototype_dataset
2026-08-15T17:00:00,HV-2026-003,3,34.13,67.4,62.157,92.3,normal,healthy,synthetic_prototype_dataset
2026-08-15T18:00:00,HV-2026-003,3,33.3,66.88,62.178,82.42,normal,healthy,synthetic_prototype_dataset
2026-08-15T19:00:00,HV-2026-003,3,33.29,69.25,62.232,89.47,normal,healthy,synthetic_prototype_dataset
2026-08-15T20:00:00,HV-2026-003,3,32.95,68.02,62.216,80.86,normal,healthy,synthetic_prototype_dataset
2026-08-15T21:00:00,HV-2026-003,3,32.32,70.56,62.209,90.11,normal,healthy,synthetic_prototype_dataset
2026-08-15T22:00:00,HV-2026-003,3,31.98,70.48,62.323,87.99,normal,healthy,synthetic_prototype_dataset
2026-08-15T23:00:00,HV-2026-003,3,31.56,72.56,62.342,86.49,normal,healthy,synthetic_prototype_dataset
2026-08-16T00:00:00,HV-2026-003,3,32.59,73.85,62.432,74.49,normal,healthy,synthetic_prototype_dataset
2026-08-16T01:00:00,HV-2026-003,3,32.24,75.59,62.499,80.18,normal,warning,synthetic_prototype_dataset
2026-08-16T02:00:00,HV-2026-003,3,32.06,73.04,62.437,75.31,normal,healthy,synthetic_prototype_dataset
2026-08-16T03:00:00,HV-2026-003,3,32.88,73.55,62.459,81.95,normal,healthy,synthetic_prototype_dataset
2026-08-16T04:00:00,HV-2026-003,3,32.48,69.2,62.468,72.07,normal,healthy,synthetic_prototype_dataset
2026-08-16T05:00:00,HV-2026-003,3,33.25,69.32,62.514,74.55,normal,healthy,synthetic_prototype_dataset
2026-08-16T06:00:00,HV-2026-003,3,33.28,63.07,62.552,76.35,normal,healthy,synthetic_prototype_dataset
2026-08-16T07:00:00,HV-2026-003,3,33.15,64.99,62.568,84.0,normal,healthy,synthetic_prototype_dataset
2026-08-16T08:00:00,HV-2026-003,3,33.48,64.09,62.56,77.67,normal,healthy,synthetic_prototype_dataset
2026-08-16T09:00:00,HV-2026-003,3,34.35,61.66,62.594,82.52,normal,healthy,synthetic_prototype_dataset
2026-08-16T10:00:00,HV-2026-003,3,34.21,62.52,62.621,82.66,normal,healthy,synthetic_prototype_dataset
2026-08-16T11:00:00,HV-2026-003,3,34.72,60.64,62.684,85.63,normal,healthy,synthetic_prototype_dataset
2026-08-16T12:00:00,HV-2026-003,3,34.81,59.4,62.689,80.9,normal,healthy,synthetic_prototype_dataset
2026-08-16T13:00:00,HV-2026-003,3,33.81,63.4,62.654,91.28,normal,healthy,synthetic_prototype_dataset
2026-08-16T14:00:00,HV-2026-003,3,34.06,63.06,62.62,87.3,normal,healthy,synthetic_prototype_dataset
2026-08-16T15:00:00,HV-2026-003,3,34.88,63.32,62.648,82.13,normal,healthy,synthetic_prototype_dataset
2026-08-16T16:00:00,HV-2026-003,3,33.36,65.99,62.674,89.27,normal,healthy,synthetic_prototype_dataset
2026-08-16T17:00:00,HV-2026-003,3,33.77,62.83,62.722,88.41,normal,healthy,synthetic_prototype_dataset
2026-08-16T18:00:00,HV-2026-003,3,33.44,65.95,62.697,88.5,normal,healthy,synthetic_prototype_dataset
2026-08-16T19:00:00,HV-2026-003,3,33.26,69.51,62.723,93.02,normal,healthy,synthetic_prototype_dataset
2026-08-16T20:00:00,HV-2026-003,3,32.56,70.59,62.731,92.87,normal,healthy,synthetic_prototype_dataset
2026-08-16T21:00:00,HV-2026-003,3,32.52,70.94,62.704,92.8,normal,healthy,synthetic_prototype_dataset
2026-08-16T22:00:00,HV-2026-003,3,31.84,73.18,62.811,90.93,normal,healthy,synthetic_prototype_dataset
2026-08-16T23:00:00,HV-2026-003,3,32.77,72.78,62.874,87.2,normal,healthy,synthetic_prototype_dataset
2026-08-17T00:00:00,HV-2026-003,3,32.18,77.59,62.889,74.25,normal,warning,synthetic_prototype_dataset
2026-08-17T01:00:00,HV-2026-003,3,31.65,75.32,62.894,79.36,normal,warning,synthetic_prototype_dataset
2026-08-17T02:00:00,HV-2026-003,3,31.45,74.01,62.897,78.56,normal,healthy,synthetic_prototype_dataset
2026-08-17T03:00:00,HV-2026-003,3,32.39,70.94,62.908,73.02,normal,healthy,synthetic_prototype_dataset
2026-08-17T04:00:00,HV-2026-003,3,33.04,68.57,62.924,77.21,normal,healthy,synthetic_prototype_dataset
2026-08-17T05:00:00,HV-2026-003,3,33.7,68.75,62.94,76.96,normal,healthy,synthetic_prototype_dataset
2026-08-17T06:00:00,HV-2026-003,3,32.38,64.8,62.952,73.5,normal,healthy,synthetic_prototype_dataset
2026-08-17T07:00:00,HV-2026-003,3,32.93,66.69,62.986,78.32,normal,healthy,synthetic_prototype_dataset
2026-08-17T08:00:00,HV-2026-003,3,33.65,63.6,63.034,78.7,normal,healthy,synthetic_prototype_dataset
2026-08-17T09:00:00,HV-2026-003,3,34.43,60.57,63.071,85.36,normal,healthy,synthetic_prototype_dataset
2026-08-17T10:00:00,HV-2026-003,3,35.0,63.28,63.119,83.11,normal,healthy,synthetic_prototype_dataset
2026-08-17T11:00:00,HV-2026-003,3,34.37,56.94,63.113,83.93,normal,healthy,synthetic_prototype_dataset
2026-08-17T12:00:00,HV-2026-003,3,34.57,62.5,63.201,83.5,normal,healthy,synthetic_prototype_dataset
2026-08-17T13:00:00,HV-2026-003,3,34.94,59.34,63.268,89.93,normal,healthy,synthetic_prototype_dataset
2026-08-17T14:00:00,HV-2026-003,3,35.0,60.01,63.346,81.57,normal,healthy,synthetic_prototype_dataset
2026-08-17T15:00:00,HV-2026-003,3,34.82,61.96,63.386,81.8,normal,healthy,synthetic_prototype_dataset
2026-08-17T16:00:00,HV-2026-003,3,33.79,65.9,63.409,92.02,normal,healthy,synthetic_prototype_dataset
2026-08-17T17:00:00,HV-2026-003,3,33.67,67.06,63.45,86.62,normal,healthy,synthetic_prototype_dataset
2026-08-17T18:00:00,HV-2026-003,3,33.34,69.84,63.497,89.59,normal,healthy,synthetic_prototype_dataset
2026-08-17T19:00:00,HV-2026-003,3,33.99,70.85,63.551,90.99,normal,healthy,synthetic_prototype_dataset
2026-08-17T20:00:00,HV-2026-003,3,32.99,71.83,63.499,90.91,normal,healthy,synthetic_prototype_dataset
2026-08-17T21:00:00,HV-2026-003,3,32.32,71.01,63.517,83.49,normal,healthy,synthetic_prototype_dataset
2026-08-17T22:00:00,HV-2026-003,3,31.38,75.26,63.558,79.5,normal,warning,synthetic_prototype_dataset
2026-08-17T23:00:00,HV-2026-003,3,31.8,75.3,63.574,91.25,normal,warning,synthetic_prototype_dataset
2026-08-18T00:00:00,HV-2026-003,3,32.51,71.46,63.594,74.43,normal,healthy,synthetic_prototype_dataset
2026-08-18T01:00:00,HV-2026-003,3,31.45,71.05,63.59,73.76,normal,healthy,synthetic_prototype_dataset
2026-08-18T02:00:00,HV-2026-003,3,32.34,74.84,63.633,78.63,normal,healthy,synthetic_prototype_dataset
2026-08-18T03:00:00,HV-2026-003,3,32.3,72.94,63.653,74.45,normal,healthy,synthetic_prototype_dataset
2026-08-18T04:00:00,HV-2026-003,3,33.54,66.21,63.613,77.34,normal,healthy,synthetic_prototype_dataset
2026-08-18T05:00:00,HV-2026-003,3,32.88,66.13,63.601,72.76,normal,healthy,synthetic_prototype_dataset
2026-08-18T06:00:00,HV-2026-003,3,33.74,69.08,63.683,70.44,normal,healthy,synthetic_prototype_dataset
2026-08-18T07:00:00,HV-2026-003,3,33.06,62.51,63.753,79.29,normal,healthy,synthetic_prototype_dataset
2026-08-18T08:00:00,HV-2026-003,3,34.02,63.82,63.781,75.7,normal,healthy,synthetic_prototype_dataset
2026-08-18T09:00:00,HV-2026-003,3,34.48,61.62,63.773,83.37,normal,healthy,synthetic_prototype_dataset
2026-08-18T10:00:00,HV-2026-003,3,34.27,61.25,63.806,86.12,normal,healthy,synthetic_prototype_dataset
2026-08-18T11:00:00,HV-2026-003,3,34.69,58.55,63.858,85.76,normal,healthy,synthetic_prototype_dataset
2026-08-18T12:00:00,HV-2026-003,3,34.86,61.77,63.879,88.24,normal,healthy,synthetic_prototype_dataset
2026-08-18T13:00:00,HV-2026-003,3,33.81,59.92,63.912,92.17,normal,healthy,synthetic_prototype_dataset
2026-08-18T14:00:00,HV-2026-003,3,34.39,61.93,63.893,86.89,normal,healthy,synthetic_prototype_dataset
2026-08-18T15:00:00,HV-2026-003,3,33.87,66.41,63.91,89.19,normal,healthy,synthetic_prototype_dataset
2026-08-18T16:00:00,HV-2026-003,3,34.04,60.54,63.93,90.94,normal,healthy,synthetic_prototype_dataset
2026-08-18T17:00:00,HV-2026-003,3,33.71,60.95,63.944,93.45,normal,healthy,synthetic_prototype_dataset
2026-08-18T18:00:00,HV-2026-003,3,33.6,69.09,63.939,94.48,normal,healthy,synthetic_prototype_dataset
2026-08-18T19:00:00,HV-2026-003,3,32.98,71.58,63.964,82.71,normal,healthy,synthetic_prototype_dataset
2026-08-18T20:00:00,HV-2026-003,3,33.07,69.6,63.976,84.44,normal,healthy,synthetic_prototype_dataset
2026-08-18T21:00:00,HV-2026-003,3,33.15,70.91,64.056,87.42,normal,healthy,synthetic_prototype_dataset
2026-08-18T22:00:00,HV-2026-003,3,31.79,75.34,64.078,87.66,normal,warning,synthetic_prototype_dataset
2026-08-18T23:00:00,HV-2026-003,3,31.5,72.84,64.118,82.56,normal,healthy,synthetic_prototype_dataset
2026-08-19T00:00:00,HV-2026-003,3,31.82,73.07,64.146,81.18,normal,healthy,synthetic_prototype_dataset
2026-08-19T01:00:00,HV-2026-003,3,31.97,72.35,64.267,74.48,normal,healthy,synthetic_prototype_dataset
2026-08-19T02:00:00,HV-2026-003,3,32.15,72.25,64.282,76.27,normal,healthy,synthetic_prototype_dataset
2026-08-19T03:00:00,HV-2026-003,3,32.86,72.5,64.345,79.65,normal,healthy,synthetic_prototype_dataset
2026-08-19T04:00:00,HV-2026-003,3,32.8,71.0,64.409,72.11,normal,healthy,synthetic_prototype_dataset
2026-08-19T05:00:00,HV-2026-003,3,34.15,67.72,64.421,71.76,normal,healthy,synthetic_prototype_dataset
2026-08-19T06:00:00,HV-2026-003,3,32.83,68.58,64.526,74.01,normal,healthy,synthetic_prototype_dataset
2026-08-19T07:00:00,HV-2026-003,3,33.85,65.41,64.586,85.59,normal,healthy,synthetic_prototype_dataset
2026-08-19T08:00:00,HV-2026-003,3,34.69,62.9,64.634,81.82,normal,healthy,synthetic_prototype_dataset
2026-08-19T09:00:00,HV-2026-003,3,34.27,59.9,64.64,85.38,normal,healthy,synthetic_prototype_dataset
2026-08-19T10:00:00,HV-2026-003,3,35.05,60.39,64.687,87.19,normal,healthy,synthetic_prototype_dataset
2026-08-19T11:00:00,HV-2026-003,3,33.85,59.26,64.798,85.57,normal,healthy,synthetic_prototype_dataset
2026-08-19T12:00:00,HV-2026-003,3,34.15,60.04,64.876,76.99,normal,healthy,synthetic_prototype_dataset
2026-08-19T13:00:00,HV-2026-003,3,34.7,59.4,64.862,87.39,normal,healthy,synthetic_prototype_dataset
2026-08-19T14:00:00,HV-2026-003,3,34.42,60.72,64.892,84.55,normal,healthy,synthetic_prototype_dataset
2026-08-19T15:00:00,HV-2026-003,3,33.63,60.63,64.963,89.75,normal,healthy,synthetic_prototype_dataset
2026-08-19T16:00:00,HV-2026-003,3,33.98,61.46,64.987,92.1,normal,healthy,synthetic_prototype_dataset
2026-08-19T17:00:00,HV-2026-003,3,33.92,64.16,64.93,87.52,normal,healthy,synthetic_prototype_dataset
2026-08-19T18:00:00,HV-2026-003,3,33.14,65.19,64.945,92.86,normal,healthy,synthetic_prototype_dataset
2026-08-19T19:00:00,HV-2026-003,3,33.01,70.42,64.917,88.81,normal,healthy,synthetic_prototype_dataset
2026-08-19T20:00:00,HV-2026-003,3,31.84,69.56,64.906,94.01,normal,healthy,synthetic_prototype_dataset
2026-08-19T21:00:00,HV-2026-003,3,32.63,73.6,64.916,85.37,normal,healthy,synthetic_prototype_dataset
2026-08-19T22:00:00,HV-2026-003,3,31.76,73.37,65.004,89.57,normal,healthy,synthetic_prototype_dataset
2026-08-19T23:00:00,HV-2026-003,3,31.94,73.25,65.028,94.2,normal,healthy,synthetic_prototype_dataset
2026-08-20T00:00:00,HV-2026-003,3,32.65,74.2,65.057,77.05,normal,healthy,synthetic_prototype_dataset
2026-08-20T01:00:00,HV-2026-003,3,32.36,72.75,65.052,79.61,normal,healthy,synthetic_prototype_dataset
2026-08-20T02:00:00,HV-2026-003,3,32.28,74.5,65.135,77.82,normal,healthy,synthetic_prototype_dataset
2026-08-20T03:00:00,HV-2026-003,3,32.64,77.44,65.167,70.47,normal,warning,synthetic_prototype_dataset
2026-08-20T04:00:00,HV-2026-003,3,32.62,73.03,65.147,73.37,normal,healthy,synthetic_prototype_dataset
2026-08-20T05:00:00,HV-2026-003,3,33.56,68.05,65.168,79.76,normal,healthy,synthetic_prototype_dataset
2026-08-20T06:00:00,HV-2026-003,3,33.07,64.09,65.144,78.04,normal,healthy,synthetic_prototype_dataset
2026-08-20T07:00:00,HV-2026-003,3,33.85,63.67,65.129,76.88,normal,healthy,synthetic_prototype_dataset
2026-08-20T08:00:00,HV-2026-003,3,34.55,61.73,65.135,75.46,normal,healthy,synthetic_prototype_dataset
2026-08-20T09:00:00,HV-2026-003,3,34.15,62.39,65.243,82.12,normal,healthy,synthetic_prototype_dataset
2026-08-20T10:00:00,HV-2026-003,3,34.5,62.22,65.305,80.98,normal,healthy,synthetic_prototype_dataset
2026-08-20T11:00:00,HV-2026-003,3,35.69,59.93,65.354,86.45,normal,healthy,synthetic_prototype_dataset
2026-08-20T12:00:00,HV-2026-003,3,34.85,62.48,65.376,88.64,normal,healthy,synthetic_prototype_dataset
2026-08-20T13:00:00,HV-2026-003,3,34.72,61.74,65.411,85.88,normal,healthy,synthetic_prototype_dataset
2026-08-20T14:00:00,HV-2026-003,3,34.85,61.31,65.425,92.83,normal,healthy,synthetic_prototype_dataset
2026-08-20T15:00:00,HV-2026-003,3,34.64,61.65,65.449,90.21,normal,healthy,synthetic_prototype_dataset
2026-08-20T16:00:00,HV-2026-003,3,34.34,60.36,65.5,91.81,normal,healthy,synthetic_prototype_dataset
2026-08-20T17:00:00,HV-2026-003,3,32.67,65.27,65.559,91.91,normal,healthy,synthetic_prototype_dataset
2026-08-20T18:00:00,HV-2026-003,3,33.75,66.14,65.552,83.7,normal,healthy,synthetic_prototype_dataset
2026-08-20T19:00:00,HV-2026-003,3,33.55,69.81,65.618,87.34,normal,healthy,synthetic_prototype_dataset
2026-08-20T20:00:00,HV-2026-003,3,33.11,67.53,65.612,89.96,normal,healthy,synthetic_prototype_dataset
2026-08-20T21:00:00,HV-2026-003,3,32.77,74.7,65.629,85.9,normal,healthy,synthetic_prototype_dataset
2026-08-20T22:00:00,HV-2026-003,3,31.86,71.56,65.732,90.77,normal,healthy,synthetic_prototype_dataset
2026-08-20T23:00:00,HV-2026-003,3,32.64,73.06,65.757,89.55,normal,healthy,synthetic_prototype_dataset
2026-08-21T00:00:00,HV-2026-003,3,31.91,73.09,65.758,74.43,normal,healthy,synthetic_prototype_dataset
2026-08-21T01:00:00,HV-2026-003,3,32.2,71.9,65.793,77.0,normal,healthy,synthetic_prototype_dataset
2026-08-21T02:00:00,HV-2026-003,3,32.23,71.19,65.822,74.23,normal,healthy,synthetic_prototype_dataset
2026-08-21T03:00:00,HV-2026-003,3,32.54,73.54,65.803,83.61,normal,healthy,synthetic_prototype_dataset
2026-08-21T04:00:00,HV-2026-003,3,32.75,70.86,65.801,80.0,normal,healthy,synthetic_prototype_dataset
2026-08-21T05:00:00,HV-2026-003,3,33.04,67.72,65.806,75.06,normal,healthy,synthetic_prototype_dataset
2026-08-21T06:00:00,HV-2026-003,3,33.62,66.93,65.83,73.51,normal,healthy,synthetic_prototype_dataset
2026-08-21T07:00:00,HV-2026-003,3,33.42,63.98,65.871,80.15,normal,healthy,synthetic_prototype_dataset
2026-08-21T08:00:00,HV-2026-003,3,34.44,63.12,65.914,79.03,normal,healthy,synthetic_prototype_dataset
2026-08-21T09:00:00,HV-2026-003,3,33.57,61.28,65.935,77.72,normal,healthy,synthetic_prototype_dataset
2026-08-21T10:00:00,HV-2026-003,3,34.3,60.8,65.933,80.51,normal,healthy,synthetic_prototype_dataset
2026-08-21T11:00:00,HV-2026-003,3,35.39,56.97,65.967,80.44,normal,healthy,synthetic_prototype_dataset
2026-08-21T12:00:00,HV-2026-003,3,34.4,59.26,65.975,87.91,normal,healthy,synthetic_prototype_dataset
2026-08-21T13:00:00,HV-2026-003,3,35.3,61.37,66.054,82.28,normal,healthy,synthetic_prototype_dataset
2026-08-21T14:00:00,HV-2026-003,3,34.45,61.4,66.127,94.26,normal,healthy,synthetic_prototype_dataset
2026-08-21T15:00:00,HV-2026-003,3,34.83,63.28,66.26,89.27,normal,healthy,synthetic_prototype_dataset
2026-08-21T16:00:00,HV-2026-003,3,33.95,63.44,66.265,89.76,normal,healthy,synthetic_prototype_dataset
2026-08-21T17:00:00,HV-2026-003,3,32.99,63.85,66.295,93.2,normal,healthy,synthetic_prototype_dataset
2026-08-21T18:00:00,HV-2026-003,3,33.93,64.88,66.397,90.52,normal,healthy,synthetic_prototype_dataset
2026-08-21T19:00:00,HV-2026-003,3,33.21,65.52,66.401,93.55,normal,healthy,synthetic_prototype_dataset
2026-08-21T20:00:00,HV-2026-003,3,32.86,70.31,66.434,84.47,normal,healthy,synthetic_prototype_dataset
2026-08-21T21:00:00,HV-2026-003,3,32.47,74.1,66.497,88.5,normal,healthy,synthetic_prototype_dataset
2026-08-21T22:00:00,HV-2026-003,3,33.01,70.41,66.488,94.65,normal,healthy,synthetic_prototype_dataset
2026-08-21T23:00:00,HV-2026-003,3,32.44,72.86,66.511,84.28,normal,healthy,synthetic_prototype_dataset
2026-08-22T00:00:00,HV-2026-003,3,32.3,73.84,66.537,71.94,normal,healthy,synthetic_prototype_dataset
2026-08-22T01:00:00,HV-2026-003,3,32.34,72.29,66.527,80.43,normal,healthy,synthetic_prototype_dataset
2026-08-22T02:00:00,HV-2026-003,3,33.33,76.05,66.575,74.34,normal,warning,synthetic_prototype_dataset
2026-08-22T03:00:00,HV-2026-003,3,32.53,72.17,66.585,80.62,normal,healthy,synthetic_prototype_dataset
2026-08-22T04:00:00,HV-2026-003,3,31.91,69.45,66.638,73.04,normal,healthy,synthetic_prototype_dataset
2026-08-22T05:00:00,HV-2026-003,3,33.04,69.37,66.716,71.47,normal,healthy,synthetic_prototype_dataset
2026-08-22T06:00:00,HV-2026-003,3,32.86,64.78,66.687,70.87,normal,healthy,synthetic_prototype_dataset
2026-08-22T07:00:00,HV-2026-003,3,33.38,66.89,66.702,77.94,normal,healthy,synthetic_prototype_dataset
2026-08-22T08:00:00,HV-2026-003,3,33.7,64.13,66.797,76.52,normal,healthy,synthetic_prototype_dataset
2026-08-22T09:00:00,HV-2026-003,3,35.18,62.19,66.831,82.76,normal,healthy,synthetic_prototype_dataset
2026-08-22T10:00:00,HV-2026-003,3,34.78,63.77,66.887,84.89,normal,healthy,synthetic_prototype_dataset
2026-08-22T11:00:00,HV-2026-003,3,34.55,61.24,66.894,84.9,normal,healthy,synthetic_prototype_dataset
2026-08-22T12:00:00,HV-2026-003,3,36.08,54.98,66.945,86.31,normal,warning,synthetic_prototype_dataset
2026-08-22T13:00:00,HV-2026-003,3,34.63,59.36,66.991,86.22,normal,healthy,synthetic_prototype_dataset
2026-08-22T14:00:00,HV-2026-003,3,34.71,59.55,67.104,87.24,normal,healthy,synthetic_prototype_dataset
2026-08-22T15:00:00,HV-2026-003,3,34.66,60.33,67.178,91.5,normal,healthy,synthetic_prototype_dataset
2026-08-22T16:00:00,HV-2026-003,3,34.32,61.14,67.189,95.42,normal,healthy,synthetic_prototype_dataset
2026-08-22T17:00:00,HV-2026-003,3,33.47,65.83,67.19,93.41,normal,healthy,synthetic_prototype_dataset
2026-08-22T18:00:00,HV-2026-003,3,33.17,64.75,67.195,88.06,normal,healthy,synthetic_prototype_dataset
2026-08-22T19:00:00,HV-2026-003,3,33.33,68.42,67.181,89.78,normal,healthy,synthetic_prototype_dataset
2026-08-22T20:00:00,HV-2026-003,3,32.32,71.14,67.235,89.44,normal,healthy,synthetic_prototype_dataset
2026-08-22T21:00:00,HV-2026-003,3,32.68,74.59,67.255,85.63,normal,healthy,synthetic_prototype_dataset
2026-08-22T22:00:00,HV-2026-003,3,32.61,70.51,67.272,86.03,normal,healthy,synthetic_prototype_dataset
2026-08-22T23:00:00,HV-2026-003,3,31.91,72.8,67.329,90.98,normal,healthy,synthetic_prototype_dataset
2026-08-23T00:00:00,HV-2026-003,3,32.65,73.94,67.345,67.75,normal,warning,synthetic_prototype_dataset
2026-08-23T01:00:00,HV-2026-003,3,32.44,69.0,67.303,75.43,normal,healthy,synthetic_prototype_dataset
2026-08-23T02:00:00,HV-2026-003,3,32.52,71.59,67.381,77.62,normal,healthy,synthetic_prototype_dataset
2026-08-23T03:00:00,HV-2026-003,3,32.5,73.78,67.461,77.79,normal,healthy,synthetic_prototype_dataset
2026-08-23T04:00:00,HV-2026-003,3,32.53,68.85,67.435,75.85,normal,healthy,synthetic_prototype_dataset
2026-08-23T05:00:00,HV-2026-003,3,32.72,67.56,67.47,69.06,normal,warning,synthetic_prototype_dataset
2026-08-23T06:00:00,HV-2026-003,3,32.96,65.43,67.493,74.27,normal,healthy,synthetic_prototype_dataset
2026-08-23T07:00:00,HV-2026-003,3,33.75,63.26,67.467,75.96,normal,healthy,synthetic_prototype_dataset
2026-08-23T08:00:00,HV-2026-003,3,34.09,62.28,67.501,81.09,normal,healthy,synthetic_prototype_dataset
2026-08-23T09:00:00,HV-2026-003,3,34.76,60.25,67.479,85.81,normal,healthy,synthetic_prototype_dataset
2026-08-23T10:00:00,HV-2026-003,3,34.83,58.56,67.527,86.74,normal,healthy,synthetic_prototype_dataset
2026-08-23T11:00:00,HV-2026-003,3,35.57,60.03,67.605,80.29,normal,healthy,synthetic_prototype_dataset
2026-08-23T12:00:00,HV-2026-003,3,34.82,58.74,67.659,91.54,normal,healthy,synthetic_prototype_dataset
2026-08-23T13:00:00,HV-2026-003,3,34.9,57.89,67.658,92.87,normal,healthy,synthetic_prototype_dataset
2026-08-23T14:00:00,HV-2026-003,3,34.89,61.08,67.688,89.06,normal,healthy,synthetic_prototype_dataset
2026-08-23T15:00:00,HV-2026-003,3,34.01,62.09,67.688,87.68,normal,healthy,synthetic_prototype_dataset
2026-08-23T16:00:00,HV-2026-003,3,33.89,56.97,67.713,86.38,normal,healthy,synthetic_prototype_dataset
2026-08-23T17:00:00,HV-2026-003,3,33.77,64.53,67.809,90.95,normal,healthy,synthetic_prototype_dataset
2026-08-23T18:00:00,HV-2026-003,3,33.68,67.23,67.869,91.59,normal,healthy,synthetic_prototype_dataset
2026-08-23T19:00:00,HV-2026-003,3,33.32,69.43,67.809,97.19,normal,healthy,synthetic_prototype_dataset
2026-08-23T20:00:00,HV-2026-003,3,33.6,70.23,67.785,93.76,normal,healthy,synthetic_prototype_dataset
2026-08-23T21:00:00,HV-2026-003,3,32.3,72.25,67.765,96.73,normal,healthy,synthetic_prototype_dataset
2026-08-23T22:00:00,HV-2026-003,3,31.76,72.52,67.716,87.98,normal,healthy,synthetic_prototype_dataset
2026-08-23T23:00:00,HV-2026-003,3,32.08,75.15,67.726,90.99,normal,warning,synthetic_prototype_dataset
2026-08-24T00:00:00,HV-2026-003,3,31.83,72.67,67.742,77.73,normal,healthy,synthetic_prototype_dataset
2026-08-24T01:00:00,HV-2026-003,3,32.5,74.24,67.776,78.31,normal,healthy,synthetic_prototype_dataset
2026-08-24T02:00:00,HV-2026-003,3,32.06,72.94,67.857,70.12,normal,healthy,synthetic_prototype_dataset
2026-08-24T03:00:00,HV-2026-003,3,32.89,72.34,67.933,78.54,normal,healthy,synthetic_prototype_dataset
2026-08-24T04:00:00,HV-2026-003,3,32.98,70.45,67.933,74.64,normal,healthy,synthetic_prototype_dataset
2026-08-24T05:00:00,HV-2026-003,3,32.65,70.66,67.973,72.79,normal,healthy,synthetic_prototype_dataset
2026-08-24T06:00:00,HV-2026-003,3,33.71,68.26,68.033,72.75,normal,healthy,synthetic_prototype_dataset
2026-08-24T07:00:00,HV-2026-003,3,32.51,65.08,68.027,80.01,normal,healthy,synthetic_prototype_dataset
2026-08-24T08:00:00,HV-2026-003,3,34.67,64.68,68.118,83.95,normal,healthy,synthetic_prototype_dataset
2026-08-24T09:00:00,HV-2026-003,3,35.3,63.71,68.203,81.21,normal,healthy,synthetic_prototype_dataset
2026-08-24T10:00:00,HV-2026-003,3,34.13,64.58,68.243,87.3,normal,healthy,synthetic_prototype_dataset
2026-08-24T11:00:00,HV-2026-003,3,34.6,61.15,68.198,83.09,normal,healthy,synthetic_prototype_dataset
2026-08-24T12:00:00,HV-2026-003,3,34.84,60.01,68.278,82.07,normal,healthy,synthetic_prototype_dataset
2026-08-24T13:00:00,HV-2026-003,3,35.14,61.62,68.403,89.58,normal,healthy,synthetic_prototype_dataset
2026-08-24T14:00:00,HV-2026-003,3,34.51,57.82,68.509,90.71,normal,healthy,synthetic_prototype_dataset
2026-08-24T15:00:00,HV-2026-003,3,34.5,58.31,68.517,91.14,normal,healthy,synthetic_prototype_dataset
2026-08-24T16:00:00,HV-2026-003,3,34.4,59.17,68.577,84.03,normal,healthy,synthetic_prototype_dataset
2026-08-24T17:00:00,HV-2026-003,3,34.53,64.74,68.595,93.35,normal,healthy,synthetic_prototype_dataset
2026-08-24T18:00:00,HV-2026-003,3,33.75,68.56,68.628,90.49,normal,healthy,synthetic_prototype_dataset
2026-08-24T19:00:00,HV-2026-003,3,33.12,68.46,68.712,88.12,normal,healthy,synthetic_prototype_dataset
2026-08-24T20:00:00,HV-2026-003,3,33.23,68.09,68.665,90.25,normal,healthy,synthetic_prototype_dataset
2026-08-24T21:00:00,HV-2026-003,3,32.84,70.93,68.637,90.0,normal,healthy,synthetic_prototype_dataset
2026-08-24T22:00:00,HV-2026-003,3,32.58,70.64,68.615,87.24,normal,healthy,synthetic_prototype_dataset
2026-08-24T23:00:00,HV-2026-003,3,32.63,73.69,68.609,87.59,normal,healthy,synthetic_prototype_dataset
2026-08-25T00:00:00,HV-2026-003,3,32.75,70.89,68.636,80.69,normal,healthy,synthetic_prototype_dataset
2026-08-25T01:00:00,HV-2026-003,3,31.82,74.84,68.718,75.22,normal,healthy,synthetic_prototype_dataset
2026-08-25T02:00:00,HV-2026-003,3,32.37,73.92,68.736,67.76,normal,warning,synthetic_prototype_dataset
2026-08-25T03:00:00,HV-2026-003,3,32.69,71.8,68.787,72.92,normal,healthy,synthetic_prototype_dataset
2026-08-25T04:00:00,HV-2026-003,3,32.88,71.26,68.81,70.65,normal,healthy,synthetic_prototype_dataset
2026-08-25T05:00:00,HV-2026-003,3,33.87,67.43,68.873,71.12,normal,healthy,synthetic_prototype_dataset
2026-08-25T06:00:00,HV-2026-003,3,33.6,66.92,68.895,71.86,normal,healthy,synthetic_prototype_dataset
2026-08-25T07:00:00,HV-2026-003,3,32.91,66.93,68.929,81.91,normal,healthy,synthetic_prototype_dataset
2026-08-25T08:00:00,HV-2026-003,3,34.72,63.57,68.948,81.34,normal,healthy,synthetic_prototype_dataset
2026-08-25T09:00:00,HV-2026-003,3,35.21,61.2,69.048,76.11,normal,healthy,synthetic_prototype_dataset
2026-08-25T10:00:00,HV-2026-003,3,34.05,61.72,69.057,90.15,normal,healthy,synthetic_prototype_dataset
2026-08-25T11:00:00,HV-2026-003,3,35.51,62.1,69.129,81.3,normal,healthy,synthetic_prototype_dataset
2026-08-25T12:00:00,HV-2026-003,3,34.2,61.69,69.119,91.45,normal,healthy,synthetic_prototype_dataset
2026-08-25T13:00:00,HV-2026-003,3,35.21,59.1,69.177,88.74,normal,healthy,synthetic_prototype_dataset
2026-08-25T14:00:00,HV-2026-003,3,34.68,62.5,69.268,88.67,normal,healthy,synthetic_prototype_dataset
2026-08-25T15:00:00,HV-2026-003,3,34.3,63.4,69.238,90.49,normal,healthy,synthetic_prototype_dataset
2026-08-25T16:00:00,HV-2026-003,3,34.63,61.01,69.31,89.43,normal,healthy,synthetic_prototype_dataset
2026-08-25T17:00:00,HV-2026-003,3,33.74,65.92,69.306,92.92,normal,healthy,synthetic_prototype_dataset
2026-08-25T18:00:00,HV-2026-003,3,32.76,66.51,69.337,88.11,normal,healthy,synthetic_prototype_dataset
2026-08-25T19:00:00,HV-2026-003,3,33.49,67.67,69.399,91.84,normal,healthy,synthetic_prototype_dataset
2026-08-25T20:00:00,HV-2026-003,3,33.2,70.03,69.407,88.47,normal,healthy,synthetic_prototype_dataset
2026-08-25T21:00:00,HV-2026-003,3,32.84,70.64,69.471,89.26,normal,healthy,synthetic_prototype_dataset
2026-08-25T22:00:00,HV-2026-003,3,32.69,69.54,69.529,86.09,normal,healthy,synthetic_prototype_dataset
2026-08-25T23:00:00,HV-2026-003,3,31.93,75.72,69.579,90.02,normal,warning,synthetic_prototype_dataset
2026-08-26T00:00:00,HV-2026-003,3,32.62,72.65,69.594,78.73,normal,healthy,synthetic_prototype_dataset
2026-08-26T01:00:00,HV-2026-003,3,32.97,72.45,69.691,75.31,normal,healthy,synthetic_prototype_dataset
2026-08-26T02:00:00,HV-2026-003,3,31.96,68.78,69.657,74.55,normal,healthy,synthetic_prototype_dataset
2026-08-26T03:00:00,HV-2026-003,3,32.69,71.99,69.681,78.95,normal,healthy,synthetic_prototype_dataset
2026-08-26T04:00:00,HV-2026-003,3,33.09,69.34,69.686,80.98,normal,healthy,synthetic_prototype_dataset
2026-08-26T05:00:00,HV-2026-003,3,32.69,68.17,69.705,78.74,normal,healthy,synthetic_prototype_dataset
2026-08-26T06:00:00,HV-2026-003,3,33.71,65.83,69.72,80.88,normal,healthy,synthetic_prototype_dataset
2026-08-26T07:00:00,HV-2026-003,3,34.05,67.55,69.755,77.9,normal,healthy,synthetic_prototype_dataset
2026-08-26T08:00:00,HV-2026-003,3,34.3,63.33,69.764,80.13,normal,healthy,synthetic_prototype_dataset
2026-08-26T09:00:00,HV-2026-003,3,34.64,61.45,69.81,82.76,normal,healthy,synthetic_prototype_dataset
2026-08-26T10:00:00,HV-2026-003,3,34.88,62.58,69.863,92.12,normal,healthy,synthetic_prototype_dataset
2026-08-26T11:00:00,HV-2026-003,3,34.99,60.78,69.878,89.43,normal,healthy,synthetic_prototype_dataset
2026-08-26T12:00:00,HV-2026-003,3,34.7,59.63,69.911,87.48,normal,healthy,synthetic_prototype_dataset
2026-08-26T13:00:00,HV-2026-003,3,34.87,57.63,69.945,92.5,normal,healthy,synthetic_prototype_dataset
2026-08-26T14:00:00,HV-2026-003,3,35.05,57.43,70.025,85.0,normal,healthy,synthetic_prototype_dataset
2026-08-26T15:00:00,HV-2026-003,3,34.97,61.86,70.087,95.42,normal,healthy,synthetic_prototype_dataset
2026-08-26T16:00:00,HV-2026-003,3,33.99,63.41,70.169,87.27,normal,healthy,synthetic_prototype_dataset
2026-08-26T17:00:00,HV-2026-003,3,33.72,63.48,70.215,84.94,normal,healthy,synthetic_prototype_dataset
2026-08-26T18:00:00,HV-2026-003,3,33.96,63.28,70.29,91.8,normal,healthy,synthetic_prototype_dataset
2026-08-26T19:00:00,HV-2026-003,3,34.24,68.83,70.304,87.08,normal,healthy,synthetic_prototype_dataset
2026-08-26T20:00:00,HV-2026-003,3,33.17,69.26,70.37,86.27,normal,healthy,synthetic_prototype_dataset
2026-08-26T21:00:00,HV-2026-003,3,33.71,73.06,70.388,95.23,normal,healthy,synthetic_prototype_dataset
2026-08-26T22:00:00,HV-2026-003,3,32.24,72.25,70.369,94.59,normal,healthy,synthetic_prototype_dataset
2026-08-26T23:00:00,HV-2026-003,3,31.72,69.98,70.371,91.74,normal,healthy,synthetic_prototype_dataset
2026-08-27T00:00:00,HV-2026-003,3,32.91,72.84,70.432,75.6,normal,healthy,synthetic_prototype_dataset
2026-08-27T01:00:00,HV-2026-003,3,32.72,75.35,70.448,73.07,normal,warning,synthetic_prototype_dataset
2026-08-27T02:00:00,HV-2026-003,3,32.87,73.01,70.477,79.51,normal,healthy,synthetic_prototype_dataset
2026-08-27T03:00:00,HV-2026-003,3,32.77,70.8,70.515,77.01,normal,healthy,synthetic_prototype_dataset
2026-08-27T04:00:00,HV-2026-003,3,33.86,69.78,70.53,77.85,normal,healthy,synthetic_prototype_dataset
2026-08-27T05:00:00,HV-2026-003,3,33.9,68.82,70.58,70.76,normal,healthy,synthetic_prototype_dataset
2026-08-27T06:00:00,HV-2026-003,3,32.66,67.91,70.62,75.92,normal,healthy,synthetic_prototype_dataset
2026-08-27T07:00:00,HV-2026-003,3,34.43,67.28,70.695,81.2,normal,healthy,synthetic_prototype_dataset
2026-08-27T08:00:00,HV-2026-003,3,34.03,60.76,70.641,81.84,normal,healthy,synthetic_prototype_dataset
2026-08-27T09:00:00,HV-2026-003,3,35.2,62.81,70.699,80.82,normal,healthy,synthetic_prototype_dataset
2026-08-27T10:00:00,HV-2026-003,3,34.66,58.07,70.731,79.58,normal,healthy,synthetic_prototype_dataset
2026-08-27T11:00:00,HV-2026-003,3,35.83,56.51,70.764,77.75,normal,healthy,synthetic_prototype_dataset
2026-08-27T12:00:00,HV-2026-003,3,35.22,58.61,70.794,82.63,normal,healthy,synthetic_prototype_dataset
2026-08-27T13:00:00,HV-2026-003,3,35.04,57.88,70.832,93.96,normal,healthy,synthetic_prototype_dataset
2026-08-27T14:00:00,HV-2026-003,3,34.99,60.52,70.859,85.38,normal,healthy,synthetic_prototype_dataset
2026-08-27T15:00:00,HV-2026-003,3,34.69,65.18,70.889,90.2,normal,healthy,synthetic_prototype_dataset
2026-08-27T16:00:00,HV-2026-003,3,34.06,57.16,70.899,97.86,normal,healthy,synthetic_prototype_dataset
2026-08-27T17:00:00,HV-2026-003,3,34.39,66.76,70.921,81.63,normal,healthy,synthetic_prototype_dataset
2026-08-27T18:00:00,HV-2026-003,3,33.28,66.33,70.959,89.96,normal,healthy,synthetic_prototype_dataset
2026-08-27T19:00:00,HV-2026-003,3,33.21,69.12,70.966,90.96,normal,healthy,synthetic_prototype_dataset
2026-08-27T20:00:00,HV-2026-003,3,33.22,68.45,70.961,88.03,normal,healthy,synthetic_prototype_dataset
2026-08-27T21:00:00,HV-2026-003,3,33.71,72.57,71.021,86.18,normal,healthy,synthetic_prototype_dataset
2026-08-27T22:00:00,HV-2026-003,3,32.01,73.65,71.078,88.6,normal,healthy,synthetic_prototype_dataset
2026-08-27T23:00:00,HV-2026-003,3,32.36,69.74,71.133,91.26,normal,healthy,synthetic_prototype_dataset
2026-08-28T00:00:00,HV-2026-003,3,32.25,71.04,71.202,73.75,normal,healthy,synthetic_prototype_dataset
2026-08-28T01:00:00,HV-2026-003,3,33.4,71.98,71.213,76.16,normal,healthy,synthetic_prototype_dataset
2026-08-28T02:00:00,HV-2026-003,3,32.55,73.51,71.269,79.81,normal,healthy,synthetic_prototype_dataset
2026-08-28T03:00:00,HV-2026-003,3,33.02,69.54,71.294,74.51,normal,healthy,synthetic_prototype_dataset
2026-08-28T04:00:00,HV-2026-003,3,33.86,70.72,71.316,72.76,normal,healthy,synthetic_prototype_dataset
2026-08-28T05:00:00,HV-2026-003,3,34.21,67.47,71.336,81.42,normal,healthy,synthetic_prototype_dataset
2026-08-28T06:00:00,HV-2026-003,3,33.62,64.84,71.353,71.39,normal,healthy,synthetic_prototype_dataset
2026-08-28T07:00:00,HV-2026-003,3,34.33,62.23,71.358,75.36,normal,healthy,synthetic_prototype_dataset
2026-08-28T08:00:00,HV-2026-003,3,34.24,60.41,71.396,79.08,normal,healthy,synthetic_prototype_dataset
2026-08-28T09:00:00,HV-2026-003,3,34.8,64.7,71.425,83.47,normal,healthy,synthetic_prototype_dataset
2026-08-28T10:00:00,HV-2026-003,3,35.3,59.24,71.472,83.07,normal,healthy,synthetic_prototype_dataset
2026-08-28T11:00:00,HV-2026-003,3,35.2,57.6,71.496,84.58,normal,healthy,synthetic_prototype_dataset
2026-08-28T12:00:00,HV-2026-003,3,34.27,61.11,71.614,86.5,normal,healthy,synthetic_prototype_dataset
2026-08-28T13:00:00,HV-2026-003,3,35.41,60.6,71.61,90.36,normal,healthy,synthetic_prototype_dataset
2026-08-28T14:00:00,HV-2026-003,3,34.79,63.48,71.646,91.3,normal,healthy,synthetic_prototype_dataset
2026-08-28T15:00:00,HV-2026-003,3,34.69,64.42,71.669,93.01,normal,healthy,synthetic_prototype_dataset
2026-08-28T16:00:00,HV-2026-003,3,34.79,62.64,71.714,87.19,normal,healthy,synthetic_prototype_dataset
2026-08-28T17:00:00,HV-2026-003,3,33.03,65.54,71.731,93.97,normal,healthy,synthetic_prototype_dataset
2026-08-28T18:00:00,HV-2026-003,3,34.01,67.58,71.789,81.37,normal,healthy,synthetic_prototype_dataset
2026-08-28T19:00:00,HV-2026-003,3,33.79,66.61,71.855,91.95,normal,healthy,synthetic_prototype_dataset
2026-08-28T20:00:00,HV-2026-003,3,33.48,68.43,71.848,88.01,normal,healthy,synthetic_prototype_dataset
2026-08-28T21:00:00,HV-2026-003,3,32.13,69.3,71.822,83.9,normal,healthy,synthetic_prototype_dataset
2026-08-28T22:00:00,HV-2026-003,3,32.78,72.44,71.845,86.38,normal,healthy,synthetic_prototype_dataset
2026-08-28T23:00:00,HV-2026-003,3,32.17,71.61,71.842,86.89,normal,healthy,synthetic_prototype_dataset
2026-08-29T00:00:00,HV-2026-003,3,31.94,73.47,71.847,77.32,normal,healthy,synthetic_prototype_dataset
2026-08-29T01:00:00,HV-2026-003,3,33.07,72.56,71.9,68.77,normal,warning,synthetic_prototype_dataset
2026-08-29T02:00:00,HV-2026-003,3,32.58,73.26,71.943,82.47,normal,healthy,synthetic_prototype_dataset
2026-08-29T03:00:00,HV-2026-003,3,33.77,70.7,71.959,72.65,normal,healthy,synthetic_prototype_dataset
2026-08-29T04:00:00,HV-2026-003,3,33.06,67.97,71.963,72.79,normal,healthy,synthetic_prototype_dataset
2026-08-29T05:00:00,HV-2026-003,3,33.77,70.07,72.021,74.87,normal,healthy,synthetic_prototype_dataset
2026-08-29T06:00:00,HV-2026-003,3,34.38,65.83,72.044,75.64,normal,healthy,synthetic_prototype_dataset
2026-08-29T07:00:00,HV-2026-003,3,34.17,64.57,72.074,75.28,normal,healthy,synthetic_prototype_dataset
2026-08-29T08:00:00,HV-2026-003,3,34.23,62.26,72.119,78.53,normal,healthy,synthetic_prototype_dataset
2026-08-29T09:00:00,HV-2026-003,3,34.34,62.51,72.189,74.4,normal,healthy,synthetic_prototype_dataset
2026-08-29T10:00:00,HV-2026-003,3,35.66,58.77,72.234,86.98,normal,healthy,synthetic_prototype_dataset
2026-08-29T11:00:00,HV-2026-003,3,35.93,60.25,72.283,79.71,normal,healthy,synthetic_prototype_dataset
2026-08-29T12:00:00,HV-2026-003,3,34.32,59.79,72.372,83.05,normal,healthy,synthetic_prototype_dataset
2026-08-29T13:00:00,HV-2026-003,3,35.06,57.44,72.395,90.87,normal,healthy,synthetic_prototype_dataset
2026-08-29T14:00:00,HV-2026-003,3,35.15,58.73,72.53,83.1,normal,healthy,synthetic_prototype_dataset
2026-08-29T15:00:00,HV-2026-003,3,35.09,58.37,72.565,89.45,normal,healthy,synthetic_prototype_dataset
2026-08-29T16:00:00,HV-2026-003,3,34.96,61.24,72.59,88.55,normal,healthy,synthetic_prototype_dataset
2026-08-29T17:00:00,HV-2026-003,3,33.78,64.54,72.634,91.4,normal,healthy,synthetic_prototype_dataset
2026-08-29T18:00:00,HV-2026-003,3,33.9,64.86,72.705,93.58,normal,healthy,synthetic_prototype_dataset
2026-08-29T19:00:00,HV-2026-003,3,34.23,67.69,72.777,88.42,normal,healthy,synthetic_prototype_dataset
2026-08-29T20:00:00,HV-2026-003,3,33.19,70.86,72.831,88.51,normal,healthy,synthetic_prototype_dataset
2026-08-29T21:00:00,HV-2026-003,3,32.54,69.79,72.832,94.97,normal,healthy,synthetic_prototype_dataset
2026-08-29T22:00:00,HV-2026-003,3,33.14,69.89,72.821,85.4,normal,healthy,synthetic_prototype_dataset
2026-08-29T23:00:00,HV-2026-003,3,32.42,71.67,72.885,83.72,normal,healthy,synthetic_prototype_dataset
2026-07-01T00:00:00,HV-2026-004,4,33.73,70.3,28.776,81.91,normal,healthy,synthetic_prototype_dataset
2026-07-01T01:00:00,HV-2026-004,4,33.34,71.43,28.814,77.42,normal,healthy,synthetic_prototype_dataset
2026-07-01T02:00:00,HV-2026-004,4,32.94,68.73,28.752,73.04,normal,healthy,synthetic_prototype_dataset
2026-07-01T03:00:00,HV-2026-004,4,33.9,73.29,28.768,72.65,normal,healthy,synthetic_prototype_dataset
2026-07-01T04:00:00,HV-2026-004,4,33.48,69.29,28.814,67.16,normal,warning,synthetic_prototype_dataset
2026-07-01T05:00:00,HV-2026-004,4,35.08,68.85,28.832,73.49,normal,healthy,synthetic_prototype_dataset
2026-07-01T06:00:00,HV-2026-004,4,34.44,65.89,28.86,77.6,normal,healthy,synthetic_prototype_dataset
2026-07-01T07:00:00,HV-2026-004,4,34.29,63.91,28.911,79.03,normal,healthy,synthetic_prototype_dataset
2026-07-01T08:00:00,HV-2026-004,4,34.78,64.01,28.885,76.83,normal,healthy,synthetic_prototype_dataset
2026-07-01T09:00:00,HV-2026-004,4,34.93,58.74,28.905,85.86,normal,healthy,synthetic_prototype_dataset
2026-07-01T10:00:00,HV-2026-004,4,35.06,55.65,28.928,83.2,normal,healthy,synthetic_prototype_dataset
2026-07-01T11:00:00,HV-2026-004,4,35.27,59.24,28.985,84.04,normal,healthy,synthetic_prototype_dataset
2026-07-01T12:00:00,HV-2026-004,4,34.76,57.21,29.005,84.9,normal,healthy,synthetic_prototype_dataset
2026-07-01T13:00:00,HV-2026-004,4,35.57,58.97,29.077,85.76,normal,healthy,synthetic_prototype_dataset
2026-07-01T14:00:00,HV-2026-004,4,35.8,60.15,29.123,90.24,normal,healthy,synthetic_prototype_dataset
2026-07-01T15:00:00,HV-2026-004,4,34.62,56.25,29.143,91.55,normal,healthy,synthetic_prototype_dataset
2026-07-01T16:00:00,HV-2026-004,4,34.69,61.25,29.151,82.68,normal,healthy,synthetic_prototype_dataset
2026-07-01T17:00:00,HV-2026-004,4,34.98,62.81,29.17,87.53,normal,healthy,synthetic_prototype_dataset
2026-07-01T18:00:00,HV-2026-004,4,34.56,66.59,29.166,94.08,normal,healthy,synthetic_prototype_dataset
2026-07-01T19:00:00,HV-2026-004,4,33.6,65.71,29.18,87.14,normal,healthy,synthetic_prototype_dataset
2026-07-01T20:00:00,HV-2026-004,4,32.76,69.9,29.198,91.68,normal,healthy,synthetic_prototype_dataset
2026-07-01T21:00:00,HV-2026-004,4,33.21,70.94,29.151,85.9,normal,healthy,synthetic_prototype_dataset
2026-07-01T22:00:00,HV-2026-004,4,33.13,68.77,29.189,83.26,normal,healthy,synthetic_prototype_dataset
2026-07-01T23:00:00,HV-2026-004,4,32.75,74.66,29.241,80.63,normal,healthy,synthetic_prototype_dataset
2026-07-02T00:00:00,HV-2026-004,4,33.15,75.07,29.364,77.61,normal,warning,synthetic_prototype_dataset
2026-07-02T01:00:00,HV-2026-004,4,32.2,72.33,29.445,75.35,normal,healthy,synthetic_prototype_dataset
2026-07-02T02:00:00,HV-2026-004,4,33.42,69.34,29.483,67.29,normal,warning,synthetic_prototype_dataset
2026-07-02T03:00:00,HV-2026-004,4,32.73,69.73,29.495,71.45,normal,healthy,synthetic_prototype_dataset
2026-07-02T04:00:00,HV-2026-004,4,33.2,68.88,29.517,76.21,normal,healthy,synthetic_prototype_dataset
2026-07-02T05:00:00,HV-2026-004,4,34.07,65.98,29.59,72.54,normal,healthy,synthetic_prototype_dataset
2026-07-02T06:00:00,HV-2026-004,4,34.94,66.79,29.602,74.99,normal,healthy,synthetic_prototype_dataset
2026-07-02T07:00:00,HV-2026-004,4,34.5,64.06,29.666,73.14,normal,healthy,synthetic_prototype_dataset
2026-07-02T08:00:00,HV-2026-004,4,34.92,57.48,29.689,84.71,normal,healthy,synthetic_prototype_dataset
2026-07-02T09:00:00,HV-2026-004,4,34.35,56.96,29.731,86.21,normal,healthy,synthetic_prototype_dataset
2026-07-02T10:00:00,HV-2026-004,4,35.35,55.3,29.71,83.34,normal,healthy,synthetic_prototype_dataset
2026-07-02T11:00:00,HV-2026-004,4,34.8,58.28,29.757,82.81,normal,healthy,synthetic_prototype_dataset
2026-07-02T12:00:00,HV-2026-004,4,36.19,58.85,29.842,87.79,normal,warning,synthetic_prototype_dataset
2026-07-02T13:00:00,HV-2026-004,4,35.26,57.68,29.875,89.49,normal,healthy,synthetic_prototype_dataset
2026-07-02T14:00:00,HV-2026-004,4,34.91,61.83,29.891,88.88,normal,healthy,synthetic_prototype_dataset
2026-07-02T15:00:00,HV-2026-004,4,34.89,59.03,30.007,87.4,normal,healthy,synthetic_prototype_dataset
2026-07-02T16:00:00,HV-2026-004,4,34.59,60.1,30.047,89.17,normal,healthy,synthetic_prototype_dataset
2026-07-02T17:00:00,HV-2026-004,4,33.91,62.22,30.102,93.47,normal,healthy,synthetic_prototype_dataset
2026-07-02T18:00:00,HV-2026-004,4,34.08,64.9,30.119,88.24,normal,healthy,synthetic_prototype_dataset
2026-07-02T19:00:00,HV-2026-004,4,33.32,63.8,30.119,93.04,normal,healthy,synthetic_prototype_dataset
2026-07-02T20:00:00,HV-2026-004,4,33.23,67.67,30.132,93.88,normal,healthy,synthetic_prototype_dataset
2026-07-02T21:00:00,HV-2026-004,4,32.74,70.24,30.154,89.17,normal,healthy,synthetic_prototype_dataset
2026-07-02T22:00:00,HV-2026-004,4,33.06,70.96,30.207,88.02,normal,healthy,synthetic_prototype_dataset
2026-07-02T23:00:00,HV-2026-004,4,33.6,71.63,30.172,89.34,normal,healthy,synthetic_prototype_dataset
2026-07-03T00:00:00,HV-2026-004,4,33.02,71.64,30.188,68.6,normal,warning,synthetic_prototype_dataset
2026-07-03T01:00:00,HV-2026-004,4,32.01,74.31,30.193,79.38,normal,healthy,synthetic_prototype_dataset
2026-07-03T02:00:00,HV-2026-004,4,32.3,68.76,30.241,75.64,normal,healthy,synthetic_prototype_dataset
2026-07-03T03:00:00,HV-2026-004,4,33.47,69.51,30.259,73.62,normal,healthy,synthetic_prototype_dataset
2026-07-03T04:00:00,HV-2026-004,4,32.96,70.61,30.339,72.36,normal,healthy,synthetic_prototype_dataset
2026-07-03T05:00:00,HV-2026-004,4,33.31,65.77,30.376,75.36,normal,healthy,synthetic_prototype_dataset
2026-07-03T06:00:00,HV-2026-004,4,34.37,64.5,30.397,84.45,normal,healthy,synthetic_prototype_dataset
2026-07-03T07:00:00,HV-2026-004,4,34.25,65.72,30.473,79.59,normal,healthy,synthetic_prototype_dataset
2026-07-03T08:00:00,HV-2026-004,4,33.93,61.14,30.484,79.69,normal,healthy,synthetic_prototype_dataset
2026-07-03T09:00:00,HV-2026-004,4,34.59,61.0,30.553,85.45,normal,healthy,synthetic_prototype_dataset
2026-07-03T10:00:00,HV-2026-004,4,35.1,56.62,30.603,89.15,normal,healthy,synthetic_prototype_dataset
2026-07-03T11:00:00,HV-2026-004,4,35.43,58.64,30.635,82.76,normal,healthy,synthetic_prototype_dataset
2026-07-03T12:00:00,HV-2026-004,4,35.74,57.39,30.692,87.68,normal,healthy,synthetic_prototype_dataset
2026-07-03T13:00:00,HV-2026-004,4,35.56,58.83,30.705,83.91,normal,healthy,synthetic_prototype_dataset
2026-07-03T14:00:00,HV-2026-004,4,35.25,58.49,30.729,88.97,normal,healthy,synthetic_prototype_dataset
2026-07-03T15:00:00,HV-2026-004,4,35.47,61.77,30.819,84.33,normal,healthy,synthetic_prototype_dataset
2026-07-03T16:00:00,HV-2026-004,4,34.27,60.56,30.859,88.69,normal,healthy,synthetic_prototype_dataset
2026-07-03T17:00:00,HV-2026-004,4,34.23,62.22,30.91,85.23,normal,healthy,synthetic_prototype_dataset
2026-07-03T18:00:00,HV-2026-004,4,35.2,64.62,30.977,87.97,normal,healthy,synthetic_prototype_dataset
2026-07-03T19:00:00,HV-2026-004,4,34.07,66.58,31.032,89.18,normal,healthy,synthetic_prototype_dataset
2026-07-03T20:00:00,HV-2026-004,4,34.19,65.4,31.09,89.94,normal,healthy,synthetic_prototype_dataset
2026-07-03T21:00:00,HV-2026-004,4,32.77,73.05,31.18,81.68,normal,healthy,synthetic_prototype_dataset
2026-07-03T22:00:00,HV-2026-004,4,33.1,71.92,31.22,93.43,normal,healthy,synthetic_prototype_dataset
2026-07-03T23:00:00,HV-2026-004,4,33.48,71.82,31.325,90.39,normal,healthy,synthetic_prototype_dataset
2026-07-04T00:00:00,HV-2026-004,4,32.76,70.39,31.393,73.22,normal,healthy,synthetic_prototype_dataset
2026-07-04T01:00:00,HV-2026-004,4,32.78,70.71,31.431,75.32,normal,healthy,synthetic_prototype_dataset
2026-07-04T02:00:00,HV-2026-004,4,32.5,72.54,31.442,83.07,normal,healthy,synthetic_prototype_dataset
2026-07-04T03:00:00,HV-2026-004,4,33.43,71.61,31.489,80.6,normal,healthy,synthetic_prototype_dataset
2026-07-04T04:00:00,HV-2026-004,4,33.82,68.31,31.552,84.7,normal,healthy,synthetic_prototype_dataset
2026-07-04T05:00:00,HV-2026-004,4,33.76,67.62,31.577,77.77,normal,healthy,synthetic_prototype_dataset
2026-07-04T06:00:00,HV-2026-004,4,34.24,60.5,31.595,79.5,normal,healthy,synthetic_prototype_dataset
2026-07-04T07:00:00,HV-2026-004,4,34.21,64.23,31.626,77.16,normal,healthy,synthetic_prototype_dataset
2026-07-04T08:00:00,HV-2026-004,4,35.27,62.11,31.671,83.18,normal,healthy,synthetic_prototype_dataset
2026-07-04T09:00:00,HV-2026-004,4,35.23,56.47,31.691,75.04,normal,healthy,synthetic_prototype_dataset
2026-07-04T10:00:00,HV-2026-004,4,35.64,59.93,31.762,84.71,normal,healthy,synthetic_prototype_dataset
2026-07-04T11:00:00,HV-2026-004,4,35.91,54.78,31.799,79.57,normal,healthy,synthetic_prototype_dataset
2026-07-04T12:00:00,HV-2026-004,4,35.36,60.29,31.88,88.22,normal,healthy,synthetic_prototype_dataset
2026-07-04T13:00:00,HV-2026-004,4,35.39,55.83,31.929,90.99,normal,healthy,synthetic_prototype_dataset
2026-07-04T14:00:00,HV-2026-004,4,35.53,55.47,31.975,81.43,normal,healthy,synthetic_prototype_dataset
2026-07-04T15:00:00,HV-2026-004,4,35.5,58.18,31.973,91.8,normal,healthy,synthetic_prototype_dataset
2026-07-04T16:00:00,HV-2026-004,4,35.12,61.3,32.087,91.75,normal,healthy,synthetic_prototype_dataset
2026-07-04T17:00:00,HV-2026-004,4,34.26,63.5,32.111,94.31,normal,healthy,synthetic_prototype_dataset
2026-07-04T18:00:00,HV-2026-004,4,34.34,65.07,32.091,90.21,normal,healthy,synthetic_prototype_dataset
2026-07-04T19:00:00,HV-2026-004,4,33.85,64.35,32.108,91.41,normal,healthy,synthetic_prototype_dataset
2026-07-04T20:00:00,HV-2026-004,4,33.56,65.34,32.123,87.88,normal,healthy,synthetic_prototype_dataset
2026-07-04T21:00:00,HV-2026-004,4,33.38,69.49,32.134,87.36,normal,healthy,synthetic_prototype_dataset
2026-07-04T22:00:00,HV-2026-004,4,33.12,72.18,32.169,93.11,normal,healthy,synthetic_prototype_dataset
2026-07-04T23:00:00,HV-2026-004,4,33.47,73.84,32.241,92.58,normal,healthy,synthetic_prototype_dataset
2026-07-05T00:00:00,HV-2026-004,4,32.47,72.35,32.309,80.9,normal,healthy,synthetic_prototype_dataset
2026-07-05T01:00:00,HV-2026-004,4,32.68,72.13,32.337,82.46,normal,healthy,synthetic_prototype_dataset
2026-07-05T02:00:00,HV-2026-004,4,32.53,68.86,32.298,76.51,normal,healthy,synthetic_prototype_dataset
2026-07-05T03:00:00,HV-2026-004,4,34.38,69.06,32.327,77.93,normal,healthy,synthetic_prototype_dataset
2026-07-05T04:00:00,HV-2026-004,4,33.58,68.35,32.366,73.04,normal,healthy,synthetic_prototype_dataset
2026-07-05T05:00:00,HV-2026-004,4,33.91,67.33,32.423,80.54,normal,healthy,synthetic_prototype_dataset
2026-07-05T06:00:00,HV-2026-004,4,34.44,64.83,32.474,73.92,normal,healthy,synthetic_prototype_dataset
2026-07-05T07:00:00,HV-2026-004,4,34.34,62.15,32.455,79.25,normal,healthy,synthetic_prototype_dataset
2026-07-05T08:00:00,HV-2026-004,4,35.41,59.41,32.5,77.42,normal,healthy,synthetic_prototype_dataset
2026-07-05T09:00:00,HV-2026-004,4,34.75,62.94,32.499,76.88,normal,healthy,synthetic_prototype_dataset
2026-07-05T10:00:00,HV-2026-004,4,35.51,58.61,32.56,90.0,normal,healthy,synthetic_prototype_dataset
2026-07-05T11:00:00,HV-2026-004,4,35.19,56.38,32.657,87.81,normal,healthy,synthetic_prototype_dataset
2026-07-05T12:00:00,HV-2026-004,4,35.94,56.12,32.738,88.71,normal,healthy,synthetic_prototype_dataset
2026-07-05T13:00:00,HV-2026-004,4,35.63,56.37,32.785,92.88,normal,healthy,synthetic_prototype_dataset
2026-07-05T14:00:00,HV-2026-004,4,34.92,56.68,32.806,86.69,normal,healthy,synthetic_prototype_dataset
2026-07-05T15:00:00,HV-2026-004,4,35.2,60.96,32.862,89.15,normal,healthy,synthetic_prototype_dataset
2026-07-05T16:00:00,HV-2026-004,4,35.06,61.81,32.841,93.27,normal,healthy,synthetic_prototype_dataset
2026-07-05T17:00:00,HV-2026-004,4,34.25,61.58,32.887,89.62,normal,healthy,synthetic_prototype_dataset
2026-07-05T18:00:00,HV-2026-004,4,34.5,64.44,32.907,95.35,normal,healthy,synthetic_prototype_dataset
2026-07-05T19:00:00,HV-2026-004,4,34.27,66.54,32.956,87.41,normal,healthy,synthetic_prototype_dataset
2026-07-05T20:00:00,HV-2026-004,4,34.61,65.73,32.985,88.52,normal,healthy,synthetic_prototype_dataset
2026-07-05T21:00:00,HV-2026-004,4,33.22,68.32,32.983,93.09,normal,healthy,synthetic_prototype_dataset
2026-07-05T22:00:00,HV-2026-004,4,32.62,72.02,33.03,86.79,normal,healthy,synthetic_prototype_dataset
2026-07-05T23:00:00,HV-2026-004,4,33.27,70.66,33.017,83.29,normal,healthy,synthetic_prototype_dataset
2026-07-06T00:00:00,HV-2026-004,4,33.34,72.09,33.05,74.63,normal,healthy,synthetic_prototype_dataset
2026-07-06T01:00:00,HV-2026-004,4,33.01,70.18,33.014,76.21,normal,healthy,synthetic_prototype_dataset
2026-07-06T02:00:00,HV-2026-004,4,33.46,70.18,33.101,72.48,normal,healthy,synthetic_prototype_dataset
2026-07-06T03:00:00,HV-2026-004,4,33.13,69.19,33.135,69.35,normal,warning,synthetic_prototype_dataset
2026-07-06T04:00:00,HV-2026-004,4,33.97,67.95,33.086,75.59,normal,healthy,synthetic_prototype_dataset
2026-07-06T05:00:00,HV-2026-004,4,33.65,65.0,33.064,77.46,normal,healthy,synthetic_prototype_dataset
2026-07-06T06:00:00,HV-2026-004,4,35.14,64.48,33.013,77.0,normal,healthy,synthetic_prototype_dataset
2026-07-06T07:00:00,HV-2026-004,4,34.6,60.21,33.05,80.91,normal,healthy,synthetic_prototype_dataset
2026-07-06T08:00:00,HV-2026-004,4,34.7,57.54,33.01,77.29,normal,healthy,synthetic_prototype_dataset
2026-07-06T09:00:00,HV-2026-004,4,35.2,58.12,33.02,83.35,normal,healthy,synthetic_prototype_dataset
2026-07-06T10:00:00,HV-2026-004,4,35.68,58.3,33.086,80.7,normal,healthy,synthetic_prototype_dataset
2026-07-06T11:00:00,HV-2026-004,4,35.11,56.3,33.106,77.34,normal,healthy,synthetic_prototype_dataset
2026-07-06T12:00:00,HV-2026-004,4,35.4,58.99,33.176,87.74,normal,healthy,synthetic_prototype_dataset
2026-07-06T13:00:00,HV-2026-004,4,35.66,59.85,33.182,83.73,normal,healthy,synthetic_prototype_dataset
2026-07-06T14:00:00,HV-2026-004,4,35.98,57.99,33.201,90.06,normal,healthy,synthetic_prototype_dataset
2026-07-06T15:00:00,HV-2026-004,4,35.07,57.54,33.212,90.06,normal,healthy,synthetic_prototype_dataset
2026-07-06T16:00:00,HV-2026-004,4,35.09,63.23,33.239,88.45,normal,healthy,synthetic_prototype_dataset
2026-07-06T17:00:00,HV-2026-004,4,35.33,63.96,33.278,84.42,normal,healthy,synthetic_prototype_dataset
2026-07-06T18:00:00,HV-2026-004,4,33.98,62.1,33.309,88.22,normal,healthy,synthetic_prototype_dataset
2026-07-06T19:00:00,HV-2026-004,4,34.73,62.98,33.293,90.74,normal,healthy,synthetic_prototype_dataset
2026-07-06T20:00:00,HV-2026-004,4,33.93,62.84,33.258,88.6,normal,healthy,synthetic_prototype_dataset
2026-07-06T21:00:00,HV-2026-004,4,34.04,72.35,33.268,88.34,normal,healthy,synthetic_prototype_dataset
2026-07-06T22:00:00,HV-2026-004,4,32.85,71.2,33.347,92.52,normal,healthy,synthetic_prototype_dataset
2026-07-06T23:00:00,HV-2026-004,4,33.08,69.25,33.372,91.94,normal,healthy,synthetic_prototype_dataset
2026-07-07T00:00:00,HV-2026-004,4,32.93,67.56,33.384,75.02,normal,healthy,synthetic_prototype_dataset
2026-07-07T01:00:00,HV-2026-004,4,32.34,71.0,33.427,82.51,normal,healthy,synthetic_prototype_dataset
2026-07-07T02:00:00,HV-2026-004,4,32.69,71.2,33.486,77.82,normal,healthy,synthetic_prototype_dataset
2026-07-07T03:00:00,HV-2026-004,4,33.04,66.86,33.514,76.32,normal,healthy,synthetic_prototype_dataset
2026-07-07T04:00:00,HV-2026-004,4,33.51,69.65,33.525,69.37,normal,warning,synthetic_prototype_dataset
2026-07-07T05:00:00,HV-2026-004,4,33.97,66.5,33.562,77.17,normal,healthy,synthetic_prototype_dataset
2026-07-07T06:00:00,HV-2026-004,4,35.08,61.82,33.572,81.41,normal,healthy,synthetic_prototype_dataset
2026-07-07T07:00:00,HV-2026-004,4,33.86,61.92,33.64,82.08,normal,healthy,synthetic_prototype_dataset
2026-07-07T08:00:00,HV-2026-004,4,35.36,61.56,33.634,84.43,normal,healthy,synthetic_prototype_dataset
2026-07-07T09:00:00,HV-2026-004,4,34.79,56.82,33.681,79.63,normal,healthy,synthetic_prototype_dataset
2026-07-07T10:00:00,HV-2026-004,4,35.63,58.54,33.781,84.52,normal,healthy,synthetic_prototype_dataset
2026-07-07T11:00:00,HV-2026-004,4,35.39,58.28,33.793,87.72,normal,healthy,synthetic_prototype_dataset
2026-07-07T12:00:00,HV-2026-004,4,35.74,57.55,33.773,78.02,normal,healthy,synthetic_prototype_dataset
2026-07-07T13:00:00,HV-2026-004,4,34.99,60.21,33.776,89.67,normal,healthy,synthetic_prototype_dataset
2026-07-07T14:00:00,HV-2026-004,4,35.25,57.33,33.816,93.88,normal,healthy,synthetic_prototype_dataset
2026-07-07T15:00:00,HV-2026-004,4,35.59,59.57,33.902,86.72,normal,healthy,synthetic_prototype_dataset
2026-07-07T16:00:00,HV-2026-004,4,35.54,61.95,33.971,88.98,normal,healthy,synthetic_prototype_dataset
2026-07-07T17:00:00,HV-2026-004,4,34.55,60.45,33.977,86.67,normal,healthy,synthetic_prototype_dataset
2026-07-07T18:00:00,HV-2026-004,4,34.58,63.41,34.022,91.71,normal,healthy,synthetic_prototype_dataset
2026-07-07T19:00:00,HV-2026-004,4,33.6,63.67,34.039,87.17,normal,healthy,synthetic_prototype_dataset
2026-07-07T20:00:00,HV-2026-004,4,33.37,70.38,34.01,96.6,normal,healthy,synthetic_prototype_dataset
2026-07-07T21:00:00,HV-2026-004,4,33.62,70.55,34.065,91.09,normal,healthy,synthetic_prototype_dataset
2026-07-07T22:00:00,HV-2026-004,4,34.03,67.94,34.085,85.14,normal,healthy,synthetic_prototype_dataset
2026-07-07T23:00:00,HV-2026-004,4,32.39,69.4,34.176,86.5,normal,healthy,synthetic_prototype_dataset
2026-07-08T00:00:00,HV-2026-004,4,34.06,74.42,34.305,82.67,normal,healthy,synthetic_prototype_dataset
2026-07-08T01:00:00,HV-2026-004,4,34.27,71.01,34.338,77.03,normal,healthy,synthetic_prototype_dataset
2026-07-08T02:00:00,HV-2026-004,4,33.34,69.99,34.39,74.37,normal,healthy,synthetic_prototype_dataset
2026-07-08T03:00:00,HV-2026-004,4,32.93,69.27,34.39,73.94,normal,healthy,synthetic_prototype_dataset
2026-07-08T04:00:00,HV-2026-004,4,33.75,66.49,34.454,75.42,normal,healthy,synthetic_prototype_dataset
2026-07-08T05:00:00,HV-2026-004,4,34.65,65.84,34.476,76.55,normal,healthy,synthetic_prototype_dataset
2026-07-08T06:00:00,HV-2026-004,4,33.89,64.27,34.531,79.47,normal,healthy,synthetic_prototype_dataset
2026-07-08T07:00:00,HV-2026-004,4,34.2,59.12,34.537,82.67,normal,healthy,synthetic_prototype_dataset
2026-07-08T08:00:00,HV-2026-004,4,35.22,58.77,34.516,77.23,normal,healthy,synthetic_prototype_dataset
2026-07-08T09:00:00,HV-2026-004,4,35.05,60.4,34.585,77.68,normal,healthy,synthetic_prototype_dataset
2026-07-08T10:00:00,HV-2026-004,4,35.93,58.77,34.582,82.71,normal,healthy,synthetic_prototype_dataset
2026-07-08T11:00:00,HV-2026-004,4,35.88,57.19,34.563,84.98,normal,healthy,synthetic_prototype_dataset
2026-07-08T12:00:00,HV-2026-004,4,36.05,59.51,34.582,83.61,normal,warning,synthetic_prototype_dataset
2026-07-08T13:00:00,HV-2026-004,4,35.63,57.42,34.628,89.22,normal,healthy,synthetic_prototype_dataset
2026-07-08T14:00:00,HV-2026-004,4,35.09,58.31,34.644,87.62,normal,healthy,synthetic_prototype_dataset
2026-07-08T15:00:00,HV-2026-004,4,36.16,56.2,34.675,83.38,normal,warning,synthetic_prototype_dataset
2026-07-08T16:00:00,HV-2026-004,4,35.19,62.05,34.719,89.11,normal,healthy,synthetic_prototype_dataset
2026-07-08T17:00:00,HV-2026-004,4,35.4,62.44,34.781,92.38,normal,healthy,synthetic_prototype_dataset
2026-07-08T18:00:00,HV-2026-004,4,33.17,63.52,34.773,87.1,normal,healthy,synthetic_prototype_dataset
2026-07-08T19:00:00,HV-2026-004,4,34.8,64.8,34.865,84.95,normal,healthy,synthetic_prototype_dataset
2026-07-08T20:00:00,HV-2026-004,4,33.33,68.53,34.878,90.6,normal,healthy,synthetic_prototype_dataset
2026-07-08T21:00:00,HV-2026-004,4,33.5,68.35,34.892,89.56,normal,healthy,synthetic_prototype_dataset
2026-07-08T22:00:00,HV-2026-004,4,33.63,72.63,34.91,86.75,normal,healthy,synthetic_prototype_dataset
2026-07-08T23:00:00,HV-2026-004,4,32.98,73.07,34.959,80.46,normal,healthy,synthetic_prototype_dataset
2026-07-09T00:00:00,HV-2026-004,4,32.35,69.02,34.992,75.88,normal,healthy,synthetic_prototype_dataset
2026-07-09T01:00:00,HV-2026-004,4,33.5,69.96,35.066,78.7,normal,healthy,synthetic_prototype_dataset
2026-07-09T02:00:00,HV-2026-004,4,33.43,71.64,35.033,75.7,normal,healthy,synthetic_prototype_dataset
2026-07-09T03:00:00,HV-2026-004,4,33.66,69.55,34.998,75.09,normal,healthy,synthetic_prototype_dataset
2026-07-09T04:00:00,HV-2026-004,4,34.05,67.87,35.065,78.67,normal,healthy,synthetic_prototype_dataset
2026-07-09T05:00:00,HV-2026-004,4,34.16,66.54,35.083,76.51,normal,healthy,synthetic_prototype_dataset
2026-07-09T06:00:00,HV-2026-004,4,34.88,63.43,35.12,79.36,normal,healthy,synthetic_prototype_dataset
2026-07-09T07:00:00,HV-2026-004,4,35.18,63.92,35.227,80.29,normal,healthy,synthetic_prototype_dataset
2026-07-09T08:00:00,HV-2026-004,4,34.96,60.93,35.273,81.77,normal,healthy,synthetic_prototype_dataset
2026-07-09T09:00:00,HV-2026-004,4,36.11,55.53,35.36,87.05,normal,warning,synthetic_prototype_dataset
2026-07-09T10:00:00,HV-2026-004,4,35.9,58.52,35.389,83.02,normal,healthy,synthetic_prototype_dataset
2026-07-09T11:00:00,HV-2026-004,4,36.09,57.89,35.455,86.09,normal,warning,synthetic_prototype_dataset
2026-07-09T12:00:00,HV-2026-004,4,36.22,57.93,35.462,87.24,normal,warning,synthetic_prototype_dataset
2026-07-09T13:00:00,HV-2026-004,4,36.61,56.7,35.557,79.61,normal,warning,synthetic_prototype_dataset
2026-07-09T14:00:00,HV-2026-004,4,35.63,56.3,35.648,93.87,normal,healthy,synthetic_prototype_dataset
2026-07-09T15:00:00,HV-2026-004,4,35.39,60.67,35.746,88.82,normal,healthy,synthetic_prototype_dataset
2026-07-09T16:00:00,HV-2026-004,4,35.23,61.33,35.754,89.91,normal,healthy,synthetic_prototype_dataset
2026-07-09T17:00:00,HV-2026-004,4,35.82,60.8,35.818,91.71,normal,healthy,synthetic_prototype_dataset
2026-07-09T18:00:00,HV-2026-004,4,34.45,63.91,35.909,91.94,normal,healthy,synthetic_prototype_dataset
2026-07-09T19:00:00,HV-2026-004,4,34.5,68.21,35.924,86.22,normal,healthy,synthetic_prototype_dataset
2026-07-09T20:00:00,HV-2026-004,4,34.67,67.26,35.98,86.85,normal,healthy,synthetic_prototype_dataset
2026-07-09T21:00:00,HV-2026-004,4,33.78,66.49,36.008,86.67,normal,healthy,synthetic_prototype_dataset
2026-07-09T22:00:00,HV-2026-004,4,33.0,69.03,35.952,84.06,normal,healthy,synthetic_prototype_dataset
2026-07-09T23:00:00,HV-2026-004,4,33.62,70.9,35.94,89.02,normal,healthy,synthetic_prototype_dataset
2026-07-10T00:00:00,HV-2026-004,4,32.87,71.68,35.961,74.86,normal,healthy,synthetic_prototype_dataset
2026-07-10T01:00:00,HV-2026-004,4,33.27,74.75,35.959,76.79,normal,healthy,synthetic_prototype_dataset
2026-07-10T02:00:00,HV-2026-004,4,33.79,67.71,35.928,73.9,normal,healthy,synthetic_prototype_dataset
2026-07-10T03:00:00,HV-2026-004,4,33.99,67.72,35.945,79.19,normal,healthy,synthetic_prototype_dataset
2026-07-10T04:00:00,HV-2026-004,4,33.55,66.72,35.917,77.12,normal,healthy,synthetic_prototype_dataset
2026-07-10T05:00:00,HV-2026-004,4,34.33,66.63,35.902,75.33,normal,healthy,synthetic_prototype_dataset
2026-07-10T06:00:00,HV-2026-004,4,33.99,62.94,35.979,74.88,normal,healthy,synthetic_prototype_dataset
2026-07-10T07:00:00,HV-2026-004,4,34.29,60.35,35.948,73.29,normal,healthy,synthetic_prototype_dataset
2026-07-10T08:00:00,HV-2026-004,4,35.52,57.28,35.988,79.71,normal,healthy,synthetic_prototype_dataset
2026-07-10T09:00:00,HV-2026-004,4,35.25,58.84,35.989,84.3,normal,healthy,synthetic_prototype_dataset
2026-07-10T10:00:00,HV-2026-004,4,35.38,56.62,36.01,85.41,normal,healthy,synthetic_prototype_dataset
2026-07-10T11:00:00,HV-2026-004,4,36.07,51.9,36.059,77.95,normal,warning,synthetic_prototype_dataset
2026-07-10T12:00:00,HV-2026-004,4,35.71,56.19,36.089,87.65,normal,healthy,synthetic_prototype_dataset
2026-07-10T13:00:00,HV-2026-004,4,36.15,55.23,36.104,85.96,normal,warning,synthetic_prototype_dataset
2026-07-10T14:00:00,HV-2026-004,4,35.0,56.46,36.193,82.85,normal,healthy,synthetic_prototype_dataset
2026-07-10T15:00:00,HV-2026-004,4,35.33,57.37,36.304,87.05,normal,healthy,synthetic_prototype_dataset
2026-07-10T16:00:00,HV-2026-004,4,35.0,58.03,36.342,90.47,normal,healthy,synthetic_prototype_dataset
2026-07-10T17:00:00,HV-2026-004,4,34.5,63.35,36.386,92.86,normal,healthy,synthetic_prototype_dataset
2026-07-10T18:00:00,HV-2026-004,4,34.42,63.82,36.408,95.1,normal,healthy,synthetic_prototype_dataset
2026-07-10T19:00:00,HV-2026-004,4,34.28,65.21,36.417,88.07,normal,healthy,synthetic_prototype_dataset
2026-07-10T20:00:00,HV-2026-004,4,34.02,68.36,36.418,89.97,normal,healthy,synthetic_prototype_dataset
2026-07-10T21:00:00,HV-2026-004,4,33.73,68.98,36.383,85.7,normal,healthy,synthetic_prototype_dataset
2026-07-10T22:00:00,HV-2026-004,4,32.83,69.5,36.377,86.39,normal,healthy,synthetic_prototype_dataset
2026-07-10T23:00:00,HV-2026-004,4,32.77,69.42,36.362,89.76,normal,healthy,synthetic_prototype_dataset
2026-07-11T00:00:00,HV-2026-004,4,33.52,70.54,36.377,68.87,normal,warning,synthetic_prototype_dataset
2026-07-11T01:00:00,HV-2026-004,4,33.14,68.66,36.41,78.17,normal,healthy,synthetic_prototype_dataset
2026-07-11T02:00:00,HV-2026-004,4,33.63,71.6,36.415,73.87,normal,healthy,synthetic_prototype_dataset
2026-07-11T03:00:00,HV-2026-004,4,34.15,68.52,36.432,82.46,normal,healthy,synthetic_prototype_dataset
2026-07-11T04:00:00,HV-2026-004,4,34.22,66.42,36.433,80.64,normal,healthy,synthetic_prototype_dataset
2026-07-11T05:00:00,HV-2026-004,4,34.36,65.12,36.481,79.08,normal,healthy,synthetic_prototype_dataset
2026-07-11T06:00:00,HV-2026-004,4,34.85,64.86,36.522,77.94,normal,healthy,synthetic_prototype_dataset
2026-07-11T07:00:00,HV-2026-004,4,34.61,64.71,36.504,78.91,normal,healthy,synthetic_prototype_dataset
2026-07-11T08:00:00,HV-2026-004,4,34.65,59.59,36.514,80.1,normal,healthy,synthetic_prototype_dataset
2026-07-11T09:00:00,HV-2026-004,4,35.68,56.6,36.547,86.24,normal,healthy,synthetic_prototype_dataset
2026-07-11T10:00:00,HV-2026-004,4,35.14,55.67,36.614,83.27,normal,healthy,synthetic_prototype_dataset
2026-07-11T11:00:00,HV-2026-004,4,35.93,58.35,36.627,82.7,normal,healthy,synthetic_prototype_dataset
2026-07-11T12:00:00,HV-2026-004,4,35.62,55.64,36.717,79.95,normal,healthy,synthetic_prototype_dataset
2026-07-11T13:00:00,HV-2026-004,4,35.32,54.05,36.809,84.96,normal,healthy,synthetic_prototype_dataset
2026-07-11T14:00:00,HV-2026-004,4,35.59,54.3,36.842,91.16,normal,healthy,synthetic_prototype_dataset
2026-07-11T15:00:00,HV-2026-004,4,35.64,58.12,36.828,87.79,normal,healthy,synthetic_prototype_dataset
2026-07-11T16:00:00,HV-2026-004,4,35.32,57.98,36.888,92.62,normal,healthy,synthetic_prototype_dataset
2026-07-11T17:00:00,HV-2026-004,4,34.7,62.76,36.918,93.9,normal,healthy,synthetic_prototype_dataset
2026-07-11T18:00:00,HV-2026-004,4,35.52,61.3,36.975,94.57,normal,healthy,synthetic_prototype_dataset
2026-07-11T19:00:00,HV-2026-004,4,33.83,64.04,36.98,89.42,normal,healthy,synthetic_prototype_dataset
2026-07-11T20:00:00,HV-2026-004,4,33.8,66.41,37.034,82.89,normal,healthy,synthetic_prototype_dataset
2026-07-11T21:00:00,HV-2026-004,4,33.25,69.42,37.078,85.23,normal,healthy,synthetic_prototype_dataset
2026-07-11T22:00:00,HV-2026-004,4,33.73,71.72,37.101,84.6,normal,healthy,synthetic_prototype_dataset
2026-07-11T23:00:00,HV-2026-004,4,33.74,73.13,37.095,87.24,normal,healthy,synthetic_prototype_dataset
2026-07-12T00:00:00,HV-2026-004,4,33.83,70.38,37.059,77.55,normal,healthy,synthetic_prototype_dataset
2026-07-12T01:00:00,HV-2026-004,4,32.94,67.65,37.024,80.17,normal,healthy,synthetic_prototype_dataset
2026-07-12T02:00:00,HV-2026-004,4,33.14,69.84,37.069,76.57,normal,healthy,synthetic_prototype_dataset
2026-07-12T03:00:00,HV-2026-004,4,33.85,68.81,37.099,73.34,normal,healthy,synthetic_prototype_dataset
2026-07-12T04:00:00,HV-2026-004,4,33.61,66.48,37.12,77.5,normal,healthy,synthetic_prototype_dataset
2026-07-12T05:00:00,HV-2026-004,4,34.8,65.6,37.116,68.37,normal,warning,synthetic_prototype_dataset
2026-07-12T06:00:00,HV-2026-004,4,34.29,60.75,37.116,76.85,normal,healthy,synthetic_prototype_dataset
2026-07-12T07:00:00,HV-2026-004,4,35.01,64.71,37.157,84.51,normal,healthy,synthetic_prototype_dataset
2026-07-12T08:00:00,HV-2026-004,4,35.61,61.63,37.175,75.86,normal,healthy,synthetic_prototype_dataset
2026-07-12T09:00:00,HV-2026-004,4,35.36,58.2,37.187,77.85,normal,healthy,synthetic_prototype_dataset
2026-07-12T10:00:00,HV-2026-004,4,35.95,55.3,37.171,79.07,normal,healthy,synthetic_prototype_dataset
2026-07-12T11:00:00,HV-2026-004,4,35.79,54.63,37.203,86.62,normal,healthy,synthetic_prototype_dataset
2026-07-12T12:00:00,HV-2026-004,4,36.2,54.98,37.2,82.5,normal,warning,synthetic_prototype_dataset
2026-07-12T13:00:00,HV-2026-004,4,36.19,58.01,37.255,89.98,normal,warning,synthetic_prototype_dataset
2026-07-12T14:00:00,HV-2026-004,4,36.54,56.24,37.35,83.41,normal,warning,synthetic_prototype_dataset
2026-07-12T15:00:00,HV-2026-004,4,36.02,59.5,37.321,85.43,normal,warning,synthetic_prototype_dataset
2026-07-12T16:00:00,HV-2026-004,4,34.74,56.47,37.39,96.76,normal,healthy,synthetic_prototype_dataset
2026-07-12T17:00:00,HV-2026-004,4,34.86,62.9,37.476,90.61,normal,healthy,synthetic_prototype_dataset
2026-07-12T18:00:00,HV-2026-004,4,34.63,62.73,37.524,93.06,normal,healthy,synthetic_prototype_dataset
2026-07-12T19:00:00,HV-2026-004,4,34.51,65.75,37.547,84.3,normal,healthy,synthetic_prototype_dataset
2026-07-12T20:00:00,HV-2026-004,4,34.39,64.36,37.594,92.17,normal,healthy,synthetic_prototype_dataset
2026-07-12T21:00:00,HV-2026-004,4,33.21,67.03,37.693,88.66,normal,healthy,synthetic_prototype_dataset
2026-07-12T22:00:00,HV-2026-004,4,32.96,70.68,37.691,81.4,normal,healthy,synthetic_prototype_dataset
2026-07-12T23:00:00,HV-2026-004,4,33.62,68.28,37.727,84.26,normal,healthy,synthetic_prototype_dataset
2026-07-13T00:00:00,HV-2026-004,4,33.68,70.43,37.662,77.34,normal,healthy,synthetic_prototype_dataset
2026-07-13T01:00:00,HV-2026-004,4,33.28,72.41,37.701,78.65,normal,healthy,synthetic_prototype_dataset
2026-07-13T02:00:00,HV-2026-004,4,33.22,67.74,37.725,74.74,normal,healthy,synthetic_prototype_dataset
2026-07-13T03:00:00,HV-2026-004,4,34.35,67.77,37.707,73.1,normal,healthy,synthetic_prototype_dataset
2026-07-13T04:00:00,HV-2026-004,4,34.45,66.3,37.724,79.71,normal,healthy,synthetic_prototype_dataset
2026-07-13T05:00:00,HV-2026-004,4,33.92,60.89,37.719,76.85,normal,healthy,synthetic_prototype_dataset
2026-07-13T06:00:00,HV-2026-004,4,34.55,60.29,37.78,76.57,normal,healthy,synthetic_prototype_dataset
2026-07-13T07:00:00,HV-2026-004,4,35.18,62.04,37.759,78.89,normal,healthy,synthetic_prototype_dataset
2026-07-13T08:00:00,HV-2026-004,4,35.72,61.65,37.814,81.42,normal,healthy,synthetic_prototype_dataset
2026-07-13T09:00:00,HV-2026-004,4,34.8,58.12,37.815,85.85,normal,healthy,synthetic_prototype_dataset
2026-07-13T10:00:00,HV-2026-004,4,36.3,55.32,37.851,81.77,normal,warning,synthetic_prototype_dataset
2026-07-13T11:00:00,HV-2026-004,4,36.33,53.32,37.814,82.37,normal,warning,synthetic_prototype_dataset
2026-07-13T12:00:00,HV-2026-004,4,34.83,56.38,37.877,90.23,normal,healthy,synthetic_prototype_dataset
2026-07-13T13:00:00,HV-2026-004,4,35.64,56.63,37.943,82.99,normal,healthy,synthetic_prototype_dataset
2026-07-13T14:00:00,HV-2026-004,4,36.2,57.53,37.964,87.19,normal,warning,synthetic_prototype_dataset
2026-07-13T15:00:00,HV-2026-004,4,35.52,59.55,37.992,89.73,normal,healthy,synthetic_prototype_dataset
2026-07-13T16:00:00,HV-2026-004,4,35.04,57.91,38.036,86.38,normal,healthy,synthetic_prototype_dataset
2026-07-13T17:00:00,HV-2026-004,4,35.36,62.35,38.043,90.63,normal,healthy,synthetic_prototype_dataset
2026-07-13T18:00:00,HV-2026-004,4,34.32,60.21,38.052,89.82,normal,healthy,synthetic_prototype_dataset
2026-07-13T19:00:00,HV-2026-004,4,34.56,65.18,38.109,86.45,normal,healthy,synthetic_prototype_dataset
2026-07-13T20:00:00,HV-2026-004,4,33.85,69.56,38.066,87.94,normal,healthy,synthetic_prototype_dataset
2026-07-13T21:00:00,HV-2026-004,4,33.26,67.7,38.076,91.04,normal,healthy,synthetic_prototype_dataset
2026-07-13T22:00:00,HV-2026-004,4,33.65,66.81,38.08,88.12,normal,healthy,synthetic_prototype_dataset
2026-07-13T23:00:00,HV-2026-004,4,33.74,74.24,38.13,83.56,normal,healthy,synthetic_prototype_dataset
2026-07-14T00:00:00,HV-2026-004,4,33.34,70.37,38.137,77.65,normal,healthy,synthetic_prototype_dataset
2026-07-14T01:00:00,HV-2026-004,4,32.41,70.8,38.145,75.62,normal,healthy,synthetic_prototype_dataset
2026-07-14T02:00:00,HV-2026-004,4,34.22,66.84,38.18,78.78,normal,healthy,synthetic_prototype_dataset
2026-07-14T03:00:00,HV-2026-004,4,33.84,65.09,38.252,75.26,normal,healthy,synthetic_prototype_dataset
2026-07-14T04:00:00,HV-2026-004,4,33.8,65.98,38.264,71.83,normal,healthy,synthetic_prototype_dataset
2026-07-14T05:00:00,HV-2026-004,4,34.42,63.78,38.312,77.81,normal,healthy,synthetic_prototype_dataset
2026-07-14T06:00:00,HV-2026-004,4,35.42,62.66,38.309,70.86,normal,healthy,synthetic_prototype_dataset
2026-07-14T07:00:00,HV-2026-004,4,36.01,62.42,38.31,83.7,normal,warning,synthetic_prototype_dataset
2026-07-14T08:00:00,HV-2026-004,4,35.94,57.11,38.313,79.16,normal,healthy,synthetic_prototype_dataset
2026-07-14T09:00:00,HV-2026-004,4,35.12,57.92,38.372,76.55,normal,healthy,synthetic_prototype_dataset
2026-07-14T10:00:00,HV-2026-004,4,35.94,59.08,38.424,82.74,normal,healthy,synthetic_prototype_dataset
2026-07-14T11:00:00,HV-2026-004,4,35.64,57.78,38.423,85.37,normal,healthy,synthetic_prototype_dataset
2026-07-14T12:00:00,HV-2026-004,4,36.0,58.07,38.445,84.16,normal,healthy,synthetic_prototype_dataset
2026-07-14T13:00:00,HV-2026-004,4,35.38,57.07,38.473,84.09,normal,healthy,synthetic_prototype_dataset
2026-07-14T14:00:00,HV-2026-004,4,35.47,57.95,38.477,84.57,normal,healthy,synthetic_prototype_dataset
2026-07-14T15:00:00,HV-2026-004,4,36.01,57.79,38.551,87.63,normal,warning,synthetic_prototype_dataset
2026-07-14T16:00:00,HV-2026-004,4,35.33,59.83,38.637,94.09,normal,healthy,synthetic_prototype_dataset
2026-07-14T17:00:00,HV-2026-004,4,35.54,60.1,38.637,92.54,normal,healthy,synthetic_prototype_dataset
2026-07-14T18:00:00,HV-2026-004,4,35.3,65.14,38.667,92.55,normal,healthy,synthetic_prototype_dataset
2026-07-14T19:00:00,HV-2026-004,4,34.68,65.12,38.699,90.22,normal,healthy,synthetic_prototype_dataset
2026-07-14T20:00:00,HV-2026-004,4,33.68,65.31,38.699,83.93,normal,healthy,synthetic_prototype_dataset
2026-07-14T21:00:00,HV-2026-004,4,33.83,67.92,38.751,93.35,normal,healthy,synthetic_prototype_dataset
2026-07-14T22:00:00,HV-2026-004,4,34.15,71.66,38.749,83.11,normal,healthy,synthetic_prototype_dataset
2026-07-14T23:00:00,HV-2026-004,4,33.85,72.29,38.829,88.8,normal,healthy,synthetic_prototype_dataset
2026-07-15T00:00:00,HV-2026-004,4,32.5,70.67,38.873,80.38,normal,healthy,synthetic_prototype_dataset
2026-07-15T01:00:00,HV-2026-004,4,34.08,71.41,38.878,72.4,normal,healthy,synthetic_prototype_dataset
2026-07-15T02:00:00,HV-2026-004,4,33.81,67.65,38.954,70.03,normal,healthy,synthetic_prototype_dataset
2026-07-15T03:00:00,HV-2026-004,4,34.03,68.54,38.972,72.76,normal,healthy,synthetic_prototype_dataset
2026-07-15T04:00:00,HV-2026-004,4,33.12,65.55,38.979,79.89,normal,healthy,synthetic_prototype_dataset
2026-07-15T05:00:00,HV-2026-004,4,34.01,65.64,38.959,77.68,normal,healthy,synthetic_prototype_dataset
2026-07-15T06:00:00,HV-2026-004,4,33.69,66.78,38.979,66.22,normal,warning,synthetic_prototype_dataset
2026-07-15T07:00:00,HV-2026-004,4,34.71,59.62,38.981,76.55,normal,healthy,synthetic_prototype_dataset
2026-07-15T08:00:00,HV-2026-004,4,35.05,58.04,38.97,82.5,normal,healthy,synthetic_prototype_dataset
2026-07-15T09:00:00,HV-2026-004,4,36.16,57.6,39.003,76.32,normal,warning,synthetic_prototype_dataset
2026-07-15T10:00:00,HV-2026-004,4,35.85,57.36,39.033,84.39,normal,healthy,synthetic_prototype_dataset
2026-07-15T11:00:00,HV-2026-004,4,36.09,54.35,39.116,83.16,normal,warning,synthetic_prototype_dataset
2026-07-15T12:00:00,HV-2026-004,4,36.75,56.77,39.227,84.76,normal,warning,synthetic_prototype_dataset
2026-07-15T13:00:00,HV-2026-004,4,36.05,54.95,39.246,88.59,normal,warning,synthetic_prototype_dataset
2026-07-15T14:00:00,HV-2026-004,4,35.89,55.89,39.317,88.26,normal,healthy,synthetic_prototype_dataset
2026-07-15T15:00:00,HV-2026-004,4,35.99,56.31,39.393,90.69,normal,healthy,synthetic_prototype_dataset
2026-07-15T16:00:00,HV-2026-004,4,35.89,61.27,39.427,88.94,normal,healthy,synthetic_prototype_dataset
2026-07-15T17:00:00,HV-2026-004,4,35.83,60.68,39.488,88.55,normal,healthy,synthetic_prototype_dataset
2026-07-15T18:00:00,HV-2026-004,4,33.86,60.8,39.531,92.45,normal,healthy,synthetic_prototype_dataset
2026-07-15T19:00:00,HV-2026-004,4,34.54,66.89,39.57,87.17,normal,healthy,synthetic_prototype_dataset
2026-07-15T20:00:00,HV-2026-004,4,34.31,66.82,39.575,91.18,normal,healthy,synthetic_prototype_dataset
2026-07-15T21:00:00,HV-2026-004,4,33.81,66.87,39.594,93.88,normal,healthy,synthetic_prototype_dataset
2026-07-15T22:00:00,HV-2026-004,4,34.19,69.41,39.621,83.11,normal,healthy,synthetic_prototype_dataset
2026-07-15T23:00:00,HV-2026-004,4,34.21,71.64,39.672,79.15,normal,healthy,synthetic_prototype_dataset
2026-07-16T00:00:00,HV-2026-004,4,33.42,69.77,39.721,74.42,normal,healthy,synthetic_prototype_dataset
2026-07-16T01:00:00,HV-2026-004,4,33.34,70.88,39.719,73.99,normal,healthy,synthetic_prototype_dataset
2026-07-16T02:00:00,HV-2026-004,4,33.66,71.47,39.772,79.76,normal,healthy,synthetic_prototype_dataset
2026-07-16T03:00:00,HV-2026-004,4,33.81,70.64,39.736,83.08,normal,healthy,synthetic_prototype_dataset
2026-07-16T04:00:00,HV-2026-004,4,35.02,67.32,39.79,75.87,normal,healthy,synthetic_prototype_dataset
2026-07-16T05:00:00,HV-2026-004,4,34.27,63.71,39.814,77.95,normal,healthy,synthetic_prototype_dataset
2026-07-16T06:00:00,HV-2026-004,4,34.89,66.58,39.842,70.79,normal,healthy,synthetic_prototype_dataset
2026-07-16T07:00:00,HV-2026-004,4,35.78,58.99,39.848,78.78,normal,healthy,synthetic_prototype_dataset
2026-07-16T08:00:00,HV-2026-004,4,35.54,56.9,39.851,74.44,normal,healthy,synthetic_prototype_dataset
2026-07-16T09:00:00,HV-2026-004,4,35.9,60.18,39.842,84.84,normal,healthy,synthetic_prototype_dataset
2026-07-16T10:00:00,HV-2026-004,4,36.24,55.75,39.811,77.54,normal,warning,synthetic_prototype_dataset
2026-07-16T11:00:00,HV-2026-004,4,35.69,59.01,39.847,81.0,normal,healthy,synthetic_prototype_dataset
2026-07-16T12:00:00,HV-2026-004,4,36.07,53.67,39.908,82.01,normal,warning,synthetic_prototype_dataset
2026-07-16T13:00:00,HV-2026-004,4,35.58,56.91,40.012,94.8,normal,healthy,synthetic_prototype_dataset
2026-07-16T14:00:00,HV-2026-004,4,35.36,55.86,40.072,92.22,normal,healthy,synthetic_prototype_dataset
2026-07-16T15:00:00,HV-2026-004,4,34.65,58.21,40.096,82.2,normal,healthy,synthetic_prototype_dataset
2026-07-16T16:00:00,HV-2026-004,4,34.75,58.48,40.136,93.05,normal,healthy,synthetic_prototype_dataset
2026-07-16T17:00:00,HV-2026-004,4,35.2,62.89,40.171,87.41,normal,healthy,synthetic_prototype_dataset
2026-07-16T18:00:00,HV-2026-004,4,34.62,64.25,40.236,89.48,normal,healthy,synthetic_prototype_dataset
2026-07-16T19:00:00,HV-2026-004,4,33.95,65.42,40.278,94.19,normal,healthy,synthetic_prototype_dataset
2026-07-16T20:00:00,HV-2026-004,4,33.74,65.3,40.33,88.1,normal,healthy,synthetic_prototype_dataset
2026-07-16T21:00:00,HV-2026-004,4,33.58,70.21,40.307,96.13,normal,healthy,synthetic_prototype_dataset
2026-07-16T22:00:00,HV-2026-004,4,33.3,70.62,40.328,89.07,normal,healthy,synthetic_prototype_dataset
2026-07-16T23:00:00,HV-2026-004,4,33.33,71.3,40.341,85.1,normal,healthy,synthetic_prototype_dataset
2026-07-17T00:00:00,HV-2026-004,4,34.21,70.06,40.342,70.78,normal,healthy,synthetic_prototype_dataset
2026-07-17T01:00:00,HV-2026-004,4,34.28,68.78,40.439,77.4,normal,healthy,synthetic_prototype_dataset
2026-07-17T02:00:00,HV-2026-004,4,33.63,69.38,40.542,68.33,normal,warning,synthetic_prototype_dataset
2026-07-17T03:00:00,HV-2026-004,4,33.87,67.48,40.559,76.52,normal,healthy,synthetic_prototype_dataset
2026-07-17T04:00:00,HV-2026-004,4,33.93,66.85,40.583,71.4,normal,healthy,synthetic_prototype_dataset
2026-07-17T05:00:00,HV-2026-004,4,34.53,66.11,40.589,82.54,normal,healthy,synthetic_prototype_dataset
2026-07-17T06:00:00,HV-2026-004,4,35.3,64.53,40.644,76.11,normal,healthy,synthetic_prototype_dataset
2026-07-17T07:00:00,HV-2026-004,4,35.55,64.03,40.697,75.83,normal,healthy,synthetic_prototype_dataset
2026-07-17T08:00:00,HV-2026-004,4,35.33,60.54,40.756,79.35,normal,healthy,synthetic_prototype_dataset
2026-07-17T09:00:00,HV-2026-004,4,35.36,60.91,40.752,78.06,normal,healthy,synthetic_prototype_dataset
2026-07-17T10:00:00,HV-2026-004,4,35.22,55.25,40.834,87.48,normal,healthy,synthetic_prototype_dataset
2026-07-17T11:00:00,HV-2026-004,4,35.92,57.14,40.874,80.35,normal,healthy,synthetic_prototype_dataset
2026-07-17T12:00:00,HV-2026-004,4,36.99,58.49,40.929,75.94,normal,warning,synthetic_prototype_dataset
2026-07-17T13:00:00,HV-2026-004,4,35.85,55.0,40.975,88.19,normal,healthy,synthetic_prototype_dataset
2026-07-17T14:00:00,HV-2026-004,4,35.67,54.33,41.092,88.96,normal,healthy,synthetic_prototype_dataset
2026-07-17T15:00:00,HV-2026-004,4,35.82,57.3,41.078,88.64,normal,healthy,synthetic_prototype_dataset
2026-07-17T16:00:00,HV-2026-004,4,35.2,60.79,41.147,92.2,normal,healthy,synthetic_prototype_dataset
2026-07-17T17:00:00,HV-2026-004,4,35.48,64.45,41.195,93.73,normal,healthy,synthetic_prototype_dataset
2026-07-17T18:00:00,HV-2026-004,4,34.92,59.59,41.219,86.96,normal,healthy,synthetic_prototype_dataset
2026-07-17T19:00:00,HV-2026-004,4,34.46,63.4,41.266,93.31,normal,healthy,synthetic_prototype_dataset
2026-07-17T20:00:00,HV-2026-004,4,34.59,69.43,41.232,85.33,normal,healthy,synthetic_prototype_dataset
2026-07-17T21:00:00,HV-2026-004,4,35.09,69.78,41.265,89.05,normal,healthy,synthetic_prototype_dataset
2026-07-17T22:00:00,HV-2026-004,4,33.54,65.59,41.263,87.73,normal,healthy,synthetic_prototype_dataset
2026-07-17T23:00:00,HV-2026-004,4,33.12,68.72,41.377,86.23,normal,healthy,synthetic_prototype_dataset
2026-07-18T00:00:00,HV-2026-004,4,33.51,70.48,41.423,74.33,normal,healthy,synthetic_prototype_dataset
2026-07-18T01:00:00,HV-2026-004,4,33.99,70.6,41.403,75.62,normal,healthy,synthetic_prototype_dataset
2026-07-18T02:00:00,HV-2026-004,4,33.48,68.71,41.446,78.22,normal,healthy,synthetic_prototype_dataset
2026-07-18T03:00:00,HV-2026-004,4,34.0,68.6,41.474,68.47,normal,warning,synthetic_prototype_dataset
2026-07-18T04:00:00,HV-2026-004,4,34.38,67.42,41.464,76.98,normal,healthy,synthetic_prototype_dataset
2026-07-18T05:00:00,HV-2026-004,4,34.64,66.96,41.507,77.13,normal,healthy,synthetic_prototype_dataset
2026-07-18T06:00:00,HV-2026-004,4,35.11,62.49,41.546,73.83,normal,healthy,synthetic_prototype_dataset
2026-07-18T07:00:00,HV-2026-004,4,35.52,58.33,41.6,77.89,normal,healthy,synthetic_prototype_dataset
2026-07-18T08:00:00,HV-2026-004,4,35.77,58.14,41.633,79.84,normal,healthy,synthetic_prototype_dataset
2026-07-18T09:00:00,HV-2026-004,4,35.8,56.21,41.689,74.9,normal,healthy,synthetic_prototype_dataset
2026-07-18T10:00:00,HV-2026-004,4,35.51,54.17,41.756,84.4,normal,healthy,synthetic_prototype_dataset
2026-07-18T11:00:00,HV-2026-004,4,36.15,58.93,41.785,85.64,normal,warning,synthetic_prototype_dataset
2026-07-18T12:00:00,HV-2026-004,4,36.01,55.89,41.873,93.09,normal,warning,synthetic_prototype_dataset
2026-07-18T13:00:00,HV-2026-004,4,35.75,57.78,41.928,88.27,normal,healthy,synthetic_prototype_dataset
2026-07-18T14:00:00,HV-2026-004,4,35.92,56.38,41.845,93.5,normal,healthy,synthetic_prototype_dataset
2026-07-18T15:00:00,HV-2026-004,4,35.29,57.66,41.877,86.19,normal,healthy,synthetic_prototype_dataset
2026-07-18T16:00:00,HV-2026-004,4,35.44,59.46,41.89,90.05,normal,healthy,synthetic_prototype_dataset
2026-07-18T17:00:00,HV-2026-004,4,35.01,62.9,41.877,87.06,normal,healthy,synthetic_prototype_dataset
2026-07-18T18:00:00,HV-2026-004,4,35.01,61.89,41.875,87.93,normal,healthy,synthetic_prototype_dataset
2026-07-18T19:00:00,HV-2026-004,4,34.3,64.68,41.893,86.28,normal,healthy,synthetic_prototype_dataset
2026-07-18T20:00:00,HV-2026-004,4,34.38,68.93,41.851,84.09,normal,healthy,synthetic_prototype_dataset
2026-07-18T21:00:00,HV-2026-004,4,34.22,70.82,41.801,91.79,normal,healthy,synthetic_prototype_dataset
2026-07-18T22:00:00,HV-2026-004,4,34.3,67.55,41.882,87.5,normal,healthy,synthetic_prototype_dataset
2026-07-18T23:00:00,HV-2026-004,4,33.57,68.51,41.942,90.03,normal,healthy,synthetic_prototype_dataset
2026-07-19T00:00:00,HV-2026-004,4,34.14,72.69,41.966,86.88,normal,healthy,synthetic_prototype_dataset
2026-07-19T01:00:00,HV-2026-004,4,34.02,70.83,41.957,70.64,normal,healthy,synthetic_prototype_dataset
2026-07-19T02:00:00,HV-2026-004,4,32.89,67.48,42.03,77.7,normal,healthy,synthetic_prototype_dataset
2026-07-19T03:00:00,HV-2026-004,4,33.47,67.8,42.046,78.8,normal,healthy,synthetic_prototype_dataset
2026-07-19T04:00:00,HV-2026-004,4,33.62,67.23,42.081,73.03,normal,healthy,synthetic_prototype_dataset
2026-07-19T05:00:00,HV-2026-004,4,35.04,64.38,42.072,78.99,normal,healthy,synthetic_prototype_dataset
2026-07-19T06:00:00,HV-2026-004,4,34.69,63.83,42.055,78.84,normal,healthy,synthetic_prototype_dataset
2026-07-19T07:00:00,HV-2026-004,4,35.98,59.01,42.092,75.08,normal,healthy,synthetic_prototype_dataset
2026-07-19T08:00:00,HV-2026-004,4,36.53,61.83,42.132,71.64,normal,warning,synthetic_prototype_dataset
2026-07-19T09:00:00,HV-2026-004,4,35.14,59.49,42.118,76.7,normal,healthy,synthetic_prototype_dataset
2026-07-19T10:00:00,HV-2026-004,4,35.8,57.28,42.169,81.46,normal,healthy,synthetic_prototype_dataset
2026-07-19T11:00:00,HV-2026-004,4,36.34,54.79,42.232,82.92,normal,warning,synthetic_prototype_dataset
2026-07-19T12:00:00,HV-2026-004,4,36.24,58.23,42.258,81.93,normal,warning,synthetic_prototype_dataset
2026-07-19T13:00:00,HV-2026-004,4,35.16,52.7,42.295,86.73,normal,healthy,synthetic_prototype_dataset
2026-07-19T14:00:00,HV-2026-004,4,35.3,55.47,42.391,91.19,normal,healthy,synthetic_prototype_dataset
2026-07-19T15:00:00,HV-2026-004,4,35.02,57.35,42.446,86.74,normal,healthy,synthetic_prototype_dataset
2026-07-19T16:00:00,HV-2026-004,4,34.95,58.99,42.522,93.66,normal,healthy,synthetic_prototype_dataset
2026-07-19T17:00:00,HV-2026-004,4,34.67,62.12,42.555,86.35,normal,healthy,synthetic_prototype_dataset
2026-07-19T18:00:00,HV-2026-004,4,34.53,60.82,42.626,95.43,normal,healthy,synthetic_prototype_dataset
2026-07-19T19:00:00,HV-2026-004,4,34.14,63.74,42.688,94.14,normal,healthy,synthetic_prototype_dataset
2026-07-19T20:00:00,HV-2026-004,4,33.51,66.33,42.711,86.83,normal,healthy,synthetic_prototype_dataset
2026-07-19T21:00:00,HV-2026-004,4,33.92,66.79,42.717,88.58,normal,healthy,synthetic_prototype_dataset
2026-07-19T22:00:00,HV-2026-004,4,32.87,65.46,42.774,85.53,normal,healthy,synthetic_prototype_dataset
2026-07-19T23:00:00,HV-2026-004,4,34.37,73.41,42.781,95.29,normal,healthy,synthetic_prototype_dataset
2026-07-20T00:00:00,HV-2026-004,4,33.76,69.01,42.716,78.41,normal,healthy,synthetic_prototype_dataset
2026-07-20T01:00:00,HV-2026-004,4,33.4,70.71,42.733,72.0,normal,healthy,synthetic_prototype_dataset
2026-07-20T02:00:00,HV-2026-004,4,33.32,70.51,42.745,74.74,normal,healthy,synthetic_prototype_dataset
2026-07-20T03:00:00,HV-2026-004,4,33.04,68.29,42.731,79.21,normal,healthy,synthetic_prototype_dataset
2026-07-20T04:00:00,HV-2026-004,4,33.66,66.14,42.832,74.93,normal,healthy,synthetic_prototype_dataset
2026-07-20T05:00:00,HV-2026-004,4,34.1,66.04,42.795,80.38,normal,healthy,synthetic_prototype_dataset
2026-07-20T06:00:00,HV-2026-004,4,35.09,64.12,42.701,75.09,normal,healthy,synthetic_prototype_dataset
2026-07-20T07:00:00,HV-2026-004,4,34.4,63.38,42.763,79.19,normal,healthy,synthetic_prototype_dataset
2026-07-20T08:00:00,HV-2026-004,4,34.75,62.36,42.784,85.94,normal,healthy,synthetic_prototype_dataset
2026-07-20T09:00:00,HV-2026-004,4,35.68,59.14,42.802,86.28,normal,healthy,synthetic_prototype_dataset
2026-07-20T10:00:00,HV-2026-004,4,36.04,59.71,42.846,82.56,normal,warning,synthetic_prototype_dataset
2026-07-20T11:00:00,HV-2026-004,4,36.16,59.01,42.922,83.87,normal,warning,synthetic_prototype_dataset
2026-07-20T12:00:00,HV-2026-004,4,35.1,57.63,42.914,86.02,normal,healthy,synthetic_prototype_dataset
2026-07-20T13:00:00,HV-2026-004,4,35.84,53.86,42.97,94.65,normal,healthy,synthetic_prototype_dataset
2026-07-20T14:00:00,HV-2026-004,4,35.62,58.49,43.095,91.14,normal,healthy,synthetic_prototype_dataset
2026-07-20T15:00:00,HV-2026-004,4,35.27,58.65,43.152,93.95,normal,healthy,synthetic_prototype_dataset
2026-07-20T16:00:00,HV-2026-004,4,35.84,54.69,43.16,89.28,normal,healthy,synthetic_prototype_dataset
2026-07-20T17:00:00,HV-2026-004,4,34.52,54.7,43.168,89.87,normal,healthy,synthetic_prototype_dataset
2026-07-20T18:00:00,HV-2026-004,4,34.4,61.38,43.2,91.2,normal,healthy,synthetic_prototype_dataset
2026-07-20T19:00:00,HV-2026-004,4,34.09,67.45,43.227,86.83,normal,healthy,synthetic_prototype_dataset
2026-07-20T20:00:00,HV-2026-004,4,33.48,66.29,43.291,86.64,normal,healthy,synthetic_prototype_dataset
2026-07-20T21:00:00,HV-2026-004,4,33.99,68.29,43.385,90.3,normal,healthy,synthetic_prototype_dataset
2026-07-20T22:00:00,HV-2026-004,4,33.2,70.56,43.437,86.73,normal,healthy,synthetic_prototype_dataset
2026-07-20T23:00:00,HV-2026-004,4,32.86,70.9,43.464,81.8,normal,healthy,synthetic_prototype_dataset
2026-07-21T00:00:00,HV-2026-004,4,33.42,69.12,43.436,74.77,normal,healthy,synthetic_prototype_dataset
2026-07-21T01:00:00,HV-2026-004,4,33.93,72.2,43.495,76.94,normal,healthy,synthetic_prototype_dataset
2026-07-21T02:00:00,HV-2026-004,4,33.75,69.51,43.481,72.83,normal,healthy,synthetic_prototype_dataset
2026-07-21T03:00:00,HV-2026-004,4,33.41,70.74,43.544,72.22,normal,healthy,synthetic_prototype_dataset
2026-07-21T04:00:00,HV-2026-004,4,33.98,66.04,43.563,74.12,normal,healthy,synthetic_prototype_dataset
2026-07-21T05:00:00,HV-2026-004,4,34.9,65.05,43.596,76.78,normal,healthy,synthetic_prototype_dataset
2026-07-21T06:00:00,HV-2026-004,4,34.14,63.46,43.658,81.15,normal,healthy,synthetic_prototype_dataset
2026-07-21T07:00:00,HV-2026-004,4,34.43,58.72,43.685,81.71,normal,healthy,synthetic_prototype_dataset
2026-07-21T08:00:00,HV-2026-004,4,35.42,60.99,43.667,77.62,normal,healthy,synthetic_prototype_dataset
2026-07-21T09:00:00,HV-2026-004,4,34.54,58.06,43.625,86.02,normal,healthy,synthetic_prototype_dataset
2026-07-21T10:00:00,HV-2026-004,4,36.43,57.46,43.61,81.29,normal,warning,synthetic_prototype_dataset
2026-07-21T11:00:00,HV-2026-004,4,36.7,57.36,43.692,77.93,normal,warning,synthetic_prototype_dataset
2026-07-21T12:00:00,HV-2026-004,4,35.51,56.14,43.667,93.82,normal,healthy,synthetic_prototype_dataset
2026-07-21T13:00:00,HV-2026-004,4,35.92,58.07,43.694,81.71,normal,healthy,synthetic_prototype_dataset
2026-07-21T14:00:00,HV-2026-004,4,36.37,55.18,43.749,87.06,normal,warning,synthetic_prototype_dataset
2026-07-21T15:00:00,HV-2026-004,4,35.56,56.91,43.784,85.61,normal,healthy,synthetic_prototype_dataset
2026-07-21T16:00:00,HV-2026-004,4,35.62,60.8,43.821,87.53,normal,healthy,synthetic_prototype_dataset
2026-07-21T17:00:00,HV-2026-004,4,35.89,59.11,43.801,89.59,normal,healthy,synthetic_prototype_dataset
2026-07-21T18:00:00,HV-2026-004,4,34.49,65.24,43.853,90.1,normal,healthy,synthetic_prototype_dataset
2026-07-21T19:00:00,HV-2026-004,4,34.49,65.95,43.952,90.77,normal,healthy,synthetic_prototype_dataset
2026-07-21T20:00:00,HV-2026-004,4,33.65,67.13,43.885,89.41,normal,healthy,synthetic_prototype_dataset
2026-07-21T21:00:00,HV-2026-004,4,34.18,69.3,43.921,91.21,normal,healthy,synthetic_prototype_dataset
2026-07-21T22:00:00,HV-2026-004,4,33.98,71.9,43.961,87.02,normal,healthy,synthetic_prototype_dataset
2026-07-21T23:00:00,HV-2026-004,4,32.31,71.79,44.004,87.64,normal,healthy,synthetic_prototype_dataset
2026-07-22T00:00:00,HV-2026-004,4,32.96,72.12,44.02,75.88,normal,healthy,synthetic_prototype_dataset
2026-07-22T01:00:00,HV-2026-004,4,33.29,70.95,44.005,77.97,normal,healthy,synthetic_prototype_dataset
2026-07-22T02:00:00,HV-2026-004,4,33.12,68.21,44.061,72.52,normal,healthy,synthetic_prototype_dataset
2026-07-22T03:00:00,HV-2026-004,4,34.04,68.51,44.028,80.78,normal,healthy,synthetic_prototype_dataset
2026-07-22T04:00:00,HV-2026-004,4,34.06,67.59,44.089,81.25,normal,healthy,synthetic_prototype_dataset
2026-07-22T05:00:00,HV-2026-004,4,34.32,66.3,44.127,74.8,normal,healthy,synthetic_prototype_dataset
2026-07-22T06:00:00,HV-2026-004,4,33.85,63.77,44.2,78.04,normal,healthy,synthetic_prototype_dataset
2026-07-22T07:00:00,HV-2026-004,4,34.42,63.55,44.214,70.51,normal,healthy,synthetic_prototype_dataset
2026-07-22T08:00:00,HV-2026-004,4,35.67,58.18,44.306,83.64,normal,healthy,synthetic_prototype_dataset
2026-07-22T09:00:00,HV-2026-004,4,35.38,59.26,44.425,84.86,normal,healthy,synthetic_prototype_dataset
2026-07-22T10:00:00,HV-2026-004,4,35.8,62.52,44.467,85.04,normal,healthy,synthetic_prototype_dataset
2026-07-22T11:00:00,HV-2026-004,4,35.4,53.61,44.497,84.66,normal,healthy,synthetic_prototype_dataset
2026-07-22T12:00:00,HV-2026-004,4,36.01,53.83,44.563,82.89,normal,warning,synthetic_prototype_dataset
2026-07-22T13:00:00,HV-2026-004,4,36.1,58.3,44.592,83.06,normal,warning,synthetic_prototype_dataset
2026-07-22T14:00:00,HV-2026-004,4,36.39,58.89,44.64,90.56,normal,warning,synthetic_prototype_dataset
2026-07-22T15:00:00,HV-2026-004,4,35.52,57.32,44.645,88.56,normal,healthy,synthetic_prototype_dataset
2026-07-22T16:00:00,HV-2026-004,4,35.56,62.38,44.684,93.77,normal,healthy,synthetic_prototype_dataset
2026-07-22T17:00:00,HV-2026-004,4,34.81,60.16,44.672,88.11,normal,healthy,synthetic_prototype_dataset
2026-07-22T18:00:00,HV-2026-004,4,34.0,67.0,44.717,89.67,normal,healthy,synthetic_prototype_dataset
2026-07-22T19:00:00,HV-2026-004,4,35.0,62.85,44.737,96.88,normal,healthy,synthetic_prototype_dataset
2026-07-22T20:00:00,HV-2026-004,4,33.85,71.29,44.79,94.09,normal,healthy,synthetic_prototype_dataset
2026-07-22T21:00:00,HV-2026-004,4,34.25,68.33,44.798,88.53,normal,healthy,synthetic_prototype_dataset
2026-07-22T22:00:00,HV-2026-004,4,33.0,69.33,44.822,94.04,normal,healthy,synthetic_prototype_dataset
2026-07-22T23:00:00,HV-2026-004,4,33.58,74.4,44.772,82.85,normal,healthy,synthetic_prototype_dataset
2026-07-23T00:00:00,HV-2026-004,4,33.06,73.2,44.793,70.86,normal,healthy,synthetic_prototype_dataset
2026-07-23T01:00:00,HV-2026-004,4,33.15,68.12,44.769,83.0,normal,healthy,synthetic_prototype_dataset
2026-07-23T02:00:00,HV-2026-004,4,33.24,69.89,44.791,75.12,normal,healthy,synthetic_prototype_dataset
2026-07-23T03:00:00,HV-2026-004,4,33.22,67.9,44.828,80.97,normal,healthy,synthetic_prototype_dataset
2026-07-23T04:00:00,HV-2026-004,4,34.3,64.82,44.887,77.66,normal,healthy,synthetic_prototype_dataset
2026-07-23T05:00:00,HV-2026-004,4,33.9,65.65,44.932,76.16,normal,healthy,synthetic_prototype_dataset
2026-07-23T06:00:00,HV-2026-004,4,34.74,61.96,45.027,69.25,normal,warning,synthetic_prototype_dataset
2026-07-23T07:00:00,HV-2026-004,4,35.12,62.36,45.075,75.35,normal,healthy,synthetic_prototype_dataset
2026-07-23T08:00:00,HV-2026-004,4,35.7,59.82,45.063,75.79,normal,healthy,synthetic_prototype_dataset
2026-07-23T09:00:00,HV-2026-004,4,35.5,55.69,45.16,85.03,normal,healthy,synthetic_prototype_dataset
2026-07-23T10:00:00,HV-2026-004,4,36.47,60.55,45.185,76.68,normal,warning,synthetic_prototype_dataset
2026-07-23T11:00:00,HV-2026-004,4,34.57,56.02,45.288,81.63,normal,healthy,synthetic_prototype_dataset
2026-07-23T12:00:00,HV-2026-004,4,35.73,55.52,45.343,90.4,normal,healthy,synthetic_prototype_dataset
2026-07-23T13:00:00,HV-2026-004,4,35.08,54.33,45.438,89.67,normal,healthy,synthetic_prototype_dataset
2026-07-23T14:00:00,HV-2026-004,4,35.53,60.52,45.433,91.38,normal,healthy,synthetic_prototype_dataset
2026-07-23T15:00:00,HV-2026-004,4,35.41,59.66,45.39,88.02,normal,healthy,synthetic_prototype_dataset
2026-07-23T16:00:00,HV-2026-004,4,35.5,59.9,45.471,93.8,normal,healthy,synthetic_prototype_dataset
2026-07-23T17:00:00,HV-2026-004,4,34.43,63.19,45.471,90.07,normal,healthy,synthetic_prototype_dataset
2026-07-23T18:00:00,HV-2026-004,4,34.82,62.01,45.528,88.23,normal,healthy,synthetic_prototype_dataset
2026-07-23T19:00:00,HV-2026-004,4,33.92,66.6,45.524,86.78,normal,healthy,synthetic_prototype_dataset
2026-07-23T20:00:00,HV-2026-004,4,34.34,67.21,45.498,92.52,normal,healthy,synthetic_prototype_dataset
2026-07-23T21:00:00,HV-2026-004,4,33.42,65.94,45.435,92.1,normal,healthy,synthetic_prototype_dataset
2026-07-23T22:00:00,HV-2026-004,4,33.01,67.34,45.482,90.94,normal,healthy,synthetic_prototype_dataset
2026-07-23T23:00:00,HV-2026-004,4,32.91,71.92,45.579,91.82,normal,healthy,synthetic_prototype_dataset
2026-07-24T00:00:00,HV-2026-004,4,33.7,71.23,45.589,75.8,normal,healthy,synthetic_prototype_dataset
2026-07-24T01:00:00,HV-2026-004,4,33.41,68.16,45.587,71.0,normal,healthy,synthetic_prototype_dataset
2026-07-24T02:00:00,HV-2026-004,4,33.45,69.87,45.589,78.87,normal,healthy,synthetic_prototype_dataset
2026-07-24T03:00:00,HV-2026-004,4,33.08,67.37,45.641,79.25,normal,healthy,synthetic_prototype_dataset
2026-07-24T04:00:00,HV-2026-004,4,33.46,67.58,45.639,75.31,normal,healthy,synthetic_prototype_dataset
2026-07-24T05:00:00,HV-2026-004,4,34.2,66.48,45.675,76.96,normal,healthy,synthetic_prototype_dataset
2026-07-24T06:00:00,HV-2026-004,4,33.98,64.36,45.719,78.41,normal,healthy,synthetic_prototype_dataset
2026-07-24T07:00:00,HV-2026-004,4,34.48,63.5,45.698,76.32,normal,healthy,synthetic_prototype_dataset
2026-07-24T08:00:00,HV-2026-004,4,34.99,57.89,45.718,80.4,normal,healthy,synthetic_prototype_dataset
2026-07-24T09:00:00,HV-2026-004,4,34.57,58.0,45.691,88.5,normal,healthy,synthetic_prototype_dataset
2026-07-24T10:00:00,HV-2026-004,4,35.69,57.83,45.737,85.12,normal,healthy,synthetic_prototype_dataset
2026-07-24T11:00:00,HV-2026-004,4,36.16,54.09,45.823,87.73,normal,warning,synthetic_prototype_dataset
2026-07-24T12:00:00,HV-2026-004,4,35.74,56.45,45.757,81.55,normal,healthy,synthetic_prototype_dataset
2026-07-24T13:00:00,HV-2026-004,4,35.96,59.06,45.825,86.84,normal,healthy,synthetic_prototype_dataset
2026-07-24T14:00:00,HV-2026-004,4,36.46,59.41,45.854,92.54,normal,warning,synthetic_prototype_dataset
2026-07-24T15:00:00,HV-2026-004,4,34.89,56.06,45.88,86.28,normal,healthy,synthetic_prototype_dataset
2026-07-24T16:00:00,HV-2026-004,4,34.95,61.6,45.916,89.49,normal,healthy,synthetic_prototype_dataset
2026-07-24T17:00:00,HV-2026-004,4,34.83,57.69,45.897,88.53,normal,healthy,synthetic_prototype_dataset
2026-07-24T18:00:00,HV-2026-004,4,34.09,63.24,45.976,89.74,normal,healthy,synthetic_prototype_dataset
2026-07-24T19:00:00,HV-2026-004,4,33.54,64.05,46.061,95.24,normal,healthy,synthetic_prototype_dataset
2026-07-24T20:00:00,HV-2026-004,4,34.09,64.35,46.097,90.87,normal,healthy,synthetic_prototype_dataset
2026-07-24T21:00:00,HV-2026-004,4,33.56,67.59,46.109,86.7,normal,healthy,synthetic_prototype_dataset
2026-07-24T22:00:00,HV-2026-004,4,32.83,72.18,46.165,87.13,normal,healthy,synthetic_prototype_dataset
2026-07-24T23:00:00,HV-2026-004,4,33.37,71.12,46.272,90.16,normal,healthy,synthetic_prototype_dataset
2026-07-25T00:00:00,HV-2026-004,4,33.49,70.89,46.282,80.84,normal,healthy,synthetic_prototype_dataset
2026-07-25T01:00:00,HV-2026-004,4,33.45,69.09,46.322,78.93,normal,healthy,synthetic_prototype_dataset
2026-07-25T02:00:00,HV-2026-004,4,32.34,68.23,46.36,69.26,normal,warning,synthetic_prototype_dataset
2026-07-25T03:00:00,HV-2026-004,4,32.7,68.29,46.402,77.88,normal,healthy,synthetic_prototype_dataset
2026-07-25T04:00:00,HV-2026-004,4,34.47,67.47,46.414,71.42,normal,healthy,synthetic_prototype_dataset
2026-07-25T05:00:00,HV-2026-004,4,33.9,66.91,46.466,76.93,normal,healthy,synthetic_prototype_dataset
2026-07-25T06:00:00,HV-2026-004,4,34.66,66.12,46.493,80.79,normal,healthy,synthetic_prototype_dataset
2026-07-25T07:00:00,HV-2026-004,4,34.42,61.88,46.502,80.6,normal,healthy,synthetic_prototype_dataset
2026-07-25T08:00:00,HV-2026-004,4,34.6,59.75,46.466,81.7,normal,healthy,synthetic_prototype_dataset
2026-07-25T09:00:00,HV-2026-004,4,35.89,60.51,46.529,84.3,normal,healthy,synthetic_prototype_dataset
2026-07-25T10:00:00,HV-2026-004,4,35.85,58.87,46.59,80.71,normal,healthy,synthetic_prototype_dataset
2026-07-25T11:00:00,HV-2026-004,4,35.58,57.19,46.619,79.04,normal,healthy,synthetic_prototype_dataset
2026-07-25T12:00:00,HV-2026-004,4,35.16,57.24,46.693,85.93,normal,healthy,synthetic_prototype_dataset
2026-07-25T13:00:00,HV-2026-004,4,36.91,55.41,46.752,85.25,normal,warning,synthetic_prototype_dataset
2026-07-25T14:00:00,HV-2026-004,4,36.02,58.94,46.831,88.2,normal,warning,synthetic_prototype_dataset
2026-07-25T15:00:00,HV-2026-004,4,36.08,61.18,46.842,89.51,normal,warning,synthetic_prototype_dataset
2026-07-25T16:00:00,HV-2026-004,4,34.37,63.06,46.888,94.24,normal,healthy,synthetic_prototype_dataset
2026-07-25T17:00:00,HV-2026-004,4,34.7,58.67,47.014,90.34,normal,healthy,synthetic_prototype_dataset
2026-07-25T18:00:00,HV-2026-004,4,33.96,65.89,47.115,89.29,normal,healthy,synthetic_prototype_dataset
2026-07-25T19:00:00,HV-2026-004,4,34.03,66.06,47.101,87.46,normal,healthy,synthetic_prototype_dataset
2026-07-25T20:00:00,HV-2026-004,4,34.56,67.09,47.097,87.94,normal,healthy,synthetic_prototype_dataset
2026-07-25T21:00:00,HV-2026-004,4,33.97,65.22,47.131,97.55,normal,healthy,synthetic_prototype_dataset
2026-07-25T22:00:00,HV-2026-004,4,34.2,70.92,47.202,92.7,normal,healthy,synthetic_prototype_dataset
2026-07-25T23:00:00,HV-2026-004,4,33.1,72.25,47.289,82.68,normal,healthy,synthetic_prototype_dataset
2026-07-26T00:00:00,HV-2026-004,4,33.31,71.65,47.318,76.05,normal,healthy,synthetic_prototype_dataset
2026-07-26T01:00:00,HV-2026-004,4,33.2,71.33,47.382,77.67,normal,healthy,synthetic_prototype_dataset
2026-07-26T02:00:00,HV-2026-004,4,33.14,68.55,47.391,76.91,normal,healthy,synthetic_prototype_dataset
2026-07-26T03:00:00,HV-2026-004,4,33.11,70.65,47.431,80.0,normal,healthy,synthetic_prototype_dataset
2026-07-26T04:00:00,HV-2026-004,4,33.41,66.0,47.495,76.45,normal,healthy,synthetic_prototype_dataset
2026-07-26T05:00:00,HV-2026-004,4,33.92,67.07,47.543,71.6,normal,healthy,synthetic_prototype_dataset
2026-07-26T06:00:00,HV-2026-004,4,34.97,63.26,47.628,71.33,normal,healthy,synthetic_prototype_dataset
2026-07-26T07:00:00,HV-2026-004,4,34.83,61.85,47.584,80.13,normal,healthy,synthetic_prototype_dataset
2026-07-26T08:00:00,HV-2026-004,4,34.13,59.97,47.652,77.77,normal,healthy,synthetic_prototype_dataset
2026-07-26T09:00:00,HV-2026-004,4,34.86,60.49,47.677,79.94,normal,healthy,synthetic_prototype_dataset
2026-07-26T10:00:00,HV-2026-004,4,36.05,55.84,47.699,85.69,normal,warning,synthetic_prototype_dataset
2026-07-26T11:00:00,HV-2026-004,4,35.05,60.43,47.732,87.58,normal,healthy,synthetic_prototype_dataset
2026-07-26T12:00:00,HV-2026-004,4,36.04,56.73,47.758,85.45,normal,warning,synthetic_prototype_dataset
2026-07-26T13:00:00,HV-2026-004,4,35.93,55.46,47.759,92.3,normal,healthy,synthetic_prototype_dataset
2026-07-26T14:00:00,HV-2026-004,4,35.15,58.58,47.794,87.57,normal,healthy,synthetic_prototype_dataset
2026-07-26T15:00:00,HV-2026-004,4,35.91,58.9,47.822,87.99,normal,healthy,synthetic_prototype_dataset
2026-07-26T16:00:00,HV-2026-004,4,34.77,59.29,47.842,95.34,normal,healthy,synthetic_prototype_dataset
2026-07-26T17:00:00,HV-2026-004,4,35.01,61.57,47.911,84.33,normal,healthy,synthetic_prototype_dataset
2026-07-26T18:00:00,HV-2026-004,4,34.97,66.33,48.019,93.54,normal,healthy,synthetic_prototype_dataset
2026-07-26T19:00:00,HV-2026-004,4,34.21,68.14,48.022,88.5,normal,healthy,synthetic_prototype_dataset
2026-07-26T20:00:00,HV-2026-004,4,33.67,69.96,48.017,86.16,normal,healthy,synthetic_prototype_dataset
2026-07-26T21:00:00,HV-2026-004,4,33.54,70.24,48.017,91.28,normal,healthy,synthetic_prototype_dataset
2026-07-26T22:00:00,HV-2026-004,4,33.84,72.22,48.054,87.81,normal,healthy,synthetic_prototype_dataset
2026-07-26T23:00:00,HV-2026-004,4,33.88,70.79,48.112,93.96,normal,healthy,synthetic_prototype_dataset
2026-07-27T00:00:00,HV-2026-004,4,33.36,69.39,48.094,74.96,normal,healthy,synthetic_prototype_dataset
2026-07-27T01:00:00,HV-2026-004,4,33.35,71.75,48.196,77.52,normal,healthy,synthetic_prototype_dataset
2026-07-27T02:00:00,HV-2026-004,4,33.01,68.21,48.263,75.98,normal,healthy,synthetic_prototype_dataset
2026-07-27T03:00:00,HV-2026-004,4,32.69,69.18,48.253,74.51,normal,healthy,synthetic_prototype_dataset
2026-07-27T04:00:00,HV-2026-004,4,33.64,66.06,48.261,73.4,normal,healthy,synthetic_prototype_dataset
2026-07-27T05:00:00,HV-2026-004,4,33.63,64.18,48.269,72.87,normal,healthy,synthetic_prototype_dataset
2026-07-27T06:00:00,HV-2026-004,4,34.55,64.55,48.336,82.6,normal,healthy,synthetic_prototype_dataset
2026-07-27T07:00:00,HV-2026-004,4,34.93,63.18,48.386,79.46,normal,healthy,synthetic_prototype_dataset
2026-07-27T08:00:00,HV-2026-004,4,34.96,60.63,48.38,82.56,normal,healthy,synthetic_prototype_dataset
2026-07-27T09:00:00,HV-2026-004,4,35.19,61.85,48.446,79.17,normal,healthy,synthetic_prototype_dataset
2026-07-27T10:00:00,HV-2026-004,4,35.97,53.52,48.552,78.32,normal,healthy,synthetic_prototype_dataset
2026-07-27T11:00:00,HV-2026-004,4,35.76,58.19,48.632,83.37,normal,healthy,synthetic_prototype_dataset
2026-07-27T12:00:00,HV-2026-004,4,34.62,56.6,48.666,78.73,normal,healthy,synthetic_prototype_dataset
2026-07-27T13:00:00,HV-2026-004,4,35.56,55.49,48.732,86.25,normal,healthy,synthetic_prototype_dataset
2026-07-27T14:00:00,HV-2026-004,4,36.29,57.66,48.789,85.33,normal,warning,synthetic_prototype_dataset
2026-07-27T15:00:00,HV-2026-004,4,34.47,58.87,48.856,91.04,normal,healthy,synthetic_prototype_dataset
2026-07-27T16:00:00,HV-2026-004,4,34.8,58.06,48.917,90.99,normal,healthy,synthetic_prototype_dataset
2026-07-27T17:00:00,HV-2026-004,4,35.0,61.88,48.892,91.75,normal,healthy,synthetic_prototype_dataset
2026-07-27T18:00:00,HV-2026-004,4,34.28,66.69,48.922,89.84,normal,healthy,synthetic_prototype_dataset
2026-07-27T19:00:00,HV-2026-004,4,34.14,64.92,48.925,89.54,normal,healthy,synthetic_prototype_dataset
2026-07-27T20:00:00,HV-2026-004,4,33.22,67.27,49.018,93.17,normal,healthy,synthetic_prototype_dataset
2026-07-27T21:00:00,HV-2026-004,4,33.5,71.93,49.014,97.65,normal,healthy,synthetic_prototype_dataset
2026-07-27T22:00:00,HV-2026-004,4,32.95,73.86,49.109,81.99,normal,healthy,synthetic_prototype_dataset
2026-07-27T23:00:00,HV-2026-004,4,33.69,70.44,49.114,88.94,normal,healthy,synthetic_prototype_dataset
2026-07-28T00:00:00,HV-2026-004,4,32.46,72.29,49.106,76.62,normal,healthy,synthetic_prototype_dataset
2026-07-28T01:00:00,HV-2026-004,4,33.56,71.84,49.118,77.89,normal,healthy,synthetic_prototype_dataset
2026-07-28T02:00:00,HV-2026-004,4,32.46,68.93,49.128,78.75,normal,healthy,synthetic_prototype_dataset
2026-07-28T03:00:00,HV-2026-004,4,33.48,70.3,49.152,73.24,normal,healthy,synthetic_prototype_dataset
2026-07-28T04:00:00,HV-2026-004,4,34.24,66.63,49.192,75.61,normal,healthy,synthetic_prototype_dataset
2026-07-28T05:00:00,HV-2026-004,4,34.13,65.1,49.254,80.82,normal,healthy,synthetic_prototype_dataset
2026-07-28T06:00:00,HV-2026-004,4,34.66,64.67,49.264,85.88,normal,healthy,synthetic_prototype_dataset
2026-07-28T07:00:00,HV-2026-004,4,34.11,64.16,49.3,77.61,normal,healthy,synthetic_prototype_dataset
2026-07-28T08:00:00,HV-2026-004,4,34.95,59.96,49.345,80.73,normal,healthy,synthetic_prototype_dataset
2026-07-28T09:00:00,HV-2026-004,4,36.34,61.36,49.397,80.99,normal,warning,synthetic_prototype_dataset
2026-07-28T10:00:00,HV-2026-004,4,36.17,56.57,49.428,75.14,normal,warning,synthetic_prototype_dataset
2026-07-28T11:00:00,HV-2026-004,4,35.72,59.15,49.434,89.55,normal,healthy,synthetic_prototype_dataset
2026-07-28T12:00:00,HV-2026-004,4,35.19,56.77,49.481,91.48,normal,healthy,synthetic_prototype_dataset
2026-07-28T13:00:00,HV-2026-004,4,35.09,58.14,49.551,89.1,normal,healthy,synthetic_prototype_dataset
2026-07-28T14:00:00,HV-2026-004,4,35.61,59.69,49.574,94.03,normal,healthy,synthetic_prototype_dataset
2026-07-28T15:00:00,HV-2026-004,4,35.09,58.99,49.661,86.73,normal,healthy,synthetic_prototype_dataset
2026-07-28T16:00:00,HV-2026-004,4,35.01,59.58,49.787,97.6,normal,healthy,synthetic_prototype_dataset
2026-07-28T17:00:00,HV-2026-004,4,34.5,63.51,49.822,88.66,normal,healthy,synthetic_prototype_dataset
2026-07-28T18:00:00,HV-2026-004,4,34.27,64.31,49.798,90.92,normal,healthy,synthetic_prototype_dataset
2026-07-28T19:00:00,HV-2026-004,4,33.86,66.76,49.82,88.62,normal,healthy,synthetic_prototype_dataset
2026-07-28T20:00:00,HV-2026-004,4,33.96,68.84,49.894,91.25,normal,healthy,synthetic_prototype_dataset
2026-07-28T21:00:00,HV-2026-004,4,33.21,70.44,49.85,96.3,normal,healthy,synthetic_prototype_dataset
2026-07-28T22:00:00,HV-2026-004,4,33.21,74.38,49.844,84.21,normal,healthy,synthetic_prototype_dataset
2026-07-28T23:00:00,HV-2026-004,4,33.13,71.8,49.881,87.76,normal,healthy,synthetic_prototype_dataset
2026-07-29T00:00:00,HV-2026-004,4,32.56,68.91,49.916,71.51,normal,healthy,synthetic_prototype_dataset
2026-07-29T01:00:00,HV-2026-004,4,32.27,70.66,49.956,82.96,normal,healthy,synthetic_prototype_dataset
2026-07-29T02:00:00,HV-2026-004,4,33.46,73.23,50.004,77.28,normal,healthy,synthetic_prototype_dataset
2026-07-29T03:00:00,HV-2026-004,4,34.35,67.15,50.015,74.83,normal,healthy,synthetic_prototype_dataset
2026-07-29T04:00:00,HV-2026-004,4,33.9,66.32,50.066,78.03,normal,healthy,synthetic_prototype_dataset
2026-07-29T05:00:00,HV-2026-004,4,34.18,67.83,50.145,75.83,normal,healthy,synthetic_prototype_dataset
2026-07-29T06:00:00,HV-2026-004,4,34.38,63.26,50.136,82.18,normal,healthy,synthetic_prototype_dataset
2026-07-29T07:00:00,HV-2026-004,4,34.12,63.93,50.18,81.94,normal,healthy,synthetic_prototype_dataset
2026-07-29T08:00:00,HV-2026-004,4,34.05,62.69,50.208,77.52,normal,healthy,synthetic_prototype_dataset
2026-07-29T09:00:00,HV-2026-004,4,34.95,61.5,50.267,80.91,normal,healthy,synthetic_prototype_dataset
2026-07-29T10:00:00,HV-2026-004,4,34.76,56.6,50.331,78.53,normal,healthy,synthetic_prototype_dataset
2026-07-29T11:00:00,HV-2026-004,4,35.35,62.65,50.388,87.12,normal,healthy,synthetic_prototype_dataset
2026-07-29T12:00:00,HV-2026-004,4,34.97,55.38,50.458,84.91,normal,healthy,synthetic_prototype_dataset
2026-07-29T13:00:00,HV-2026-004,4,35.93,58.08,50.626,85.45,normal,healthy,synthetic_prototype_dataset
2026-07-29T14:00:00,HV-2026-004,4,35.45,57.09,50.708,90.02,normal,healthy,synthetic_prototype_dataset
2026-07-29T15:00:00,HV-2026-004,4,34.68,59.24,50.8,93.67,normal,healthy,synthetic_prototype_dataset
2026-07-29T16:00:00,HV-2026-004,4,34.2,60.43,50.905,89.29,normal,healthy,synthetic_prototype_dataset
2026-07-29T17:00:00,HV-2026-004,4,34.61,64.8,50.896,86.94,normal,healthy,synthetic_prototype_dataset
2026-07-29T18:00:00,HV-2026-004,4,34.04,66.93,50.965,92.87,normal,healthy,synthetic_prototype_dataset
2026-07-29T19:00:00,HV-2026-004,4,33.79,68.61,50.988,92.25,normal,healthy,synthetic_prototype_dataset
2026-07-29T20:00:00,HV-2026-004,4,33.95,71.32,51.014,88.6,normal,healthy,synthetic_prototype_dataset
2026-07-29T21:00:00,HV-2026-004,4,33.85,72.18,51.024,85.42,normal,healthy,synthetic_prototype_dataset
2026-07-29T22:00:00,HV-2026-004,4,33.61,67.87,50.993,87.54,normal,healthy,synthetic_prototype_dataset
2026-07-29T23:00:00,HV-2026-004,4,32.94,69.44,51.026,88.04,normal,healthy,synthetic_prototype_dataset
2026-07-30T00:00:00,HV-2026-004,4,32.56,75.45,51.066,79.63,normal,warning,synthetic_prototype_dataset
2026-07-30T01:00:00,HV-2026-004,4,32.16,68.92,51.107,82.49,normal,healthy,synthetic_prototype_dataset
2026-07-30T02:00:00,HV-2026-004,4,32.49,71.11,51.089,73.48,normal,healthy,synthetic_prototype_dataset
2026-07-30T03:00:00,HV-2026-004,4,33.24,68.85,51.068,71.35,normal,healthy,synthetic_prototype_dataset
2026-07-30T04:00:00,HV-2026-004,4,32.57,69.15,51.114,78.07,normal,healthy,synthetic_prototype_dataset
2026-07-30T05:00:00,HV-2026-004,4,33.33,68.41,51.164,76.03,normal,healthy,synthetic_prototype_dataset
2026-07-30T06:00:00,HV-2026-004,4,34.0,63.62,51.195,81.66,normal,healthy,synthetic_prototype_dataset
2026-07-30T07:00:00,HV-2026-004,4,34.92,62.52,51.239,73.97,normal,healthy,synthetic_prototype_dataset
2026-07-30T08:00:00,HV-2026-004,4,35.05,59.8,51.293,90.02,normal,healthy,synthetic_prototype_dataset
2026-07-30T09:00:00,HV-2026-004,4,34.74,65.1,51.344,78.73,normal,healthy,synthetic_prototype_dataset
2026-07-30T10:00:00,HV-2026-004,4,34.84,62.99,51.399,81.02,normal,healthy,synthetic_prototype_dataset
2026-07-30T11:00:00,HV-2026-004,4,35.24,58.8,51.439,85.73,normal,healthy,synthetic_prototype_dataset
2026-07-30T12:00:00,HV-2026-004,4,36.17,55.76,51.504,84.45,normal,warning,synthetic_prototype_dataset
2026-07-30T13:00:00,HV-2026-004,4,35.1,59.96,51.496,78.82,normal,healthy,synthetic_prototype_dataset
2026-07-30T14:00:00,HV-2026-004,4,35.3,58.48,51.491,82.14,normal,healthy,synthetic_prototype_dataset
2026-07-30T15:00:00,HV-2026-004,4,35.86,60.67,51.533,96.62,normal,healthy,synthetic_prototype_dataset
2026-07-30T16:00:00,HV-2026-004,4,35.18,64.48,51.529,85.26,normal,healthy,synthetic_prototype_dataset
2026-07-30T17:00:00,HV-2026-004,4,34.69,63.73,51.607,84.17,normal,healthy,synthetic_prototype_dataset
2026-07-30T18:00:00,HV-2026-004,4,34.39,66.57,51.669,88.58,normal,healthy,synthetic_prototype_dataset
2026-07-30T19:00:00,HV-2026-004,4,33.97,65.21,51.684,86.23,normal,healthy,synthetic_prototype_dataset
2026-07-30T20:00:00,HV-2026-004,4,33.08,67.86,51.692,86.87,normal,healthy,synthetic_prototype_dataset
2026-07-30T21:00:00,HV-2026-004,4,32.57,73.27,51.699,90.09,normal,healthy,synthetic_prototype_dataset
2026-07-30T22:00:00,HV-2026-004,4,32.16,73.3,51.73,86.57,normal,healthy,synthetic_prototype_dataset
2026-07-30T23:00:00,HV-2026-004,4,32.62,73.12,51.652,84.22,normal,healthy,synthetic_prototype_dataset
2026-07-31T00:00:00,HV-2026-004,4,32.65,71.76,51.764,74.82,normal,healthy,synthetic_prototype_dataset
2026-07-31T01:00:00,HV-2026-004,4,33.19,75.02,51.813,73.63,normal,warning,synthetic_prototype_dataset
2026-07-31T02:00:00,HV-2026-004,4,32.3,72.4,51.895,77.91,normal,healthy,synthetic_prototype_dataset
2026-07-31T03:00:00,HV-2026-004,4,33.64,74.62,51.95,72.15,normal,healthy,synthetic_prototype_dataset
2026-07-31T04:00:00,HV-2026-004,4,33.37,70.97,51.966,81.27,normal,healthy,synthetic_prototype_dataset
2026-07-31T05:00:00,HV-2026-004,4,33.63,67.41,51.979,76.56,normal,healthy,synthetic_prototype_dataset
2026-07-31T06:00:00,HV-2026-004,4,34.1,62.1,51.988,71.68,normal,healthy,synthetic_prototype_dataset
2026-07-31T07:00:00,HV-2026-004,4,34.15,61.76,52.049,81.41,normal,healthy,synthetic_prototype_dataset
2026-07-31T08:00:00,HV-2026-004,4,34.9,59.22,52.075,74.91,normal,healthy,synthetic_prototype_dataset
2026-07-31T09:00:00,HV-2026-004,4,34.85,61.22,52.144,83.01,normal,healthy,synthetic_prototype_dataset
2026-07-31T10:00:00,HV-2026-004,4,35.69,59.41,52.173,86.06,normal,healthy,synthetic_prototype_dataset
2026-07-31T11:00:00,HV-2026-004,4,35.66,57.3,52.227,83.49,normal,healthy,synthetic_prototype_dataset
2026-07-31T12:00:00,HV-2026-004,4,34.4,58.79,52.224,87.05,normal,healthy,synthetic_prototype_dataset
2026-07-31T13:00:00,HV-2026-004,4,34.56,56.94,52.252,91.31,normal,healthy,synthetic_prototype_dataset
2026-07-31T14:00:00,HV-2026-004,4,34.89,57.0,52.307,87.36,normal,healthy,synthetic_prototype_dataset
2026-07-31T15:00:00,HV-2026-004,4,35.27,58.23,52.355,97.58,normal,healthy,synthetic_prototype_dataset
2026-07-31T16:00:00,HV-2026-004,4,34.54,61.84,52.335,86.54,normal,healthy,synthetic_prototype_dataset
2026-07-31T17:00:00,HV-2026-004,4,34.54,62.59,52.39,91.37,normal,healthy,synthetic_prototype_dataset
2026-07-31T18:00:00,HV-2026-004,4,33.41,66.83,52.376,87.32,normal,healthy,synthetic_prototype_dataset
2026-07-31T19:00:00,HV-2026-004,4,33.77,69.63,52.366,90.4,normal,healthy,synthetic_prototype_dataset
2026-07-31T20:00:00,HV-2026-004,4,33.42,69.68,52.433,88.11,normal,healthy,synthetic_prototype_dataset
2026-07-31T21:00:00,HV-2026-004,4,33.54,72.34,52.52,90.69,normal,healthy,synthetic_prototype_dataset
2026-07-31T22:00:00,HV-2026-004,4,32.95,70.21,52.494,87.15,normal,healthy,synthetic_prototype_dataset
2026-07-31T23:00:00,HV-2026-004,4,32.79,71.56,52.54,82.02,normal,healthy,synthetic_prototype_dataset
2026-08-01T00:00:00,HV-2026-004,4,32.54,75.8,52.6,77.6,normal,warning,synthetic_prototype_dataset
2026-08-01T01:00:00,HV-2026-004,4,32.85,71.31,52.563,77.6,normal,healthy,synthetic_prototype_dataset
2026-08-01T02:00:00,HV-2026-004,4,31.7,70.69,52.588,74.43,normal,healthy,synthetic_prototype_dataset
2026-08-01T03:00:00,HV-2026-004,4,33.98,73.44,52.649,72.76,normal,healthy,synthetic_prototype_dataset
2026-08-01T04:00:00,HV-2026-004,4,34.14,69.82,52.641,76.11,normal,healthy,synthetic_prototype_dataset
2026-08-01T05:00:00,HV-2026-004,4,34.02,65.94,52.671,77.11,normal,healthy,synthetic_prototype_dataset
2026-08-01T06:00:00,HV-2026-004,4,33.43,64.72,52.66,79.04,normal,healthy,synthetic_prototype_dataset
2026-08-01T07:00:00,HV-2026-004,4,33.85,63.92,52.637,73.86,normal,healthy,synthetic_prototype_dataset
2026-08-01T08:00:00,HV-2026-004,4,34.04,61.19,52.673,80.9,normal,healthy,synthetic_prototype_dataset
2026-08-01T09:00:00,HV-2026-004,4,34.05,59.96,52.68,83.23,normal,healthy,synthetic_prototype_dataset
2026-08-01T10:00:00,HV-2026-004,4,34.93,59.0,52.692,89.04,normal,healthy,synthetic_prototype_dataset
2026-08-01T11:00:00,HV-2026-004,4,34.6,57.73,52.736,83.64,normal,healthy,synthetic_prototype_dataset
2026-08-01T12:00:00,HV-2026-004,4,34.88,54.95,52.755,82.54,normal,healthy,synthetic_prototype_dataset
2026-08-01T13:00:00,HV-2026-004,4,35.94,62.52,52.796,82.19,normal,healthy,synthetic_prototype_dataset
2026-08-01T14:00:00,HV-2026-004,4,35.38,57.38,52.819,85.92,normal,healthy,synthetic_prototype_dataset
2026-08-01T15:00:00,HV-2026-004,4,34.62,59.62,52.814,86.48,normal,healthy,synthetic_prototype_dataset
2026-08-01T16:00:00,HV-2026-004,4,35.04,61.65,52.856,81.71,normal,healthy,synthetic_prototype_dataset
2026-08-01T17:00:00,HV-2026-004,4,34.69,62.16,52.929,90.42,normal,healthy,synthetic_prototype_dataset
2026-08-01T18:00:00,HV-2026-004,4,33.67,62.19,53.035,92.81,normal,healthy,synthetic_prototype_dataset
2026-08-01T19:00:00,HV-2026-004,4,33.98,70.29,53.068,94.61,normal,healthy,synthetic_prototype_dataset
2026-08-01T20:00:00,HV-2026-004,4,33.06,70.04,53.071,87.76,normal,healthy,synthetic_prototype_dataset
2026-08-01T21:00:00,HV-2026-004,4,33.05,67.88,53.107,87.84,normal,healthy,synthetic_prototype_dataset
2026-08-01T22:00:00,HV-2026-004,4,31.91,70.45,53.12,91.11,normal,healthy,synthetic_prototype_dataset
2026-08-01T23:00:00,HV-2026-004,4,32.8,74.58,53.163,85.17,normal,healthy,synthetic_prototype_dataset
2026-08-02T00:00:00,HV-2026-004,4,32.53,71.79,53.205,76.21,normal,healthy,synthetic_prototype_dataset
2026-08-02T01:00:00,HV-2026-004,4,32.32,72.19,53.247,72.48,normal,healthy,synthetic_prototype_dataset
2026-08-02T02:00:00,HV-2026-004,4,32.87,68.64,53.31,77.85,normal,healthy,synthetic_prototype_dataset
2026-08-02T03:00:00,HV-2026-004,4,33.67,68.36,53.375,79.28,normal,healthy,synthetic_prototype_dataset
2026-08-02T04:00:00,HV-2026-004,4,33.12,68.24,53.362,71.29,normal,healthy,synthetic_prototype_dataset
2026-08-02T05:00:00,HV-2026-004,4,33.18,64.97,53.443,70.74,normal,healthy,synthetic_prototype_dataset
2026-08-02T06:00:00,HV-2026-004,4,33.92,66.2,53.48,77.56,normal,healthy,synthetic_prototype_dataset
2026-08-02T07:00:00,HV-2026-004,4,34.62,62.8,53.508,76.8,normal,healthy,synthetic_prototype_dataset
2026-08-02T08:00:00,HV-2026-004,4,35.09,65.7,53.496,72.51,normal,healthy,synthetic_prototype_dataset
2026-08-02T09:00:00,HV-2026-004,4,35.03,62.39,53.599,83.94,normal,healthy,synthetic_prototype_dataset
2026-08-02T10:00:00,HV-2026-004,4,35.61,62.34,53.688,86.08,normal,healthy,synthetic_prototype_dataset
2026-08-02T11:00:00,HV-2026-004,4,34.53,58.64,53.739,84.17,normal,healthy,synthetic_prototype_dataset
2026-08-02T12:00:00,HV-2026-004,4,35.14,61.24,53.755,88.7,normal,healthy,synthetic_prototype_dataset
2026-08-02T13:00:00,HV-2026-004,4,35.25,57.11,53.76,81.15,normal,healthy,synthetic_prototype_dataset
2026-08-02T14:00:00,HV-2026-004,4,35.2,59.24,53.774,81.56,normal,healthy,synthetic_prototype_dataset
2026-08-02T15:00:00,HV-2026-004,4,34.97,60.15,53.789,85.56,normal,healthy,synthetic_prototype_dataset
2026-08-02T16:00:00,HV-2026-004,4,34.4,62.76,53.815,85.36,normal,healthy,synthetic_prototype_dataset
2026-08-02T17:00:00,HV-2026-004,4,34.16,65.49,53.851,90.12,normal,healthy,synthetic_prototype_dataset
2026-08-02T18:00:00,HV-2026-004,4,33.71,63.81,53.848,84.18,normal,healthy,synthetic_prototype_dataset
2026-08-02T19:00:00,HV-2026-004,4,34.05,68.06,53.876,90.91,normal,healthy,synthetic_prototype_dataset
2026-08-02T20:00:00,HV-2026-004,4,33.36,67.59,53.89,87.86,normal,healthy,synthetic_prototype_dataset
2026-08-02T21:00:00,HV-2026-004,4,34.07,72.2,53.92,93.72,normal,healthy,synthetic_prototype_dataset
2026-08-02T22:00:00,HV-2026-004,4,33.29,68.99,53.938,88.07,normal,healthy,synthetic_prototype_dataset
2026-08-02T23:00:00,HV-2026-004,4,32.87,71.77,53.959,85.49,normal,healthy,synthetic_prototype_dataset
2026-08-03T00:00:00,HV-2026-004,4,32.96,70.02,53.969,69.55,normal,warning,synthetic_prototype_dataset
2026-08-03T01:00:00,HV-2026-004,4,32.06,72.95,54.006,74.9,normal,healthy,synthetic_prototype_dataset
2026-08-03T02:00:00,HV-2026-004,4,33.16,74.12,54.029,76.88,normal,healthy,synthetic_prototype_dataset
2026-08-03T03:00:00,HV-2026-004,4,32.66,71.7,54.012,82.29,normal,healthy,synthetic_prototype_dataset
2026-08-03T04:00:00,HV-2026-004,4,33.65,66.96,54.009,77.47,normal,healthy,synthetic_prototype_dataset
2026-08-03T05:00:00,HV-2026-004,4,33.3,68.41,54.022,81.34,normal,healthy,synthetic_prototype_dataset
2026-08-03T06:00:00,HV-2026-004,4,33.79,69.98,54.068,71.28,normal,healthy,synthetic_prototype_dataset
2026-08-03T07:00:00,HV-2026-004,4,35.06,65.78,54.106,80.09,normal,healthy,synthetic_prototype_dataset
2026-08-03T08:00:00,HV-2026-004,4,33.9,58.87,54.134,84.45,normal,healthy,synthetic_prototype_dataset
2026-08-03T09:00:00,HV-2026-004,4,34.88,63.74,54.214,81.43,normal,healthy,synthetic_prototype_dataset
2026-08-03T10:00:00,HV-2026-004,4,35.44,62.3,54.249,82.25,normal,healthy,synthetic_prototype_dataset
2026-08-03T11:00:00,HV-2026-004,4,35.1,54.52,54.3,87.04,normal,healthy,synthetic_prototype_dataset
2026-08-03T12:00:00,HV-2026-004,4,35.15,59.24,54.341,78.91,normal,healthy,synthetic_prototype_dataset
2026-08-03T13:00:00,HV-2026-004,4,35.79,58.19,54.362,91.86,normal,healthy,synthetic_prototype_dataset
2026-08-03T14:00:00,HV-2026-004,4,35.35,60.05,54.431,84.08,normal,healthy,synthetic_prototype_dataset
2026-08-03T15:00:00,HV-2026-004,4,34.67,63.0,54.448,85.44,normal,healthy,synthetic_prototype_dataset
2026-08-03T16:00:00,HV-2026-004,4,34.47,62.3,54.509,84.7,normal,healthy,synthetic_prototype_dataset
2026-08-03T17:00:00,HV-2026-004,4,32.97,65.46,54.505,87.75,normal,healthy,synthetic_prototype_dataset
2026-08-03T18:00:00,HV-2026-004,4,32.8,67.46,54.547,91.09,normal,healthy,synthetic_prototype_dataset
2026-08-03T19:00:00,HV-2026-004,4,33.58,63.72,54.537,88.3,normal,healthy,synthetic_prototype_dataset
2026-08-03T20:00:00,HV-2026-004,4,32.8,68.63,54.571,93.05,normal,healthy,synthetic_prototype_dataset
2026-08-03T21:00:00,HV-2026-004,4,32.2,70.55,54.621,85.7,normal,healthy,synthetic_prototype_dataset
2026-08-03T22:00:00,HV-2026-004,4,32.57,72.52,54.646,90.48,normal,healthy,synthetic_prototype_dataset
2026-08-03T23:00:00,HV-2026-004,4,32.57,71.82,54.63,87.97,normal,healthy,synthetic_prototype_dataset
2026-08-04T00:00:00,HV-2026-004,4,32.46,71.03,54.675,80.44,normal,healthy,synthetic_prototype_dataset
2026-08-04T01:00:00,HV-2026-004,4,32.16,71.27,54.674,70.12,normal,healthy,synthetic_prototype_dataset
2026-08-04T02:00:00,HV-2026-004,4,33.49,71.07,54.669,72.06,normal,healthy,synthetic_prototype_dataset
2026-08-04T03:00:00,HV-2026-004,4,32.62,69.51,54.744,71.63,normal,healthy,synthetic_prototype_dataset
2026-08-04T04:00:00,HV-2026-004,4,32.37,70.31,54.765,75.22,normal,healthy,synthetic_prototype_dataset
2026-08-04T05:00:00,HV-2026-004,4,33.63,67.87,54.789,71.08,normal,healthy,synthetic_prototype_dataset
2026-08-04T06:00:00,HV-2026-004,4,32.96,64.55,54.776,76.94,normal,healthy,synthetic_prototype_dataset
2026-08-04T07:00:00,HV-2026-004,4,33.24,63.2,54.795,77.69,normal,healthy,synthetic_prototype_dataset
2026-08-04T08:00:00,HV-2026-004,4,34.54,61.73,54.801,83.98,normal,healthy,synthetic_prototype_dataset
2026-08-04T09:00:00,HV-2026-004,4,34.49,63.42,54.823,81.3,normal,healthy,synthetic_prototype_dataset
2026-08-04T10:00:00,HV-2026-004,4,34.78,60.17,54.846,83.34,normal,healthy,synthetic_prototype_dataset
2026-08-04T11:00:00,HV-2026-004,4,35.66,60.94,54.924,79.83,normal,healthy,synthetic_prototype_dataset
2026-08-04T12:00:00,HV-2026-004,4,34.48,59.21,54.993,84.08,normal,healthy,synthetic_prototype_dataset
2026-08-04T13:00:00,HV-2026-004,4,34.66,61.56,55.06,90.81,normal,healthy,synthetic_prototype_dataset
2026-08-04T14:00:00,HV-2026-004,4,34.64,58.82,55.136,87.2,normal,healthy,synthetic_prototype_dataset
2026-08-04T15:00:00,HV-2026-004,4,34.36,59.22,55.159,92.0,normal,healthy,synthetic_prototype_dataset
2026-08-04T16:00:00,HV-2026-004,4,33.69,63.45,55.172,88.79,normal,healthy,synthetic_prototype_dataset
2026-08-04T17:00:00,HV-2026-004,4,33.99,63.6,55.196,88.32,normal,healthy,synthetic_prototype_dataset
2026-08-04T18:00:00,HV-2026-004,4,33.46,68.19,55.226,89.56,normal,healthy,synthetic_prototype_dataset
2026-08-04T19:00:00,HV-2026-004,4,33.09,66.89,55.229,92.56,normal,healthy,synthetic_prototype_dataset
2026-08-04T20:00:00,HV-2026-004,4,32.73,65.27,55.256,88.55,normal,healthy,synthetic_prototype_dataset
2026-08-04T21:00:00,HV-2026-004,4,32.53,72.4,55.185,94.45,normal,healthy,synthetic_prototype_dataset
2026-08-04T22:00:00,HV-2026-004,4,33.06,70.75,55.194,89.89,normal,healthy,synthetic_prototype_dataset
2026-08-04T23:00:00,HV-2026-004,4,32.7,71.43,55.163,94.5,normal,healthy,synthetic_prototype_dataset
2026-08-05T00:00:00,HV-2026-004,4,32.78,73.28,55.194,78.17,normal,healthy,synthetic_prototype_dataset
2026-08-05T01:00:00,HV-2026-004,4,32.73,69.01,55.207,74.41,normal,healthy,synthetic_prototype_dataset
2026-08-05T02:00:00,HV-2026-004,4,32.45,73.45,55.169,71.28,normal,healthy,synthetic_prototype_dataset
2026-08-05T03:00:00,HV-2026-004,4,32.42,71.23,55.223,81.71,normal,healthy,synthetic_prototype_dataset
2026-08-05T04:00:00,HV-2026-004,4,32.87,70.99,55.273,77.9,normal,healthy,synthetic_prototype_dataset
2026-08-05T05:00:00,HV-2026-004,4,33.3,67.09,55.261,72.04,normal,healthy,synthetic_prototype_dataset
2026-08-05T06:00:00,HV-2026-004,4,33.81,65.9,55.271,78.33,normal,healthy,synthetic_prototype_dataset
2026-08-05T07:00:00,HV-2026-004,4,33.9,62.54,55.287,80.7,normal,healthy,synthetic_prototype_dataset
2026-08-05T08:00:00,HV-2026-004,4,33.84,62.88,55.314,76.96,normal,healthy,synthetic_prototype_dataset
2026-08-05T09:00:00,HV-2026-004,4,34.44,58.22,55.352,76.58,normal,healthy,synthetic_prototype_dataset
2026-08-05T10:00:00,HV-2026-004,4,35.26,59.77,55.37,87.06,normal,healthy,synthetic_prototype_dataset
2026-08-05T11:00:00,HV-2026-004,4,34.44,57.89,55.347,89.11,normal,healthy,synthetic_prototype_dataset
2026-08-05T12:00:00,HV-2026-004,4,35.79,55.99,55.36,86.14,normal,healthy,synthetic_prototype_dataset
2026-08-05T13:00:00,HV-2026-004,4,34.67,59.18,55.399,88.53,normal,healthy,synthetic_prototype_dataset
2026-08-05T14:00:00,HV-2026-004,4,34.34,60.28,55.403,86.68,normal,healthy,synthetic_prototype_dataset
2026-08-05T15:00:00,HV-2026-004,4,33.79,60.32,55.423,92.24,normal,healthy,synthetic_prototype_dataset
2026-08-05T16:00:00,HV-2026-004,4,34.27,62.72,55.46,82.07,normal,healthy,synthetic_prototype_dataset
2026-08-05T17:00:00,HV-2026-004,4,33.09,63.61,55.504,89.06,normal,healthy,synthetic_prototype_dataset
2026-08-05T18:00:00,HV-2026-004,4,33.26,65.57,55.522,92.73,normal,healthy,synthetic_prototype_dataset
2026-08-05T19:00:00,HV-2026-004,4,33.64,66.82,55.545,90.85,normal,healthy,synthetic_prototype_dataset
2026-08-05T20:00:00,HV-2026-004,4,33.19,72.47,55.569,93.61,normal,healthy,synthetic_prototype_dataset
2026-08-05T21:00:00,HV-2026-004,4,32.21,69.8,55.52,89.46,normal,healthy,synthetic_prototype_dataset
2026-08-05T22:00:00,HV-2026-004,4,32.82,67.46,55.551,90.24,normal,healthy,synthetic_prototype_dataset
2026-08-05T23:00:00,HV-2026-004,4,32.64,70.61,55.603,87.14,normal,healthy,synthetic_prototype_dataset
2026-08-06T00:00:00,HV-2026-004,4,32.55,72.95,55.642,79.88,normal,healthy,synthetic_prototype_dataset
2026-08-06T01:00:00,HV-2026-004,4,32.24,73.45,55.71,75.53,normal,healthy,synthetic_prototype_dataset
2026-08-06T02:00:00,HV-2026-004,4,31.96,73.45,55.786,80.51,normal,healthy,synthetic_prototype_dataset
2026-08-06T03:00:00,HV-2026-004,4,32.99,66.91,55.788,73.95,normal,healthy,synthetic_prototype_dataset
2026-08-06T04:00:00,HV-2026-004,4,32.96,72.71,55.775,83.85,normal,healthy,synthetic_prototype_dataset
2026-08-06T05:00:00,HV-2026-004,4,33.08,66.61,55.83,79.24,normal,healthy,synthetic_prototype_dataset
2026-08-06T06:00:00,HV-2026-004,4,33.88,64.79,55.873,72.38,normal,healthy,synthetic_prototype_dataset
2026-08-06T07:00:00,HV-2026-004,4,33.57,64.19,55.869,81.51,normal,healthy,synthetic_prototype_dataset
2026-08-06T08:00:00,HV-2026-004,4,33.98,62.28,55.868,83.26,normal,healthy,synthetic_prototype_dataset
2026-08-06T09:00:00,HV-2026-004,4,34.21,63.28,55.939,79.8,normal,healthy,synthetic_prototype_dataset
2026-08-06T10:00:00,HV-2026-004,4,34.73,59.26,55.996,82.32,normal,healthy,synthetic_prototype_dataset
2026-08-06T11:00:00,HV-2026-004,4,34.66,59.5,55.981,84.26,normal,healthy,synthetic_prototype_dataset
2026-08-06T12:00:00,HV-2026-004,4,35.18,59.42,56.057,84.58,normal,healthy,synthetic_prototype_dataset
2026-08-06T13:00:00,HV-2026-004,4,34.64,57.4,56.086,93.99,normal,healthy,synthetic_prototype_dataset
2026-08-06T14:00:00,HV-2026-004,4,34.84,59.06,56.093,82.53,normal,healthy,synthetic_prototype_dataset
2026-08-06T15:00:00,HV-2026-004,4,34.13,62.59,56.118,85.58,normal,healthy,synthetic_prototype_dataset
2026-08-06T16:00:00,HV-2026-004,4,33.86,63.84,56.153,87.33,normal,healthy,synthetic_prototype_dataset
2026-08-06T17:00:00,HV-2026-004,4,33.79,68.33,56.23,95.02,normal,healthy,synthetic_prototype_dataset
2026-08-06T18:00:00,HV-2026-004,4,32.8,65.9,56.237,91.9,normal,healthy,synthetic_prototype_dataset
2026-08-06T19:00:00,HV-2026-004,4,33.73,68.57,56.232,87.57,normal,healthy,synthetic_prototype_dataset
2026-08-06T20:00:00,HV-2026-004,4,33.22,70.97,56.262,89.98,normal,healthy,synthetic_prototype_dataset
2026-08-06T21:00:00,HV-2026-004,4,32.69,71.61,56.312,91.14,normal,healthy,synthetic_prototype_dataset
2026-08-06T22:00:00,HV-2026-004,4,32.47,72.15,56.334,85.39,normal,healthy,synthetic_prototype_dataset
2026-08-06T23:00:00,HV-2026-004,4,31.98,73.92,56.334,89.96,normal,healthy,synthetic_prototype_dataset
2026-08-07T00:00:00,HV-2026-004,4,32.21,74.81,56.381,78.95,normal,healthy,synthetic_prototype_dataset
2026-08-07T01:00:00,HV-2026-004,4,32.06,73.84,56.432,70.57,normal,healthy,synthetic_prototype_dataset
2026-08-07T02:00:00,HV-2026-004,4,33.17,76.48,56.49,77.79,normal,warning,synthetic_prototype_dataset
2026-08-07T03:00:00,HV-2026-004,4,32.88,70.71,56.511,79.38,normal,healthy,synthetic_prototype_dataset
2026-08-07T04:00:00,HV-2026-004,4,32.44,67.93,56.522,78.3,normal,healthy,synthetic_prototype_dataset
2026-08-07T05:00:00,HV-2026-004,4,32.81,67.74,56.543,72.46,normal,healthy,synthetic_prototype_dataset
2026-08-07T06:00:00,HV-2026-004,4,32.43,64.49,56.578,77.7,normal,healthy,synthetic_prototype_dataset
2026-08-07T07:00:00,HV-2026-004,4,34.09,65.62,56.581,74.89,normal,healthy,synthetic_prototype_dataset
2026-08-07T08:00:00,HV-2026-004,4,34.35,62.46,56.642,80.96,normal,healthy,synthetic_prototype_dataset
2026-08-07T09:00:00,HV-2026-004,4,35.03,60.55,56.713,88.48,normal,healthy,synthetic_prototype_dataset
2026-08-07T10:00:00,HV-2026-004,4,34.68,61.17,56.719,86.13,normal,healthy,synthetic_prototype_dataset
2026-08-07T11:00:00,HV-2026-004,4,35.3,58.69,56.78,85.5,normal,healthy,synthetic_prototype_dataset
2026-08-07T12:00:00,HV-2026-004,4,35.01,60.8,56.84,85.41,normal,healthy,synthetic_prototype_dataset
2026-08-07T13:00:00,HV-2026-004,4,35.16,61.58,56.864,87.1,normal,healthy,synthetic_prototype_dataset
2026-08-07T14:00:00,HV-2026-004,4,33.86,61.33,56.949,87.22,normal,healthy,synthetic_prototype_dataset
2026-08-07T15:00:00,HV-2026-004,4,34.51,60.99,56.976,89.75,normal,healthy,synthetic_prototype_dataset
2026-08-07T16:00:00,HV-2026-004,4,33.83,62.41,56.982,91.58,normal,healthy,synthetic_prototype_dataset
2026-08-07T17:00:00,HV-2026-004,4,33.98,63.75,57.017,89.11,normal,healthy,synthetic_prototype_dataset
2026-08-07T18:00:00,HV-2026-004,4,34.05,65.54,57.069,87.53,normal,healthy,synthetic_prototype_dataset
2026-08-07T19:00:00,HV-2026-004,4,33.56,70.02,57.132,95.03,normal,healthy,synthetic_prototype_dataset
2026-08-07T20:00:00,HV-2026-004,4,33.01,72.07,57.214,85.6,normal,healthy,synthetic_prototype_dataset
2026-08-07T21:00:00,HV-2026-004,4,32.34,68.6,57.276,83.65,normal,healthy,synthetic_prototype_dataset
2026-08-07T22:00:00,HV-2026-004,4,31.6,70.43,57.24,89.08,normal,healthy,synthetic_prototype_dataset
2026-08-07T23:00:00,HV-2026-004,4,31.79,70.06,57.264,87.17,normal,healthy,synthetic_prototype_dataset
2026-08-08T00:00:00,HV-2026-004,4,31.34,72.2,57.286,74.75,normal,healthy,synthetic_prototype_dataset
2026-08-08T01:00:00,HV-2026-004,4,32.08,75.37,57.387,74.64,normal,warning,synthetic_prototype_dataset
2026-08-08T02:00:00,HV-2026-004,4,31.76,72.13,57.418,75.81,normal,healthy,synthetic_prototype_dataset
2026-08-08T03:00:00,HV-2026-004,4,32.84,75.42,57.383,73.93,normal,warning,synthetic_prototype_dataset
2026-08-08T04:00:00,HV-2026-004,4,33.52,69.05,57.436,78.21,normal,healthy,synthetic_prototype_dataset
2026-08-08T05:00:00,HV-2026-004,4,33.7,71.74,57.473,69.89,normal,warning,synthetic_prototype_dataset
2026-08-08T06:00:00,HV-2026-004,4,33.16,70.42,57.448,77.74,normal,healthy,synthetic_prototype_dataset
2026-08-08T07:00:00,HV-2026-004,4,32.68,62.24,57.504,77.95,normal,healthy,synthetic_prototype_dataset
2026-08-08T08:00:00,HV-2026-004,4,33.96,61.52,57.464,82.05,normal,healthy,synthetic_prototype_dataset
2026-08-08T09:00:00,HV-2026-004,4,34.27,58.8,57.499,83.39,normal,healthy,synthetic_prototype_dataset
2026-08-08T10:00:00,HV-2026-004,4,34.52,60.63,57.538,80.53,normal,healthy,synthetic_prototype_dataset
2026-08-08T11:00:00,HV-2026-004,4,34.76,61.05,57.615,87.29,normal,healthy,synthetic_prototype_dataset
2026-08-08T12:00:00,HV-2026-004,4,34.48,60.63,57.674,83.42,normal,healthy,synthetic_prototype_dataset
2026-08-08T13:00:00,HV-2026-004,4,34.53,60.95,57.765,80.77,normal,healthy,synthetic_prototype_dataset
2026-08-08T14:00:00,HV-2026-004,4,35.34,62.52,57.814,87.28,normal,healthy,synthetic_prototype_dataset
2026-08-08T15:00:00,HV-2026-004,4,34.57,60.38,57.848,83.77,normal,healthy,synthetic_prototype_dataset
2026-08-08T16:00:00,HV-2026-004,4,33.35,67.18,57.888,90.24,normal,healthy,synthetic_prototype_dataset
2026-08-08T17:00:00,HV-2026-004,4,33.8,63.18,57.912,90.2,normal,healthy,synthetic_prototype_dataset
2026-08-08T18:00:00,HV-2026-004,4,33.39,65.13,57.958,90.66,normal,healthy,synthetic_prototype_dataset
2026-08-08T19:00:00,HV-2026-004,4,33.32,69.57,57.977,89.29,normal,healthy,synthetic_prototype_dataset
2026-08-08T20:00:00,HV-2026-004,4,33.5,68.29,57.937,91.47,normal,healthy,synthetic_prototype_dataset
2026-08-08T21:00:00,HV-2026-004,4,32.28,69.5,57.993,88.43,normal,healthy,synthetic_prototype_dataset
2026-08-08T22:00:00,HV-2026-004,4,31.79,76.03,57.961,87.1,normal,warning,synthetic_prototype_dataset
2026-08-08T23:00:00,HV-2026-004,4,31.37,73.73,57.964,89.97,normal,healthy,synthetic_prototype_dataset
2026-08-09T00:00:00,HV-2026-004,4,32.13,76.05,57.974,69.65,normal,warning,synthetic_prototype_dataset
2026-08-09T01:00:00,HV-2026-004,4,32.28,72.92,57.935,72.31,normal,healthy,synthetic_prototype_dataset
2026-08-09T02:00:00,HV-2026-004,4,31.98,75.48,57.985,74.45,normal,warning,synthetic_prototype_dataset
2026-08-09T03:00:00,HV-2026-004,4,32.73,67.9,57.99,77.4,normal,healthy,synthetic_prototype_dataset
2026-08-09T04:00:00,HV-2026-004,4,32.86,69.15,58.014,77.18,normal,healthy,synthetic_prototype_dataset
2026-08-09T05:00:00,HV-2026-004,4,33.09,69.98,58.05,77.79,normal,healthy,synthetic_prototype_dataset
2026-08-09T06:00:00,HV-2026-004,4,34.2,68.11,58.136,73.65,normal,healthy,synthetic_prototype_dataset
2026-08-09T07:00:00,HV-2026-004,4,33.05,64.55,58.153,82.94,normal,healthy,synthetic_prototype_dataset
2026-08-09T08:00:00,HV-2026-004,4,33.58,62.98,58.197,79.97,normal,healthy,synthetic_prototype_dataset
2026-08-09T09:00:00,HV-2026-004,4,34.28,62.31,58.268,86.73,normal,healthy,synthetic_prototype_dataset
2026-08-09T10:00:00,HV-2026-004,4,34.57,59.09,58.36,79.23,normal,healthy,synthetic_prototype_dataset
2026-08-09T11:00:00,HV-2026-004,4,35.5,62.28,58.453,86.92,normal,healthy,synthetic_prototype_dataset
2026-08-09T12:00:00,HV-2026-004,4,33.78,57.75,58.506,83.53,normal,healthy,synthetic_prototype_dataset
2026-08-09T13:00:00,HV-2026-004,4,34.55,60.96,58.543,82.84,normal,healthy,synthetic_prototype_dataset
2026-08-09T14:00:00,HV-2026-004,4,34.96,61.48,58.576,90.61,normal,healthy,synthetic_prototype_dataset
2026-08-09T15:00:00,HV-2026-004,4,34.4,64.06,58.622,93.57,normal,healthy,synthetic_prototype_dataset
2026-08-09T16:00:00,HV-2026-004,4,33.24,63.94,58.646,86.52,normal,healthy,synthetic_prototype_dataset
2026-08-09T17:00:00,HV-2026-004,4,34.29,66.41,58.61,92.38,normal,healthy,synthetic_prototype_dataset
2026-08-09T18:00:00,HV-2026-004,4,33.7,65.32,58.61,84.43,normal,healthy,synthetic_prototype_dataset
2026-08-09T19:00:00,HV-2026-004,4,32.95,68.11,58.663,90.82,normal,healthy,synthetic_prototype_dataset
2026-08-09T20:00:00,HV-2026-004,4,32.31,70.55,58.679,86.25,normal,healthy,synthetic_prototype_dataset
2026-08-09T21:00:00,HV-2026-004,4,31.8,72.69,58.72,90.88,normal,healthy,synthetic_prototype_dataset
2026-08-09T22:00:00,HV-2026-004,4,31.98,72.99,58.697,84.67,normal,healthy,synthetic_prototype_dataset
2026-08-09T23:00:00,HV-2026-004,4,32.19,73.85,58.665,83.41,normal,healthy,synthetic_prototype_dataset
2026-08-10T00:00:00,HV-2026-004,4,31.93,75.46,58.661,76.17,normal,warning,synthetic_prototype_dataset
2026-08-10T01:00:00,HV-2026-004,4,32.25,73.04,58.696,71.29,normal,healthy,synthetic_prototype_dataset
2026-08-10T02:00:00,HV-2026-004,4,31.97,75.38,58.773,78.69,normal,warning,synthetic_prototype_dataset
2026-08-10T03:00:00,HV-2026-004,4,32.97,68.4,58.765,74.91,normal,healthy,synthetic_prototype_dataset
2026-08-10T04:00:00,HV-2026-004,4,33.83,69.67,58.816,77.32,normal,healthy,synthetic_prototype_dataset
2026-08-10T05:00:00,HV-2026-004,4,33.22,68.5,58.799,66.55,normal,warning,synthetic_prototype_dataset
2026-08-10T06:00:00,HV-2026-004,4,33.97,65.62,58.759,77.53,normal,healthy,synthetic_prototype_dataset
2026-08-10T07:00:00,HV-2026-004,4,33.92,66.3,58.823,74.61,normal,healthy,synthetic_prototype_dataset
2026-08-10T08:00:00,HV-2026-004,4,33.65,62.66,58.881,72.26,normal,healthy,synthetic_prototype_dataset
2026-08-10T09:00:00,HV-2026-004,4,34.37,63.46,58.947,83.84,normal,healthy,synthetic_prototype_dataset
2026-08-10T10:00:00,HV-2026-004,4,35.0,55.72,59.041,84.16,normal,healthy,synthetic_prototype_dataset
2026-08-10T11:00:00,HV-2026-004,4,35.25,57.86,59.02,90.77,normal,healthy,synthetic_prototype_dataset
2026-08-10T12:00:00,HV-2026-004,4,34.28,59.17,59.081,88.6,normal,healthy,synthetic_prototype_dataset
2026-08-10T13:00:00,HV-2026-004,4,35.13,60.37,59.087,89.58,normal,healthy,synthetic_prototype_dataset
2026-08-10T14:00:00,HV-2026-004,4,34.84,57.4,59.179,79.42,normal,healthy,synthetic_prototype_dataset
2026-08-10T15:00:00,HV-2026-004,4,34.78,60.64,59.244,90.72,normal,healthy,synthetic_prototype_dataset
2026-08-10T16:00:00,HV-2026-004,4,34.03,64.04,59.279,92.02,normal,healthy,synthetic_prototype_dataset
2026-08-10T17:00:00,HV-2026-004,4,34.71,62.51,59.201,88.43,normal,healthy,synthetic_prototype_dataset
2026-08-10T18:00:00,HV-2026-004,4,33.18,66.05,59.199,93.05,normal,healthy,synthetic_prototype_dataset
2026-08-10T19:00:00,HV-2026-004,4,32.44,69.36,59.246,90.99,normal,healthy,synthetic_prototype_dataset
2026-08-10T20:00:00,HV-2026-004,4,32.96,71.94,59.273,88.31,normal,healthy,synthetic_prototype_dataset
2026-08-10T21:00:00,HV-2026-004,4,32.69,72.76,59.329,82.94,normal,healthy,synthetic_prototype_dataset
2026-08-10T22:00:00,HV-2026-004,4,32.19,70.88,59.374,90.67,normal,healthy,synthetic_prototype_dataset
2026-08-10T23:00:00,HV-2026-004,4,32.01,72.18,59.42,86.64,normal,healthy,synthetic_prototype_dataset
2026-08-11T00:00:00,HV-2026-004,4,32.7,77.02,59.48,75.4,normal,warning,synthetic_prototype_dataset
2026-08-11T01:00:00,HV-2026-004,4,32.93,74.02,59.488,73.64,normal,healthy,synthetic_prototype_dataset
2026-08-11T02:00:00,HV-2026-004,4,31.92,72.88,59.529,71.05,normal,healthy,synthetic_prototype_dataset
2026-08-11T03:00:00,HV-2026-004,4,32.24,72.16,59.577,75.91,normal,healthy,synthetic_prototype_dataset
2026-08-11T04:00:00,HV-2026-004,4,32.82,68.1,59.57,75.79,normal,healthy,synthetic_prototype_dataset
2026-08-11T05:00:00,HV-2026-004,4,33.25,69.06,59.565,75.17,normal,healthy,synthetic_prototype_dataset
2026-08-11T06:00:00,HV-2026-004,4,34.04,67.81,59.584,72.41,normal,healthy,synthetic_prototype_dataset
2026-08-11T07:00:00,HV-2026-004,4,33.38,65.03,59.619,79.81,normal,healthy,synthetic_prototype_dataset
2026-08-11T08:00:00,HV-2026-004,4,34.19,62.66,59.631,86.79,normal,healthy,synthetic_prototype_dataset
2026-08-11T09:00:00,HV-2026-004,4,34.03,59.55,59.607,80.12,normal,healthy,synthetic_prototype_dataset
2026-08-11T10:00:00,HV-2026-004,4,34.91,59.73,59.697,82.97,normal,healthy,synthetic_prototype_dataset
2026-08-11T11:00:00,HV-2026-004,4,35.12,58.7,59.711,84.84,normal,healthy,synthetic_prototype_dataset
2026-08-11T12:00:00,HV-2026-004,4,34.88,59.5,59.764,87.96,normal,healthy,synthetic_prototype_dataset
2026-08-11T13:00:00,HV-2026-004,4,33.98,59.45,59.789,85.46,normal,healthy,synthetic_prototype_dataset
2026-08-11T14:00:00,HV-2026-004,4,34.67,59.86,59.761,87.3,normal,healthy,synthetic_prototype_dataset
2026-08-11T15:00:00,HV-2026-004,4,33.8,62.77,59.83,81.32,normal,healthy,synthetic_prototype_dataset
2026-08-11T16:00:00,HV-2026-004,4,33.66,63.96,59.818,92.26,normal,healthy,synthetic_prototype_dataset
2026-08-11T17:00:00,HV-2026-004,4,34.17,64.72,59.825,81.79,normal,healthy,synthetic_prototype_dataset
2026-08-11T18:00:00,HV-2026-004,4,33.73,70.43,59.918,89.32,normal,healthy,synthetic_prototype_dataset
2026-08-11T19:00:00,HV-2026-004,4,32.53,70.15,59.938,91.55,normal,healthy,synthetic_prototype_dataset
2026-08-11T20:00:00,HV-2026-004,4,32.85,70.49,59.999,93.25,normal,healthy,synthetic_prototype_dataset
2026-08-11T21:00:00,HV-2026-004,4,32.21,70.12,59.937,87.72,normal,healthy,synthetic_prototype_dataset
2026-08-11T22:00:00,HV-2026-004,4,31.74,73.64,59.95,87.33,normal,healthy,synthetic_prototype_dataset
2026-08-11T23:00:00,HV-2026-004,4,32.47,74.3,59.971,93.01,normal,healthy,synthetic_prototype_dataset
2026-08-12T00:00:00,HV-2026-004,4,32.37,73.15,59.983,78.76,normal,healthy,synthetic_prototype_dataset
2026-08-12T01:00:00,HV-2026-004,4,32.17,71.65,60.039,80.4,normal,healthy,synthetic_prototype_dataset
2026-08-12T02:00:00,HV-2026-004,4,32.74,75.74,60.137,81.54,normal,warning,synthetic_prototype_dataset
2026-08-12T03:00:00,HV-2026-004,4,32.57,71.48,60.098,76.04,normal,healthy,synthetic_prototype_dataset
2026-08-12T04:00:00,HV-2026-004,4,32.92,70.48,60.056,75.0,normal,healthy,synthetic_prototype_dataset
2026-08-12T05:00:00,HV-2026-004,4,33.29,66.87,60.087,77.51,normal,healthy,synthetic_prototype_dataset
2026-08-12T06:00:00,HV-2026-004,4,33.84,69.98,60.099,76.64,normal,healthy,synthetic_prototype_dataset
2026-08-12T07:00:00,HV-2026-004,4,33.77,66.26,60.143,82.81,normal,healthy,synthetic_prototype_dataset
2026-08-12T08:00:00,HV-2026-004,4,32.94,64.15,60.19,78.8,normal,healthy,synthetic_prototype_dataset
2026-08-12T09:00:00,HV-2026-004,4,33.23,61.84,60.199,87.23,normal,healthy,synthetic_prototype_dataset
2026-08-12T10:00:00,HV-2026-004,4,34.63,59.41,60.165,85.07,normal,healthy,synthetic_prototype_dataset
2026-08-12T11:00:00,HV-2026-004,4,34.9,59.75,60.226,83.3,normal,healthy,synthetic_prototype_dataset
2026-08-12T12:00:00,HV-2026-004,4,35.11,61.69,60.211,81.02,normal,healthy,synthetic_prototype_dataset
2026-08-12T13:00:00,HV-2026-004,4,35.5,61.82,60.21,81.61,normal,healthy,synthetic_prototype_dataset
2026-08-12T14:00:00,HV-2026-004,4,34.55,58.78,60.241,87.96,normal,healthy,synthetic_prototype_dataset
2026-08-12T15:00:00,HV-2026-004,4,34.21,63.98,60.346,87.26,normal,healthy,synthetic_prototype_dataset
2026-08-12T16:00:00,HV-2026-004,4,33.48,64.1,60.441,88.11,normal,healthy,synthetic_prototype_dataset
2026-08-12T17:00:00,HV-2026-004,4,34.05,63.58,60.476,85.81,normal,healthy,synthetic_prototype_dataset
2026-08-12T18:00:00,HV-2026-004,4,33.34,66.69,60.527,96.22,normal,healthy,synthetic_prototype_dataset
2026-08-12T19:00:00,HV-2026-004,4,32.82,65.11,60.545,90.93,normal,healthy,synthetic_prototype_dataset
2026-08-12T20:00:00,HV-2026-004,4,32.78,70.12,60.622,90.0,normal,healthy,synthetic_prototype_dataset
2026-08-12T21:00:00,HV-2026-004,4,32.37,70.45,60.586,90.09,normal,healthy,synthetic_prototype_dataset
2026-08-12T22:00:00,HV-2026-004,4,32.32,71.06,60.609,87.62,normal,healthy,synthetic_prototype_dataset
2026-08-12T23:00:00,HV-2026-004,4,31.8,72.24,60.648,86.32,normal,healthy,synthetic_prototype_dataset
2026-08-13T00:00:00,HV-2026-004,4,31.75,72.41,60.669,79.24,normal,healthy,synthetic_prototype_dataset
2026-08-13T01:00:00,HV-2026-004,4,32.15,73.29,60.705,80.78,normal,healthy,synthetic_prototype_dataset
2026-08-13T02:00:00,HV-2026-004,4,32.41,73.49,60.752,75.45,normal,healthy,synthetic_prototype_dataset
2026-08-13T03:00:00,HV-2026-004,4,32.48,71.03,60.723,77.2,normal,healthy,synthetic_prototype_dataset
2026-08-13T04:00:00,HV-2026-004,4,32.82,69.94,60.784,73.47,normal,healthy,synthetic_prototype_dataset
2026-08-13T05:00:00,HV-2026-004,4,32.18,67.51,60.755,77.18,normal,healthy,synthetic_prototype_dataset
2026-08-13T06:00:00,HV-2026-004,4,32.98,68.73,60.814,72.76,normal,healthy,synthetic_prototype_dataset
2026-08-13T07:00:00,HV-2026-004,4,33.29,66.11,60.873,70.78,normal,healthy,synthetic_prototype_dataset
2026-08-13T08:00:00,HV-2026-004,4,34.09,59.5,60.883,83.45,normal,healthy,synthetic_prototype_dataset
2026-08-13T09:00:00,HV-2026-004,4,35.59,61.58,60.874,79.56,normal,healthy,synthetic_prototype_dataset
2026-08-13T10:00:00,HV-2026-004,4,34.47,59.69,60.879,81.51,normal,healthy,synthetic_prototype_dataset
2026-08-13T11:00:00,HV-2026-004,4,34.75,59.89,60.889,82.18,normal,healthy,synthetic_prototype_dataset
2026-08-13T12:00:00,HV-2026-004,4,34.43,58.16,60.906,88.15,normal,healthy,synthetic_prototype_dataset
2026-08-13T13:00:00,HV-2026-004,4,34.47,57.04,60.985,88.57,normal,healthy,synthetic_prototype_dataset
2026-08-13T14:00:00,HV-2026-004,4,33.82,60.24,61.0,90.49,normal,healthy,synthetic_prototype_dataset
2026-08-13T15:00:00,HV-2026-004,4,34.07,61.88,61.034,83.75,normal,healthy,synthetic_prototype_dataset
2026-08-13T16:00:00,HV-2026-004,4,34.6,64.65,61.046,90.19,normal,healthy,synthetic_prototype_dataset
2026-08-13T17:00:00,HV-2026-004,4,34.09,65.24,61.134,98.0,normal,healthy,synthetic_prototype_dataset
2026-08-13T18:00:00,HV-2026-004,4,33.26,65.91,61.129,82.25,normal,healthy,synthetic_prototype_dataset
2026-08-13T19:00:00,HV-2026-004,4,33.54,68.13,61.185,93.65,normal,healthy,synthetic_prototype_dataset
2026-08-13T20:00:00,HV-2026-004,4,32.18,68.78,61.271,89.28,normal,healthy,synthetic_prototype_dataset
2026-08-13T21:00:00,HV-2026-004,4,32.1,70.02,61.291,94.21,normal,healthy,synthetic_prototype_dataset
2026-08-13T22:00:00,HV-2026-004,4,32.5,73.35,61.371,93.01,normal,healthy,synthetic_prototype_dataset
2026-08-13T23:00:00,HV-2026-004,4,32.21,78.71,61.388,88.35,normal,warning,synthetic_prototype_dataset
2026-08-14T00:00:00,HV-2026-004,4,31.83,75.61,61.404,77.18,normal,warning,synthetic_prototype_dataset
2026-08-14T01:00:00,HV-2026-004,4,33.12,75.46,61.446,72.96,normal,warning,synthetic_prototype_dataset
2026-08-14T02:00:00,HV-2026-004,4,32.26,71.24,61.502,79.02,normal,healthy,synthetic_prototype_dataset
2026-08-14T03:00:00,HV-2026-004,4,32.3,74.93,61.58,76.52,normal,healthy,synthetic_prototype_dataset
2026-08-14T04:00:00,HV-2026-004,4,32.91,69.43,61.596,72.23,normal,healthy,synthetic_prototype_dataset
2026-08-14T05:00:00,HV-2026-004,4,32.75,68.61,61.562,78.02,normal,healthy,synthetic_prototype_dataset
2026-08-14T06:00:00,HV-2026-004,4,33.76,66.97,61.493,75.11,normal,healthy,synthetic_prototype_dataset
2026-08-14T07:00:00,HV-2026-004,4,33.01,64.08,61.569,69.31,normal,warning,synthetic_prototype_dataset
2026-08-14T08:00:00,HV-2026-004,4,33.59,64.98,61.574,76.9,normal,healthy,synthetic_prototype_dataset
2026-08-14T09:00:00,HV-2026-004,4,35.14,62.72,61.641,83.09,normal,healthy,synthetic_prototype_dataset
2026-08-14T10:00:00,HV-2026-004,4,34.5,63.2,61.745,77.11,normal,healthy,synthetic_prototype_dataset
2026-08-14T11:00:00,HV-2026-004,4,34.54,60.15,61.771,87.96,normal,healthy,synthetic_prototype_dataset
2026-08-14T12:00:00,HV-2026-004,4,34.72,63.45,61.852,90.68,normal,healthy,synthetic_prototype_dataset
2026-08-14T13:00:00,HV-2026-004,4,34.02,58.78,61.869,91.74,normal,healthy,synthetic_prototype_dataset
2026-08-14T14:00:00,HV-2026-004,4,33.99,59.24,61.872,97.76,normal,healthy,synthetic_prototype_dataset
2026-08-14T15:00:00,HV-2026-004,4,34.16,62.99,61.873,92.29,normal,healthy,synthetic_prototype_dataset
2026-08-14T16:00:00,HV-2026-004,4,33.16,61.73,61.885,90.29,normal,healthy,synthetic_prototype_dataset
2026-08-14T17:00:00,HV-2026-004,4,33.28,67.92,61.937,87.47,normal,healthy,synthetic_prototype_dataset
2026-08-14T18:00:00,HV-2026-004,4,33.75,66.28,61.946,93.14,normal,healthy,synthetic_prototype_dataset
2026-08-14T19:00:00,HV-2026-004,4,31.86,70.12,61.946,87.38,normal,healthy,synthetic_prototype_dataset
2026-08-14T20:00:00,HV-2026-004,4,33.53,69.53,62.004,90.5,normal,healthy,synthetic_prototype_dataset
2026-08-14T21:00:00,HV-2026-004,4,32.56,71.49,62.019,94.28,normal,healthy,synthetic_prototype_dataset
2026-08-14T22:00:00,HV-2026-004,4,32.6,72.15,62.007,86.08,normal,healthy,synthetic_prototype_dataset
2026-08-14T23:00:00,HV-2026-004,4,32.49,75.87,62.051,80.84,normal,warning,synthetic_prototype_dataset
2026-08-15T00:00:00,HV-2026-004,4,32.34,76.35,62.003,51.99,reduced_activity,warning,synthetic_prototype_dataset
2026-08-15T01:00:00,HV-2026-004,4,31.45,74.99,61.912,49.7,reduced_activity,warning,synthetic_prototype_dataset
2026-08-15T02:00:00,HV-2026-004,4,32.45,76.3,61.874,43.67,reduced_activity,warning,synthetic_prototype_dataset
2026-08-15T03:00:00,HV-2026-004,4,32.16,71.5,61.801,50.71,reduced_activity,warning,synthetic_prototype_dataset
2026-08-15T04:00:00,HV-2026-004,4,33.22,67.81,61.748,46.22,reduced_activity,warning,synthetic_prototype_dataset
2026-08-15T05:00:00,HV-2026-004,4,32.61,69.6,61.744,49.12,reduced_activity,warning,synthetic_prototype_dataset
2026-08-15T06:00:00,HV-2026-004,4,33.91,65.71,61.69,43.32,reduced_activity,warning,synthetic_prototype_dataset
2026-08-15T07:00:00,HV-2026-004,4,33.74,65.78,61.669,52.42,reduced_activity,warning,synthetic_prototype_dataset
2026-08-15T08:00:00,HV-2026-004,4,34.26,61.95,61.571,51.44,reduced_activity,warning,synthetic_prototype_dataset
2026-08-15T09:00:00,HV-2026-004,4,34.89,62.01,61.472,58.65,reduced_activity,warning,synthetic_prototype_dataset
2026-08-15T10:00:00,HV-2026-004,4,34.65,61.25,61.389,53.06,reduced_activity,warning,synthetic_prototype_dataset
2026-08-15T11:00:00,HV-2026-004,4,34.86,61.14,61.325,54.32,reduced_activity,warning,synthetic_prototype_dataset
2026-08-15T12:00:00,HV-2026-004,4,34.32,63.0,61.319,54.06,reduced_activity,warning,synthetic_prototype_dataset
2026-08-15T13:00:00,HV-2026-004,4,34.03,60.74,61.265,55.64,reduced_activity,warning,synthetic_prototype_dataset
2026-08-15T14:00:00,HV-2026-004,4,33.91,59.12,61.233,57.19,reduced_activity,warning,synthetic_prototype_dataset
2026-08-15T15:00:00,HV-2026-004,4,35.34,63.12,61.153,53.56,reduced_activity,warning,synthetic_prototype_dataset
2026-08-15T16:00:00,HV-2026-004,4,34.13,62.79,61.157,60.51,reduced_activity,warning,synthetic_prototype_dataset
2026-08-15T17:00:00,HV-2026-004,4,32.74,63.35,61.088,61.43,reduced_activity,warning,synthetic_prototype_dataset
2026-08-15T18:00:00,HV-2026-004,4,32.83,67.28,60.991,60.02,reduced_activity,warning,synthetic_prototype_dataset
2026-08-15T19:00:00,HV-2026-004,4,33.13,71.44,60.944,57.02,reduced_activity,warning,synthetic_prototype_dataset
2026-08-15T20:00:00,HV-2026-004,4,33.32,70.17,60.916,57.38,reduced_activity,warning,synthetic_prototype_dataset
2026-08-15T21:00:00,HV-2026-004,4,32.42,70.51,60.873,61.75,reduced_activity,warning,synthetic_prototype_dataset
2026-08-15T22:00:00,HV-2026-004,4,31.95,72.07,60.83,55.24,reduced_activity,warning,synthetic_prototype_dataset
2026-08-15T23:00:00,HV-2026-004,4,31.36,74.4,60.771,56.66,reduced_activity,warning,synthetic_prototype_dataset
2026-08-16T00:00:00,HV-2026-004,4,32.24,75.18,60.711,41.95,reduced_activity,warning,synthetic_prototype_dataset
2026-08-16T01:00:00,HV-2026-004,4,31.76,74.8,60.661,44.08,reduced_activity,warning,synthetic_prototype_dataset
2026-08-16T02:00:00,HV-2026-004,4,31.83,74.16,60.598,48.63,reduced_activity,warning,synthetic_prototype_dataset
2026-08-16T03:00:00,HV-2026-004,4,32.78,71.38,60.576,46.48,reduced_activity,warning,synthetic_prototype_dataset
2026-08-16T04:00:00,HV-2026-004,4,32.77,66.55,60.487,42.79,reduced_activity,warning,synthetic_prototype_dataset
2026-08-16T05:00:00,HV-2026-004,4,32.82,69.01,60.437,47.0,reduced_activity,warning,synthetic_prototype_dataset
2026-08-16T06:00:00,HV-2026-004,4,33.0,68.23,60.446,44.76,reduced_activity,warning,synthetic_prototype_dataset
2026-08-16T07:00:00,HV-2026-004,4,33.34,63.94,60.394,45.99,reduced_activity,warning,synthetic_prototype_dataset
2026-08-16T08:00:00,HV-2026-004,4,33.18,60.87,60.379,54.11,reduced_activity,warning,synthetic_prototype_dataset
2026-08-16T09:00:00,HV-2026-004,4,34.94,62.45,60.298,49.82,reduced_activity,warning,synthetic_prototype_dataset
2026-08-16T10:00:00,HV-2026-004,4,33.76,58.17,60.265,54.89,reduced_activity,warning,synthetic_prototype_dataset
2026-08-16T11:00:00,HV-2026-004,4,35.44,60.08,60.178,54.1,reduced_activity,warning,synthetic_prototype_dataset
2026-08-16T12:00:00,HV-2026-004,4,34.48,59.1,60.153,51.65,reduced_activity,warning,synthetic_prototype_dataset
2026-08-16T13:00:00,HV-2026-004,4,34.62,61.4,60.165,58.19,reduced_activity,warning,synthetic_prototype_dataset
2026-08-16T14:00:00,HV-2026-004,4,34.9,60.13,60.117,62.84,reduced_activity,warning,synthetic_prototype_dataset
2026-08-16T15:00:00,HV-2026-004,4,33.61,61.31,60.117,58.2,reduced_activity,warning,synthetic_prototype_dataset
2026-08-16T16:00:00,HV-2026-004,4,33.83,63.01,60.079,63.32,reduced_activity,warning,synthetic_prototype_dataset
2026-08-16T17:00:00,HV-2026-004,4,34.06,65.2,60.071,61.08,reduced_activity,warning,synthetic_prototype_dataset
2026-08-16T18:00:00,HV-2026-004,4,33.69,65.14,60.082,60.77,reduced_activity,warning,synthetic_prototype_dataset
2026-08-16T19:00:00,HV-2026-004,4,31.73,71.79,60.027,58.5,reduced_activity,warning,synthetic_prototype_dataset
2026-08-16T20:00:00,HV-2026-004,4,32.38,71.28,59.941,57.5,reduced_activity,warning,synthetic_prototype_dataset
2026-08-16T21:00:00,HV-2026-004,4,32.14,71.41,59.868,61.92,reduced_activity,warning,synthetic_prototype_dataset
2026-08-16T22:00:00,HV-2026-004,4,32.3,73.76,59.834,57.8,reduced_activity,warning,synthetic_prototype_dataset
2026-08-16T23:00:00,HV-2026-004,4,31.59,77.0,59.812,61.35,reduced_activity,warning,synthetic_prototype_dataset
2026-08-17T00:00:00,HV-2026-004,4,32.48,73.13,59.674,41.7,reduced_activity,warning,synthetic_prototype_dataset
2026-08-17T01:00:00,HV-2026-004,4,32.35,73.53,59.605,37.27,reduced_activity,critical,synthetic_prototype_dataset
2026-08-17T02:00:00,HV-2026-004,4,32.18,71.07,59.524,48.98,reduced_activity,warning,synthetic_prototype_dataset
2026-08-17T03:00:00,HV-2026-004,4,31.93,70.23,59.476,49.05,reduced_activity,warning,synthetic_prototype_dataset
2026-08-17T04:00:00,HV-2026-004,4,32.48,73.1,59.376,40.91,reduced_activity,warning,synthetic_prototype_dataset
2026-08-17T05:00:00,HV-2026-004,4,32.29,65.79,59.333,42.58,reduced_activity,warning,synthetic_prototype_dataset
2026-08-17T06:00:00,HV-2026-004,4,32.68,67.64,59.307,49.68,reduced_activity,warning,synthetic_prototype_dataset
2026-08-17T07:00:00,HV-2026-004,4,34.05,63.49,59.261,49.57,reduced_activity,warning,synthetic_prototype_dataset
2026-08-17T08:00:00,HV-2026-004,4,33.75,63.75,59.167,47.43,reduced_activity,warning,synthetic_prototype_dataset
2026-08-17T09:00:00,HV-2026-004,4,34.4,64.72,59.162,53.67,reduced_activity,warning,synthetic_prototype_dataset
2026-08-17T10:00:00,HV-2026-004,4,34.48,60.76,59.069,50.08,reduced_activity,warning,synthetic_prototype_dataset
2026-08-17T11:00:00,HV-2026-004,4,34.21,61.23,59.062,57.1,reduced_activity,warning,synthetic_prototype_dataset
2026-08-17T12:00:00,HV-2026-004,4,35.15,60.09,58.99,55.72,reduced_activity,warning,synthetic_prototype_dataset
2026-08-17T13:00:00,HV-2026-004,4,34.24,61.38,58.941,56.76,reduced_activity,warning,synthetic_prototype_dataset
2026-08-17T14:00:00,HV-2026-004,4,34.75,59.56,58.937,53.41,reduced_activity,warning,synthetic_prototype_dataset
2026-08-17T15:00:00,HV-2026-004,4,34.37,61.84,58.926,54.12,reduced_activity,warning,synthetic_prototype_dataset
2026-08-17T16:00:00,HV-2026-004,4,33.28,64.81,58.87,59.21,reduced_activity,warning,synthetic_prototype_dataset
2026-08-17T17:00:00,HV-2026-004,4,33.35,66.79,58.835,60.72,reduced_activity,warning,synthetic_prototype_dataset
2026-08-17T18:00:00,HV-2026-004,4,32.79,67.86,58.75,57.7,reduced_activity,warning,synthetic_prototype_dataset
2026-08-17T19:00:00,HV-2026-004,4,32.36,68.49,58.732,60.67,reduced_activity,warning,synthetic_prototype_dataset
2026-08-17T20:00:00,HV-2026-004,4,32.47,70.65,58.681,59.75,reduced_activity,warning,synthetic_prototype_dataset
2026-08-17T21:00:00,HV-2026-004,4,32.48,70.03,58.629,52.79,reduced_activity,warning,synthetic_prototype_dataset
2026-08-17T22:00:00,HV-2026-004,4,32.45,71.03,58.616,49.57,reduced_activity,warning,synthetic_prototype_dataset
2026-08-17T23:00:00,HV-2026-004,4,32.81,70.77,58.519,58.15,reduced_activity,warning,synthetic_prototype_dataset
2026-08-18T00:00:00,HV-2026-004,4,32.31,73.39,58.575,73.21,normal,healthy,synthetic_prototype_dataset
2026-08-18T01:00:00,HV-2026-004,4,31.9,73.12,58.581,69.23,normal,warning,synthetic_prototype_dataset
2026-08-18T02:00:00,HV-2026-004,4,32.2,72.76,58.644,71.5,normal,healthy,synthetic_prototype_dataset
2026-08-18T03:00:00,HV-2026-004,4,32.13,74.02,58.679,77.92,normal,healthy,synthetic_prototype_dataset
2026-08-18T04:00:00,HV-2026-004,4,32.89,71.23,58.768,76.32,normal,healthy,synthetic_prototype_dataset
2026-08-18T05:00:00,HV-2026-004,4,32.54,69.86,58.773,75.62,normal,healthy,synthetic_prototype_dataset
2026-08-18T06:00:00,HV-2026-004,4,33.5,65.42,58.78,77.67,normal,healthy,synthetic_prototype_dataset
2026-08-18T07:00:00,HV-2026-004,4,33.42,66.84,58.771,74.36,normal,healthy,synthetic_prototype_dataset
2026-08-18T08:00:00,HV-2026-004,4,34.84,60.65,58.799,86.1,normal,healthy,synthetic_prototype_dataset
2026-08-18T09:00:00,HV-2026-004,4,34.24,64.38,58.856,81.33,normal,healthy,synthetic_prototype_dataset
2026-08-18T10:00:00,HV-2026-004,4,34.4,57.03,58.883,83.81,normal,healthy,synthetic_prototype_dataset
2026-08-18T11:00:00,HV-2026-004,4,34.69,64.58,58.933,86.73,normal,healthy,synthetic_prototype_dataset
2026-08-18T12:00:00,HV-2026-004,4,35.16,60.88,58.972,85.62,normal,healthy,synthetic_prototype_dataset
2026-08-18T13:00:00,HV-2026-004,4,34.43,60.94,59.01,89.29,normal,healthy,synthetic_prototype_dataset
2026-08-18T14:00:00,HV-2026-004,4,34.01,61.1,59.106,87.34,normal,healthy,synthetic_prototype_dataset
2026-08-18T15:00:00,HV-2026-004,4,35.08,62.25,59.145,89.34,normal,healthy,synthetic_prototype_dataset
2026-08-18T16:00:00,HV-2026-004,4,33.84,59.84,59.213,97.2,normal,healthy,synthetic_prototype_dataset
2026-08-18T17:00:00,HV-2026-004,4,33.89,66.06,59.241,93.93,normal,healthy,synthetic_prototype_dataset
2026-08-18T18:00:00,HV-2026-004,4,33.32,67.38,59.216,88.15,normal,healthy,synthetic_prototype_dataset
2026-08-18T19:00:00,HV-2026-004,4,33.16,70.35,59.274,84.35,normal,healthy,synthetic_prototype_dataset
2026-08-18T20:00:00,HV-2026-004,4,32.02,71.45,59.272,92.65,normal,healthy,synthetic_prototype_dataset
2026-08-18T21:00:00,HV-2026-004,4,31.68,71.67,59.296,90.62,normal,healthy,synthetic_prototype_dataset
2026-08-18T22:00:00,HV-2026-004,4,31.74,69.42,59.327,89.97,normal,healthy,synthetic_prototype_dataset
2026-08-18T23:00:00,HV-2026-004,4,32.53,73.02,59.379,88.81,normal,healthy,synthetic_prototype_dataset
2026-08-19T00:00:00,HV-2026-004,4,32.66,73.73,59.344,75.76,normal,healthy,synthetic_prototype_dataset
2026-08-19T01:00:00,HV-2026-004,4,32.14,74.52,59.315,74.91,normal,healthy,synthetic_prototype_dataset
2026-08-19T02:00:00,HV-2026-004,4,32.63,72.7,59.329,82.67,normal,healthy,synthetic_prototype_dataset
2026-08-19T03:00:00,HV-2026-004,4,31.96,74.0,59.39,75.21,normal,healthy,synthetic_prototype_dataset
2026-08-19T04:00:00,HV-2026-004,4,32.7,70.26,59.422,73.92,normal,healthy,synthetic_prototype_dataset
2026-08-19T05:00:00,HV-2026-004,4,32.83,68.0,59.435,74.91,normal,healthy,synthetic_prototype_dataset
2026-08-19T06:00:00,HV-2026-004,4,32.35,67.0,59.442,69.47,normal,warning,synthetic_prototype_dataset
2026-08-19T07:00:00,HV-2026-004,4,33.54,64.33,59.511,75.94,normal,healthy,synthetic_prototype_dataset
2026-08-19T08:00:00,HV-2026-004,4,34.31,65.82,59.519,79.46,normal,healthy,synthetic_prototype_dataset
2026-08-19T09:00:00,HV-2026-004,4,35.06,62.29,59.566,79.93,normal,healthy,synthetic_prototype_dataset
2026-08-19T10:00:00,HV-2026-004,4,34.8,60.69,59.54,81.76,normal,healthy,synthetic_prototype_dataset
2026-08-19T11:00:00,HV-2026-004,4,34.08,60.27,59.548,86.2,normal,healthy,synthetic_prototype_dataset
2026-08-19T12:00:00,HV-2026-004,4,34.68,57.58,59.573,88.07,normal,healthy,synthetic_prototype_dataset
2026-08-19T13:00:00,HV-2026-004,4,35.13,58.44,59.578,93.94,normal,healthy,synthetic_prototype_dataset
2026-08-19T14:00:00,HV-2026-004,4,34.48,60.93,59.595,88.88,normal,healthy,synthetic_prototype_dataset
2026-08-19T15:00:00,HV-2026-004,4,35.05,62.34,59.672,89.04,normal,healthy,synthetic_prototype_dataset
2026-08-19T16:00:00,HV-2026-004,4,33.55,62.1,59.671,90.29,normal,healthy,synthetic_prototype_dataset
2026-08-19T17:00:00,HV-2026-004,4,34.25,65.31,59.694,87.12,normal,healthy,synthetic_prototype_dataset
2026-08-19T18:00:00,HV-2026-004,4,33.52,64.6,59.684,93.15,normal,healthy,synthetic_prototype_dataset
2026-08-19T19:00:00,HV-2026-004,4,32.9,68.1,59.703,92.42,normal,healthy,synthetic_prototype_dataset
2026-08-19T20:00:00,HV-2026-004,4,32.78,68.99,59.704,88.84,normal,healthy,synthetic_prototype_dataset
2026-08-19T21:00:00,HV-2026-004,4,32.58,71.71,59.724,89.1,normal,healthy,synthetic_prototype_dataset
2026-08-19T22:00:00,HV-2026-004,4,32.22,71.48,59.788,86.44,normal,healthy,synthetic_prototype_dataset
2026-08-19T23:00:00,HV-2026-004,4,32.16,69.88,59.805,83.26,normal,healthy,synthetic_prototype_dataset
2026-08-20T00:00:00,HV-2026-004,4,31.65,78.09,59.839,78.13,normal,warning,synthetic_prototype_dataset
2026-08-20T01:00:00,HV-2026-004,4,32.52,75.26,59.857,81.44,normal,warning,synthetic_prototype_dataset
2026-08-20T02:00:00,HV-2026-004,4,32.65,72.87,59.891,75.52,normal,healthy,synthetic_prototype_dataset
2026-08-20T03:00:00,HV-2026-004,4,32.5,71.6,59.93,82.09,normal,healthy,synthetic_prototype_dataset
2026-08-20T04:00:00,HV-2026-004,4,32.2,72.29,59.942,80.44,normal,healthy,synthetic_prototype_dataset
2026-08-20T05:00:00,HV-2026-004,4,32.91,69.29,59.961,69.94,normal,warning,synthetic_prototype_dataset
2026-08-20T06:00:00,HV-2026-004,4,34.18,65.04,59.989,72.32,normal,healthy,synthetic_prototype_dataset
2026-08-20T07:00:00,HV-2026-004,4,33.13,64.55,59.993,73.74,normal,healthy,synthetic_prototype_dataset
2026-08-20T08:00:00,HV-2026-004,4,34.03,60.56,60.028,79.18,normal,healthy,synthetic_prototype_dataset
2026-08-20T09:00:00,HV-2026-004,4,33.2,60.84,60.078,77.64,normal,healthy,synthetic_prototype_dataset
2026-08-20T10:00:00,HV-2026-004,4,34.75,61.45,60.08,82.96,normal,healthy,synthetic_prototype_dataset
2026-08-20T11:00:00,HV-2026-004,4,35.02,58.39,60.113,88.55,normal,healthy,synthetic_prototype_dataset
2026-08-20T12:00:00,HV-2026-004,4,34.31,60.56,60.118,85.34,normal,healthy,synthetic_prototype_dataset
2026-08-20T13:00:00,HV-2026-004,4,34.85,55.64,60.142,88.61,normal,healthy,synthetic_prototype_dataset
2026-08-20T14:00:00,HV-2026-004,4,34.62,59.73,60.146,90.32,normal,healthy,synthetic_prototype_dataset
2026-08-20T15:00:00,HV-2026-004,4,34.17,62.76,60.2,87.37,normal,healthy,synthetic_prototype_dataset
2026-08-20T16:00:00,HV-2026-004,4,34.53,62.16,60.279,94.15,normal,healthy,synthetic_prototype_dataset
2026-08-20T17:00:00,HV-2026-004,4,34.2,64.6,60.402,90.41,normal,healthy,synthetic_prototype_dataset
2026-08-20T18:00:00,HV-2026-004,4,33.5,66.69,60.393,94.53,normal,healthy,synthetic_prototype_dataset
2026-08-20T19:00:00,HV-2026-004,4,32.8,70.2,60.458,91.99,normal,healthy,synthetic_prototype_dataset
2026-08-20T20:00:00,HV-2026-004,4,32.43,69.62,60.389,89.12,normal,healthy,synthetic_prototype_dataset
2026-08-20T21:00:00,HV-2026-004,4,32.84,71.25,60.394,87.89,normal,healthy,synthetic_prototype_dataset
2026-08-20T22:00:00,HV-2026-004,4,32.81,72.7,60.484,86.13,normal,healthy,synthetic_prototype_dataset
2026-08-20T23:00:00,HV-2026-004,4,32.24,72.71,60.581,87.74,normal,healthy,synthetic_prototype_dataset
2026-08-21T00:00:00,HV-2026-004,4,33.09,72.86,60.66,76.41,normal,healthy,synthetic_prototype_dataset
2026-08-21T01:00:00,HV-2026-004,4,32.55,71.18,60.697,72.26,normal,healthy,synthetic_prototype_dataset
2026-08-21T02:00:00,HV-2026-004,4,32.42,69.95,60.719,79.83,normal,healthy,synthetic_prototype_dataset
2026-08-21T03:00:00,HV-2026-004,4,32.76,69.35,60.677,77.74,normal,healthy,synthetic_prototype_dataset
2026-08-21T04:00:00,HV-2026-004,4,33.5,68.38,60.776,75.98,normal,healthy,synthetic_prototype_dataset
2026-08-21T05:00:00,HV-2026-004,4,32.22,65.62,60.828,76.45,normal,healthy,synthetic_prototype_dataset
2026-08-21T06:00:00,HV-2026-004,4,34.1,64.46,60.857,76.02,normal,healthy,synthetic_prototype_dataset
2026-08-21T07:00:00,HV-2026-004,4,33.71,64.12,60.869,78.44,normal,healthy,synthetic_prototype_dataset
2026-08-21T08:00:00,HV-2026-004,4,34.22,63.57,60.941,75.42,normal,healthy,synthetic_prototype_dataset
2026-08-21T09:00:00,HV-2026-004,4,33.54,63.5,60.942,80.03,normal,healthy,synthetic_prototype_dataset
2026-08-21T10:00:00,HV-2026-004,4,34.28,59.42,60.929,81.01,normal,healthy,synthetic_prototype_dataset
2026-08-21T11:00:00,HV-2026-004,4,34.98,59.85,60.987,82.79,normal,healthy,synthetic_prototype_dataset
2026-08-21T12:00:00,HV-2026-004,4,35.14,58.7,60.956,87.01,normal,healthy,synthetic_prototype_dataset
2026-08-21T13:00:00,HV-2026-004,4,35.03,58.85,61.041,84.13,normal,healthy,synthetic_prototype_dataset
2026-08-21T14:00:00,HV-2026-004,4,34.86,63.7,61.084,87.33,normal,healthy,synthetic_prototype_dataset
2026-08-21T15:00:00,HV-2026-004,4,34.31,64.6,61.139,96.44,normal,healthy,synthetic_prototype_dataset
2026-08-21T16:00:00,HV-2026-004,4,34.21,61.94,61.156,89.74,normal,healthy,synthetic_prototype_dataset
2026-08-21T17:00:00,HV-2026-004,4,32.85,63.95,61.174,90.72,normal,healthy,synthetic_prototype_dataset
2026-08-21T18:00:00,HV-2026-004,4,34.31,66.72,61.137,86.8,normal,healthy,synthetic_prototype_dataset
2026-08-21T19:00:00,HV-2026-004,4,33.22,68.6,61.219,93.24,normal,healthy,synthetic_prototype_dataset
2026-08-21T20:00:00,HV-2026-004,4,33.2,69.73,61.282,86.39,normal,healthy,synthetic_prototype_dataset
2026-08-21T21:00:00,HV-2026-004,4,32.95,71.06,61.256,91.01,normal,healthy,synthetic_prototype_dataset
2026-08-21T22:00:00,HV-2026-004,4,32.94,71.95,61.336,82.33,normal,healthy,synthetic_prototype_dataset
2026-08-21T23:00:00,HV-2026-004,4,31.64,73.12,61.348,84.77,normal,healthy,synthetic_prototype_dataset
2026-08-22T00:00:00,HV-2026-004,4,32.24,72.53,61.361,76.97,normal,healthy,synthetic_prototype_dataset
2026-08-22T01:00:00,HV-2026-004,4,31.92,73.06,61.363,71.78,normal,healthy,synthetic_prototype_dataset
2026-08-22T02:00:00,HV-2026-004,4,32.7,75.62,61.425,76.73,normal,warning,synthetic_prototype_dataset
2026-08-22T03:00:00,HV-2026-004,4,32.27,70.92,61.487,68.01,normal,warning,synthetic_prototype_dataset
2026-08-22T04:00:00,HV-2026-004,4,32.67,71.31,61.472,77.48,normal,healthy,synthetic_prototype_dataset
2026-08-22T05:00:00,HV-2026-004,4,33.31,65.68,61.5,73.84,normal,healthy,synthetic_prototype_dataset
2026-08-22T06:00:00,HV-2026-004,4,33.67,67.69,61.539,76.25,normal,healthy,synthetic_prototype_dataset
2026-08-22T07:00:00,HV-2026-004,4,33.95,62.56,61.563,75.04,normal,healthy,synthetic_prototype_dataset
2026-08-22T08:00:00,HV-2026-004,4,34.59,64.22,61.617,85.62,normal,healthy,synthetic_prototype_dataset
2026-08-22T09:00:00,HV-2026-004,4,34.25,60.55,61.638,75.75,normal,healthy,synthetic_prototype_dataset
2026-08-22T10:00:00,HV-2026-004,4,33.92,61.54,61.627,79.24,normal,healthy,synthetic_prototype_dataset
2026-08-22T11:00:00,HV-2026-004,4,34.69,58.98,61.699,84.73,normal,healthy,synthetic_prototype_dataset
2026-08-22T12:00:00,HV-2026-004,4,34.42,61.24,61.767,80.96,normal,healthy,synthetic_prototype_dataset
2026-08-22T13:00:00,HV-2026-004,4,34.85,58.44,61.784,93.65,normal,healthy,synthetic_prototype_dataset
2026-08-22T14:00:00,HV-2026-004,4,34.66,60.03,61.829,91.18,normal,healthy,synthetic_prototype_dataset
2026-08-22T15:00:00,HV-2026-004,4,34.08,60.58,61.893,83.63,normal,healthy,synthetic_prototype_dataset
2026-08-22T16:00:00,HV-2026-004,4,34.58,60.1,61.922,83.93,normal,healthy,synthetic_prototype_dataset
2026-08-22T17:00:00,HV-2026-004,4,33.34,67.01,61.992,93.91,normal,healthy,synthetic_prototype_dataset
2026-08-22T18:00:00,HV-2026-004,4,32.83,64.59,62.034,92.5,normal,healthy,synthetic_prototype_dataset
2026-08-22T19:00:00,HV-2026-004,4,32.78,67.26,62.019,95.68,normal,healthy,synthetic_prototype_dataset
2026-08-22T20:00:00,HV-2026-004,4,32.62,70.04,62.047,93.39,normal,healthy,synthetic_prototype_dataset
2026-08-22T21:00:00,HV-2026-004,4,32.13,73.54,62.028,93.01,normal,healthy,synthetic_prototype_dataset
2026-08-22T22:00:00,HV-2026-004,4,31.58,72.36,62.109,90.56,normal,healthy,synthetic_prototype_dataset
2026-08-22T23:00:00,HV-2026-004,4,32.41,71.36,62.109,91.81,normal,healthy,synthetic_prototype_dataset
2026-08-23T00:00:00,HV-2026-004,4,32.44,74.94,62.136,75.01,normal,healthy,synthetic_prototype_dataset
2026-08-23T01:00:00,HV-2026-004,4,32.62,73.57,62.155,71.05,normal,healthy,synthetic_prototype_dataset
2026-08-23T02:00:00,HV-2026-004,4,32.84,73.19,62.159,80.13,normal,healthy,synthetic_prototype_dataset
2026-08-23T03:00:00,HV-2026-004,4,32.72,71.76,62.215,78.34,normal,healthy,synthetic_prototype_dataset
2026-08-23T04:00:00,HV-2026-004,4,33.01,69.5,62.309,73.43,normal,healthy,synthetic_prototype_dataset
2026-08-23T05:00:00,HV-2026-004,4,33.53,68.0,62.35,80.32,normal,healthy,synthetic_prototype_dataset
2026-08-23T06:00:00,HV-2026-004,4,33.39,67.42,62.385,73.76,normal,healthy,synthetic_prototype_dataset
2026-08-23T07:00:00,HV-2026-004,4,34.43,65.81,62.394,81.69,normal,healthy,synthetic_prototype_dataset
2026-08-23T08:00:00,HV-2026-004,4,33.81,62.79,62.409,82.25,normal,healthy,synthetic_prototype_dataset
2026-08-23T09:00:00,HV-2026-004,4,34.23,62.75,62.464,80.04,normal,healthy,synthetic_prototype_dataset
2026-08-23T10:00:00,HV-2026-004,4,35.48,58.93,62.452,86.0,normal,healthy,synthetic_prototype_dataset
2026-08-23T11:00:00,HV-2026-004,4,33.82,62.26,62.496,79.53,normal,healthy,synthetic_prototype_dataset
2026-08-23T12:00:00,HV-2026-004,4,34.4,56.4,62.552,81.26,normal,healthy,synthetic_prototype_dataset
2026-08-23T13:00:00,HV-2026-004,4,35.01,59.03,62.579,88.89,normal,healthy,synthetic_prototype_dataset
2026-08-23T14:00:00,HV-2026-004,4,34.94,62.34,62.599,88.02,normal,healthy,synthetic_prototype_dataset
2026-08-23T15:00:00,HV-2026-004,4,34.16,61.68,62.612,87.45,normal,healthy,synthetic_prototype_dataset
2026-08-23T16:00:00,HV-2026-004,4,33.99,63.37,62.65,91.3,normal,healthy,synthetic_prototype_dataset
2026-08-23T17:00:00,HV-2026-004,4,33.82,63.48,62.691,86.67,normal,healthy,synthetic_prototype_dataset
2026-08-23T18:00:00,HV-2026-004,4,33.79,65.82,62.728,90.77,normal,healthy,synthetic_prototype_dataset
2026-08-23T19:00:00,HV-2026-004,4,33.92,68.84,62.755,87.46,normal,healthy,synthetic_prototype_dataset
2026-08-23T20:00:00,HV-2026-004,4,33.24,69.35,62.727,88.84,normal,healthy,synthetic_prototype_dataset
2026-08-23T21:00:00,HV-2026-004,4,32.7,69.81,62.748,88.68,normal,healthy,synthetic_prototype_dataset
2026-08-23T22:00:00,HV-2026-004,4,32.38,74.62,62.727,95.24,normal,healthy,synthetic_prototype_dataset
2026-08-23T23:00:00,HV-2026-004,4,32.26,74.14,62.756,81.07,normal,healthy,synthetic_prototype_dataset
2026-08-24T00:00:00,HV-2026-004,4,31.81,72.23,62.816,71.15,normal,healthy,synthetic_prototype_dataset
2026-08-24T01:00:00,HV-2026-004,4,31.95,73.23,62.857,77.55,normal,healthy,synthetic_prototype_dataset
2026-08-24T02:00:00,HV-2026-004,4,32.02,69.36,62.901,81.02,normal,healthy,synthetic_prototype_dataset
2026-08-24T03:00:00,HV-2026-004,4,32.51,69.06,62.911,77.38,normal,healthy,synthetic_prototype_dataset
2026-08-24T04:00:00,HV-2026-004,4,32.83,72.21,62.969,76.65,normal,healthy,synthetic_prototype_dataset
2026-08-24T05:00:00,HV-2026-004,4,32.37,66.74,62.974,73.39,normal,healthy,synthetic_prototype_dataset
2026-08-24T06:00:00,HV-2026-004,4,33.67,66.56,62.941,78.82,normal,healthy,synthetic_prototype_dataset
2026-08-24T07:00:00,HV-2026-004,4,33.93,65.01,62.992,75.14,normal,healthy,synthetic_prototype_dataset
2026-08-24T08:00:00,HV-2026-004,4,34.81,62.42,63.075,76.49,normal,healthy,synthetic_prototype_dataset
2026-08-24T09:00:00,HV-2026-004,4,35.16,59.6,63.198,78.03,normal,healthy,synthetic_prototype_dataset
2026-08-24T10:00:00,HV-2026-004,4,35.19,59.46,63.261,82.86,normal,healthy,synthetic_prototype_dataset
2026-08-24T11:00:00,HV-2026-004,4,34.35,54.38,63.389,84.78,normal,healthy,synthetic_prototype_dataset
2026-08-24T12:00:00,HV-2026-004,4,33.56,59.72,63.455,83.4,normal,healthy,synthetic_prototype_dataset
2026-08-24T13:00:00,HV-2026-004,4,34.53,59.38,63.54,87.46,normal,healthy,synthetic_prototype_dataset
2026-08-24T14:00:00,HV-2026-004,4,35.37,62.15,63.575,82.63,normal,healthy,synthetic_prototype_dataset
2026-08-24T15:00:00,HV-2026-004,4,34.41,62.17,63.618,91.15,normal,healthy,synthetic_prototype_dataset
2026-08-24T16:00:00,HV-2026-004,4,34.63,63.63,63.646,91.34,normal,healthy,synthetic_prototype_dataset
2026-08-24T17:00:00,HV-2026-004,4,34.93,61.68,63.697,96.29,normal,healthy,synthetic_prototype_dataset
2026-08-24T18:00:00,HV-2026-004,4,33.06,67.98,63.766,84.83,normal,healthy,synthetic_prototype_dataset
2026-08-24T19:00:00,HV-2026-004,4,33.57,67.5,63.789,88.74,normal,healthy,synthetic_prototype_dataset
2026-08-24T20:00:00,HV-2026-004,4,33.53,69.47,63.798,87.96,normal,healthy,synthetic_prototype_dataset
2026-08-24T21:00:00,HV-2026-004,4,32.52,69.18,63.806,89.35,normal,healthy,synthetic_prototype_dataset
2026-08-24T22:00:00,HV-2026-004,4,32.64,74.41,63.84,86.46,normal,healthy,synthetic_prototype_dataset
2026-08-24T23:00:00,HV-2026-004,4,31.88,73.47,63.861,86.81,normal,healthy,synthetic_prototype_dataset
2026-08-25T00:00:00,HV-2026-004,4,32.47,73.93,63.895,75.4,normal,healthy,synthetic_prototype_dataset
2026-08-25T01:00:00,HV-2026-004,4,32.03,71.66,63.95,74.52,normal,healthy,synthetic_prototype_dataset
2026-08-25T02:00:00,HV-2026-004,4,31.92,74.15,63.942,76.12,normal,healthy,synthetic_prototype_dataset
2026-08-25T03:00:00,HV-2026-004,4,32.95,70.96,63.88,77.37,normal,healthy,synthetic_prototype_dataset
2026-08-25T04:00:00,HV-2026-004,4,33.6,70.92,63.831,83.45,normal,healthy,synthetic_prototype_dataset
2026-08-25T05:00:00,HV-2026-004,4,32.72,65.87,63.883,77.58,normal,healthy,synthetic_prototype_dataset
2026-08-25T06:00:00,HV-2026-004,4,33.69,64.98,63.955,75.86,normal,healthy,synthetic_prototype_dataset
2026-08-25T07:00:00,HV-2026-004,4,33.28,66.41,63.987,81.73,normal,healthy,synthetic_prototype_dataset
2026-08-25T08:00:00,HV-2026-004,4,34.56,66.8,64.006,79.68,normal,healthy,synthetic_prototype_dataset
2026-08-25T09:00:00,HV-2026-004,4,34.89,60.5,64.068,71.04,normal,healthy,synthetic_prototype_dataset
2026-08-25T10:00:00,HV-2026-004,4,34.74,59.75,64.101,79.93,normal,healthy,synthetic_prototype_dataset
2026-08-25T11:00:00,HV-2026-004,4,35.31,58.33,64.149,84.39,normal,healthy,synthetic_prototype_dataset
2026-08-25T12:00:00,HV-2026-004,4,35.18,61.58,64.198,88.84,normal,healthy,synthetic_prototype_dataset
2026-08-25T13:00:00,HV-2026-004,4,34.97,58.33,64.236,86.11,normal,healthy,synthetic_prototype_dataset
2026-08-25T14:00:00,HV-2026-004,4,35.03,60.13,64.25,87.35,normal,healthy,synthetic_prototype_dataset
2026-08-25T15:00:00,HV-2026-004,4,33.88,60.72,64.291,95.26,normal,healthy,synthetic_prototype_dataset
2026-08-25T16:00:00,HV-2026-004,4,34.91,60.64,64.336,90.29,normal,healthy,synthetic_prototype_dataset
2026-08-25T17:00:00,HV-2026-004,4,33.88,63.89,64.357,96.43,normal,healthy,synthetic_prototype_dataset
2026-08-25T18:00:00,HV-2026-004,4,33.46,66.61,64.299,92.88,normal,healthy,synthetic_prototype_dataset
2026-08-25T19:00:00,HV-2026-004,4,33.85,65.92,64.306,91.46,normal,healthy,synthetic_prototype_dataset
2026-08-25T20:00:00,HV-2026-004,4,33.01,70.34,64.321,96.04,normal,healthy,synthetic_prototype_dataset
2026-08-25T21:00:00,HV-2026-004,4,32.43,75.79,64.389,91.29,normal,warning,synthetic_prototype_dataset
2026-08-25T22:00:00,HV-2026-004,4,32.06,73.7,64.435,80.71,normal,healthy,synthetic_prototype_dataset
2026-08-25T23:00:00,HV-2026-004,4,31.76,73.41,64.456,85.3,normal,healthy,synthetic_prototype_dataset
2026-08-26T00:00:00,HV-2026-004,4,32.9,71.22,64.465,73.74,normal,healthy,synthetic_prototype_dataset
2026-08-26T01:00:00,HV-2026-004,4,32.69,69.48,64.472,69.97,normal,warning,synthetic_prototype_dataset
2026-08-26T02:00:00,HV-2026-004,4,32.45,73.18,64.523,73.45,normal,healthy,synthetic_prototype_dataset
2026-08-26T03:00:00,HV-2026-004,4,33.04,70.43,64.596,75.55,normal,healthy,synthetic_prototype_dataset
2026-08-26T04:00:00,HV-2026-004,4,31.73,70.92,64.605,75.04,normal,healthy,synthetic_prototype_dataset
2026-08-26T05:00:00,HV-2026-004,4,33.53,65.06,64.632,77.87,normal,healthy,synthetic_prototype_dataset
2026-08-26T06:00:00,HV-2026-004,4,33.88,64.74,64.692,72.51,normal,healthy,synthetic_prototype_dataset
2026-08-26T07:00:00,HV-2026-004,4,33.77,63.76,64.727,76.69,normal,healthy,synthetic_prototype_dataset
2026-08-26T08:00:00,HV-2026-004,4,34.92,62.84,64.76,80.53,normal,healthy,synthetic_prototype_dataset
2026-08-26T09:00:00,HV-2026-004,4,34.96,61.3,64.73,85.17,normal,healthy,synthetic_prototype_dataset
2026-08-26T10:00:00,HV-2026-004,4,34.89,60.98,64.754,76.61,normal,healthy,synthetic_prototype_dataset
2026-08-26T11:00:00,HV-2026-004,4,33.95,57.35,64.813,89.07,normal,healthy,synthetic_prototype_dataset
2026-08-26T12:00:00,HV-2026-004,4,35.15,56.92,64.828,90.66,normal,healthy,synthetic_prototype_dataset
2026-08-26T13:00:00,HV-2026-004,4,34.38,62.84,64.936,94.58,normal,healthy,synthetic_prototype_dataset
2026-08-26T14:00:00,HV-2026-004,4,35.01,59.14,64.991,91.3,normal,healthy,synthetic_prototype_dataset
2026-08-26T15:00:00,HV-2026-004,4,34.34,58.88,65.022,86.23,normal,healthy,synthetic_prototype_dataset
2026-08-26T16:00:00,HV-2026-004,4,34.92,61.2,65.063,92.96,normal,healthy,synthetic_prototype_dataset
2026-08-26T17:00:00,HV-2026-004,4,34.63,64.38,65.11,86.32,normal,healthy,synthetic_prototype_dataset
2026-08-26T18:00:00,HV-2026-004,4,34.18,68.09,65.074,96.17,normal,healthy,synthetic_prototype_dataset
2026-08-26T19:00:00,HV-2026-004,4,33.06,68.7,65.102,89.67,normal,healthy,synthetic_prototype_dataset
2026-08-26T20:00:00,HV-2026-004,4,32.97,67.53,65.145,88.52,normal,healthy,synthetic_prototype_dataset
2026-08-26T21:00:00,HV-2026-004,4,32.21,68.9,65.125,87.1,normal,healthy,synthetic_prototype_dataset
2026-08-26T22:00:00,HV-2026-004,4,32.81,70.6,65.184,87.71,normal,healthy,synthetic_prototype_dataset
2026-08-26T23:00:00,HV-2026-004,4,32.33,72.61,65.258,82.31,normal,healthy,synthetic_prototype_dataset
2026-08-27T00:00:00,HV-2026-004,4,33.23,74.35,65.282,80.14,normal,healthy,synthetic_prototype_dataset
2026-08-27T01:00:00,HV-2026-004,4,32.38,72.89,65.289,79.38,normal,healthy,synthetic_prototype_dataset
2026-08-27T02:00:00,HV-2026-004,4,32.34,71.59,65.337,79.67,normal,healthy,synthetic_prototype_dataset
2026-08-27T03:00:00,HV-2026-004,4,32.49,71.92,65.328,68.47,normal,warning,synthetic_prototype_dataset
2026-08-27T04:00:00,HV-2026-004,4,32.8,70.62,65.352,74.13,normal,healthy,synthetic_prototype_dataset
2026-08-27T05:00:00,HV-2026-004,4,33.47,67.47,65.399,70.36,normal,healthy,synthetic_prototype_dataset
2026-08-27T06:00:00,HV-2026-004,4,33.74,65.84,65.376,71.17,normal,healthy,synthetic_prototype_dataset
2026-08-27T07:00:00,HV-2026-004,4,33.96,63.82,65.402,75.88,normal,healthy,synthetic_prototype_dataset
2026-08-27T08:00:00,HV-2026-004,4,34.16,61.41,65.442,83.98,normal,healthy,synthetic_prototype_dataset
2026-08-27T09:00:00,HV-2026-004,4,33.7,61.79,65.472,83.2,normal,healthy,synthetic_prototype_dataset
2026-08-27T10:00:00,HV-2026-004,4,35.44,58.2,65.543,78.61,normal,healthy,synthetic_prototype_dataset
2026-08-27T11:00:00,HV-2026-004,4,35.1,58.42,65.585,81.06,normal,healthy,synthetic_prototype_dataset
2026-08-27T12:00:00,HV-2026-004,4,35.28,61.47,65.593,86.56,normal,healthy,synthetic_prototype_dataset
2026-08-27T13:00:00,HV-2026-004,4,35.42,58.32,65.684,85.6,normal,healthy,synthetic_prototype_dataset
2026-08-27T14:00:00,HV-2026-004,4,34.86,57.77,65.731,88.13,normal,healthy,synthetic_prototype_dataset
2026-08-27T15:00:00,HV-2026-004,4,34.99,59.52,65.748,90.55,normal,healthy,synthetic_prototype_dataset
2026-08-27T16:00:00,HV-2026-004,4,35.06,63.25,65.85,91.47,normal,healthy,synthetic_prototype_dataset
2026-08-27T17:00:00,HV-2026-004,4,34.35,65.03,65.936,94.21,normal,healthy,synthetic_prototype_dataset
2026-08-27T18:00:00,HV-2026-004,4,33.3,67.06,65.975,89.32,normal,healthy,synthetic_prototype_dataset
2026-08-27T19:00:00,HV-2026-004,4,32.65,64.66,65.987,84.75,normal,healthy,synthetic_prototype_dataset
2026-08-27T20:00:00,HV-2026-004,4,32.98,70.4,65.992,89.82,normal,healthy,synthetic_prototype_dataset
2026-08-27T21:00:00,HV-2026-004,4,32.38,71.11,66.035,83.95,normal,healthy,synthetic_prototype_dataset
2026-08-27T22:00:00,HV-2026-004,4,32.32,69.4,66.078,88.7,normal,healthy,synthetic_prototype_dataset
2026-08-27T23:00:00,HV-2026-004,4,32.51,72.15,66.114,88.31,normal,healthy,synthetic_prototype_dataset
2026-08-28T00:00:00,HV-2026-004,4,32.33,71.27,66.137,75.34,normal,healthy,synthetic_prototype_dataset
2026-08-28T01:00:00,HV-2026-004,4,33.53,71.49,66.172,77.63,normal,healthy,synthetic_prototype_dataset
2026-08-28T02:00:00,HV-2026-004,4,33.36,70.02,66.244,75.48,normal,healthy,synthetic_prototype_dataset
2026-08-28T03:00:00,HV-2026-004,4,34.06,71.02,66.226,75.31,normal,healthy,synthetic_prototype_dataset
2026-08-28T04:00:00,HV-2026-004,4,33.81,69.06,66.249,78.52,normal,healthy,synthetic_prototype_dataset
2026-08-28T05:00:00,HV-2026-004,4,33.36,66.85,66.241,82.05,normal,healthy,synthetic_prototype_dataset
2026-08-28T06:00:00,HV-2026-004,4,33.3,65.72,66.282,75.95,normal,healthy,synthetic_prototype_dataset
2026-08-28T07:00:00,HV-2026-004,4,33.63,61.81,66.326,75.1,normal,healthy,synthetic_prototype_dataset
2026-08-28T08:00:00,HV-2026-004,4,33.57,62.61,66.325,81.83,normal,healthy,synthetic_prototype_dataset
2026-08-28T09:00:00,HV-2026-004,4,34.68,60.02,66.361,77.37,normal,healthy,synthetic_prototype_dataset
2026-08-28T10:00:00,HV-2026-004,4,34.61,58.89,66.358,85.5,normal,healthy,synthetic_prototype_dataset
2026-08-28T11:00:00,HV-2026-004,4,34.97,56.05,66.379,84.88,normal,healthy,synthetic_prototype_dataset
2026-08-28T12:00:00,HV-2026-004,4,34.95,59.14,66.442,94.31,normal,healthy,synthetic_prototype_dataset
2026-08-28T13:00:00,HV-2026-004,4,35.63,55.71,66.472,86.17,normal,healthy,synthetic_prototype_dataset
2026-08-28T14:00:00,HV-2026-004,4,35.24,57.67,66.496,83.77,normal,healthy,synthetic_prototype_dataset
2026-08-28T15:00:00,HV-2026-004,4,34.5,59.45,66.526,84.78,normal,healthy,synthetic_prototype_dataset
2026-08-28T16:00:00,HV-2026-004,4,34.95,62.77,66.513,89.61,normal,healthy,synthetic_prototype_dataset
2026-08-28T17:00:00,HV-2026-004,4,33.49,66.02,66.603,89.69,normal,healthy,synthetic_prototype_dataset
2026-08-28T18:00:00,HV-2026-004,4,33.47,64.22,66.617,89.63,normal,healthy,synthetic_prototype_dataset
2026-08-28T19:00:00,HV-2026-004,4,34.13,68.95,66.676,90.48,normal,healthy,synthetic_prototype_dataset
2026-08-28T20:00:00,HV-2026-004,4,32.69,67.53,66.703,85.32,normal,healthy,synthetic_prototype_dataset
2026-08-28T21:00:00,HV-2026-004,4,33.07,71.81,66.747,90.7,normal,healthy,synthetic_prototype_dataset
2026-08-28T22:00:00,HV-2026-004,4,31.89,73.88,66.717,87.59,normal,healthy,synthetic_prototype_dataset
2026-08-28T23:00:00,HV-2026-004,4,32.88,72.82,66.698,83.26,normal,healthy,synthetic_prototype_dataset
2026-08-29T00:00:00,HV-2026-004,4,32.76,73.13,66.684,77.37,normal,healthy,synthetic_prototype_dataset
2026-08-29T01:00:00,HV-2026-004,4,31.99,73.09,66.678,76.28,normal,healthy,synthetic_prototype_dataset
2026-08-29T02:00:00,HV-2026-004,4,32.76,73.36,66.711,73.9,normal,healthy,synthetic_prototype_dataset
2026-08-29T03:00:00,HV-2026-004,4,33.17,74.02,66.762,75.79,normal,healthy,synthetic_prototype_dataset
2026-08-29T04:00:00,HV-2026-004,4,32.9,67.6,66.811,72.9,normal,healthy,synthetic_prototype_dataset
2026-08-29T05:00:00,HV-2026-004,4,33.59,69.61,66.841,72.22,normal,healthy,synthetic_prototype_dataset
2026-08-29T06:00:00,HV-2026-004,4,34.91,68.38,66.884,80.47,normal,healthy,synthetic_prototype_dataset
2026-08-29T07:00:00,HV-2026-004,4,34.14,64.7,66.894,73.08,normal,healthy,synthetic_prototype_dataset
2026-08-29T08:00:00,HV-2026-004,4,35.74,59.18,66.934,80.62,normal,healthy,synthetic_prototype_dataset
2026-08-29T09:00:00,HV-2026-004,4,35.08,60.1,66.965,81.84,normal,healthy,synthetic_prototype_dataset
2026-08-29T10:00:00,HV-2026-004,4,35.27,59.14,67.001,78.38,normal,healthy,synthetic_prototype_dataset
2026-08-29T11:00:00,HV-2026-004,4,36.09,59.41,67.049,81.72,normal,warning,synthetic_prototype_dataset
2026-08-29T12:00:00,HV-2026-004,4,34.78,59.76,67.085,88.07,normal,healthy,synthetic_prototype_dataset
2026-08-29T13:00:00,HV-2026-004,4,34.57,61.23,67.16,86.82,normal,healthy,synthetic_prototype_dataset
2026-08-29T14:00:00,HV-2026-004,4,35.26,60.48,67.156,94.0,normal,healthy,synthetic_prototype_dataset
2026-08-29T15:00:00,HV-2026-004,4,35.06,58.99,67.158,92.39,normal,healthy,synthetic_prototype_dataset
2026-08-29T16:00:00,HV-2026-004,4,34.67,62.58,67.196,86.01,normal,healthy,synthetic_prototype_dataset
2026-08-29T17:00:00,HV-2026-004,4,34.49,63.04,67.23,98.0,normal,healthy,synthetic_prototype_dataset
2026-08-29T18:00:00,HV-2026-004,4,34.32,66.88,67.355,91.35,normal,healthy,synthetic_prototype_dataset
2026-08-29T19:00:00,HV-2026-004,4,33.64,65.8,67.364,82.72,normal,healthy,synthetic_prototype_dataset
2026-08-29T20:00:00,HV-2026-004,4,33.63,66.43,67.42,89.37,normal,healthy,synthetic_prototype_dataset
2026-08-29T21:00:00,HV-2026-004,4,33.07,70.08,67.494,93.17,normal,healthy,synthetic_prototype_dataset
2026-08-29T22:00:00,HV-2026-004,4,32.79,69.65,67.551,84.71,normal,healthy,synthetic_prototype_dataset
2026-08-29T23:00:00,HV-2026-004,4,31.97,72.87,67.619,85.69,normal,healthy,synthetic_prototype_dataset
2026-07-01T00:00:00,HV-2026-005,5,32.88,71.25,30.05,79.83,normal,healthy,synthetic_prototype_dataset
2026-07-01T01:00:00,HV-2026-005,5,32.63,69.91,30.024,79.24,normal,healthy,synthetic_prototype_dataset
2026-07-01T02:00:00,HV-2026-005,5,32.36,71.73,30.076,74.25,normal,healthy,synthetic_prototype_dataset
2026-07-01T03:00:00,HV-2026-005,5,33.01,71.75,30.073,72.82,normal,healthy,synthetic_prototype_dataset
2026-07-01T04:00:00,HV-2026-005,5,33.24,70.8,30.155,75.65,normal,healthy,synthetic_prototype_dataset
2026-07-01T05:00:00,HV-2026-005,5,33.34,68.73,30.121,76.87,normal,healthy,synthetic_prototype_dataset
2026-07-01T06:00:00,HV-2026-005,5,33.98,67.33,30.195,72.7,normal,healthy,synthetic_prototype_dataset
2026-07-01T07:00:00,HV-2026-005,5,34.41,62.16,30.21,79.99,normal,healthy,synthetic_prototype_dataset
2026-07-01T08:00:00,HV-2026-005,5,34.5,61.85,30.273,84.93,normal,healthy,synthetic_prototype_dataset
2026-07-01T09:00:00,HV-2026-005,5,35.05,60.26,30.268,86.91,normal,healthy,synthetic_prototype_dataset
2026-07-01T10:00:00,HV-2026-005,5,35.35,59.18,30.309,84.26,normal,healthy,synthetic_prototype_dataset
2026-07-01T11:00:00,HV-2026-005,5,35.6,59.85,30.406,85.37,normal,healthy,synthetic_prototype_dataset
2026-07-01T12:00:00,HV-2026-005,5,36.09,59.9,30.446,79.44,normal,warning,synthetic_prototype_dataset
2026-07-01T13:00:00,HV-2026-005,5,35.29,61.04,30.462,87.4,normal,healthy,synthetic_prototype_dataset
2026-07-01T14:00:00,HV-2026-005,5,35.2,60.63,30.491,85.08,normal,healthy,synthetic_prototype_dataset
2026-07-01T15:00:00,HV-2026-005,5,35.18,58.71,30.467,95.38,normal,healthy,synthetic_prototype_dataset
2026-07-01T16:00:00,HV-2026-005,5,35.07,64.89,30.535,91.9,normal,healthy,synthetic_prototype_dataset
2026-07-01T17:00:00,HV-2026-005,5,34.5,62.85,30.587,87.94,normal,healthy,synthetic_prototype_dataset
2026-07-01T18:00:00,HV-2026-005,5,33.52,64.4,30.662,85.69,normal,healthy,synthetic_prototype_dataset
2026-07-01T19:00:00,HV-2026-005,5,33.12,67.88,30.673,91.58,normal,healthy,synthetic_prototype_dataset
2026-07-01T20:00:00,HV-2026-005,5,33.8,69.33,30.676,94.01,normal,healthy,synthetic_prototype_dataset
2026-07-01T21:00:00,HV-2026-005,5,33.41,70.0,30.7,90.24,normal,healthy,synthetic_prototype_dataset
2026-07-01T22:00:00,HV-2026-005,5,32.73,68.13,30.751,90.54,normal,healthy,synthetic_prototype_dataset
2026-07-01T23:00:00,HV-2026-005,5,31.71,72.68,30.838,83.16,normal,healthy,synthetic_prototype_dataset
2026-07-02T00:00:00,HV-2026-005,5,32.74,71.46,30.921,79.92,normal,healthy,synthetic_prototype_dataset
2026-07-02T01:00:00,HV-2026-005,5,32.42,72.17,31.026,73.81,normal,healthy,synthetic_prototype_dataset
2026-07-02T02:00:00,HV-2026-005,5,32.94,71.78,31.03,82.17,normal,healthy,synthetic_prototype_dataset
2026-07-02T03:00:00,HV-2026-005,5,32.94,67.24,31.036,78.29,normal,healthy,synthetic_prototype_dataset
2026-07-02T04:00:00,HV-2026-005,5,33.06,68.83,31.081,71.77,normal,healthy,synthetic_prototype_dataset
2026-07-02T05:00:00,HV-2026-005,5,33.48,67.23,31.131,74.11,normal,healthy,synthetic_prototype_dataset
2026-07-02T06:00:00,HV-2026-005,5,34.14,64.28,31.181,77.82,normal,healthy,synthetic_prototype_dataset
2026-07-02T07:00:00,HV-2026-005,5,34.24,63.84,31.192,79.43,normal,healthy,synthetic_prototype_dataset
2026-07-02T08:00:00,HV-2026-005,5,34.94,65.56,31.21,79.13,normal,healthy,synthetic_prototype_dataset
2026-07-02T09:00:00,HV-2026-005,5,34.7,57.98,31.228,83.69,normal,healthy,synthetic_prototype_dataset
2026-07-02T10:00:00,HV-2026-005,5,35.53,59.26,31.255,81.27,normal,healthy,synthetic_prototype_dataset
2026-07-02T11:00:00,HV-2026-005,5,34.92,57.03,31.25,89.28,normal,healthy,synthetic_prototype_dataset
2026-07-02T12:00:00,HV-2026-005,5,36.2,54.31,31.303,85.45,normal,warning,synthetic_prototype_dataset
2026-07-02T13:00:00,HV-2026-005,5,35.42,56.96,31.382,88.54,normal,healthy,synthetic_prototype_dataset
2026-07-02T14:00:00,HV-2026-005,5,35.66,57.4,31.376,89.65,normal,healthy,synthetic_prototype_dataset
2026-07-02T15:00:00,HV-2026-005,5,34.56,61.74,31.342,87.29,normal,healthy,synthetic_prototype_dataset
2026-07-02T16:00:00,HV-2026-005,5,34.45,60.69,31.389,90.91,normal,healthy,synthetic_prototype_dataset
2026-07-02T17:00:00,HV-2026-005,5,34.7,64.34,31.417,97.26,normal,healthy,synthetic_prototype_dataset
2026-07-02T18:00:00,HV-2026-005,5,34.7,64.23,31.442,88.83,normal,healthy,synthetic_prototype_dataset
2026-07-02T19:00:00,HV-2026-005,5,33.9,64.85,31.439,82.29,normal,healthy,synthetic_prototype_dataset
2026-07-02T20:00:00,HV-2026-005,5,33.24,70.21,31.459,89.19,normal,healthy,synthetic_prototype_dataset
2026-07-02T21:00:00,HV-2026-005,5,33.28,67.94,31.484,92.05,normal,healthy,synthetic_prototype_dataset
2026-07-02T22:00:00,HV-2026-005,5,33.09,72.61,31.554,90.44,normal,healthy,synthetic_prototype_dataset
2026-07-02T23:00:00,HV-2026-005,5,32.5,70.93,31.646,88.21,normal,healthy,synthetic_prototype_dataset
2026-07-03T00:00:00,HV-2026-005,5,32.93,70.04,31.668,78.51,normal,healthy,synthetic_prototype_dataset
2026-07-03T01:00:00,HV-2026-005,5,32.9,70.41,31.683,80.17,normal,healthy,synthetic_prototype_dataset
2026-07-03T02:00:00,HV-2026-005,5,33.32,71.61,31.723,71.86,normal,healthy,synthetic_prototype_dataset
2026-07-03T03:00:00,HV-2026-005,5,33.35,71.46,31.739,79.42,normal,healthy,synthetic_prototype_dataset
2026-07-03T04:00:00,HV-2026-005,5,33.74,69.57,31.766,79.1,normal,healthy,synthetic_prototype_dataset
2026-07-03T05:00:00,HV-2026-005,5,33.15,66.46,31.816,77.04,normal,healthy,synthetic_prototype_dataset
2026-07-03T06:00:00,HV-2026-005,5,34.64,64.3,31.822,70.26,normal,healthy,synthetic_prototype_dataset
2026-07-03T07:00:00,HV-2026-005,5,34.36,63.7,31.874,72.93,normal,healthy,synthetic_prototype_dataset
2026-07-03T08:00:00,HV-2026-005,5,35.32,59.33,31.899,77.63,normal,healthy,synthetic_prototype_dataset
2026-07-03T09:00:00,HV-2026-005,5,35.25,59.8,31.957,87.81,normal,healthy,synthetic_prototype_dataset
2026-07-03T10:00:00,HV-2026-005,5,35.45,57.48,32.011,89.81,normal,healthy,synthetic_prototype_dataset
2026-07-03T11:00:00,HV-2026-005,5,35.7,59.52,31.995,85.88,normal,healthy,synthetic_prototype_dataset
2026-07-03T12:00:00,HV-2026-005,5,35.32,56.36,32.037,86.28,normal,healthy,synthetic_prototype_dataset
2026-07-03T13:00:00,HV-2026-005,5,35.12,58.16,32.074,89.57,normal,healthy,synthetic_prototype_dataset
2026-07-03T14:00:00,HV-2026-005,5,35.37,59.2,32.151,90.07,normal,healthy,synthetic_prototype_dataset
2026-07-03T15:00:00,HV-2026-005,5,35.06,55.88,32.209,85.74,normal,healthy,synthetic_prototype_dataset
2026-07-03T16:00:00,HV-2026-005,5,34.76,61.75,32.294,95.97,normal,healthy,synthetic_prototype_dataset
2026-07-03T17:00:00,HV-2026-005,5,34.07,60.4,32.339,90.73,normal,healthy,synthetic_prototype_dataset
2026-07-03T18:00:00,HV-2026-005,5,33.6,64.55,32.389,85.69,normal,healthy,synthetic_prototype_dataset
2026-07-03T19:00:00,HV-2026-005,5,33.36,65.24,32.407,92.31,normal,healthy,synthetic_prototype_dataset
2026-07-03T20:00:00,HV-2026-005,5,33.35,68.18,32.511,86.18,normal,healthy,synthetic_prototype_dataset
2026-07-03T21:00:00,HV-2026-005,5,32.93,70.75,32.57,90.39,normal,healthy,synthetic_prototype_dataset
2026-07-03T22:00:00,HV-2026-005,5,33.83,71.22,32.526,88.46,normal,healthy,synthetic_prototype_dataset
2026-07-03T23:00:00,HV-2026-005,5,32.63,73.84,32.585,81.54,normal,healthy,synthetic_prototype_dataset
2026-07-04T00:00:00,HV-2026-005,5,33.52,73.07,32.599,75.73,normal,healthy,synthetic_prototype_dataset
2026-07-04T01:00:00,HV-2026-005,5,33.59,67.59,32.639,79.83,normal,healthy,synthetic_prototype_dataset
2026-07-04T02:00:00,HV-2026-005,5,33.05,71.61,32.668,73.26,normal,healthy,synthetic_prototype_dataset
2026-07-04T03:00:00,HV-2026-005,5,32.93,70.61,32.67,70.66,normal,healthy,synthetic_prototype_dataset
2026-07-04T04:00:00,HV-2026-005,5,33.62,66.96,32.653,76.25,normal,healthy,synthetic_prototype_dataset
2026-07-04T05:00:00,HV-2026-005,5,34.23,66.23,32.641,77.69,normal,healthy,synthetic_prototype_dataset
2026-07-04T06:00:00,HV-2026-005,5,34.68,68.37,32.717,72.48,normal,healthy,synthetic_prototype_dataset
2026-07-04T07:00:00,HV-2026-005,5,34.94,63.03,32.701,78.82,normal,healthy,synthetic_prototype_dataset
2026-07-04T08:00:00,HV-2026-005,5,35.73,63.03,32.695,79.67,normal,healthy,synthetic_prototype_dataset
2026-07-04T09:00:00,HV-2026-005,5,35.36,56.32,32.67,81.9,normal,healthy,synthetic_prototype_dataset
2026-07-04T10:00:00,HV-2026-005,5,35.42,55.01,32.721,86.8,normal,healthy,synthetic_prototype_dataset
2026-07-04T11:00:00,HV-2026-005,5,35.37,57.73,32.782,86.06,normal,healthy,synthetic_prototype_dataset
2026-07-04T12:00:00,HV-2026-005,5,34.77,55.75,32.811,82.89,normal,healthy,synthetic_prototype_dataset
2026-07-04T13:00:00,HV-2026-005,5,36.13,58.76,32.815,85.43,normal,warning,synthetic_prototype_dataset
2026-07-04T14:00:00,HV-2026-005,5,35.85,57.16,32.887,92.97,normal,healthy,synthetic_prototype_dataset
2026-07-04T15:00:00,HV-2026-005,5,35.68,59.76,32.971,87.11,normal,healthy,synthetic_prototype_dataset
2026-07-04T16:00:00,HV-2026-005,5,35.98,61.32,33.049,88.26,normal,healthy,synthetic_prototype_dataset
2026-07-04T17:00:00,HV-2026-005,5,34.78,63.55,33.051,86.53,normal,healthy,synthetic_prototype_dataset
2026-07-04T18:00:00,HV-2026-005,5,34.12,66.37,33.016,88.73,normal,healthy,synthetic_prototype_dataset
2026-07-04T19:00:00,HV-2026-005,5,34.47,63.98,33.085,85.93,normal,healthy,synthetic_prototype_dataset
2026-07-04T20:00:00,HV-2026-005,5,33.15,67.62,33.176,87.28,normal,healthy,synthetic_prototype_dataset
2026-07-04T21:00:00,HV-2026-005,5,32.52,66.81,33.233,84.19,normal,healthy,synthetic_prototype_dataset
2026-07-04T22:00:00,HV-2026-005,5,33.63,70.57,33.257,89.16,normal,healthy,synthetic_prototype_dataset
2026-07-04T23:00:00,HV-2026-005,5,32.6,71.39,33.24,91.83,normal,healthy,synthetic_prototype_dataset
2026-07-05T00:00:00,HV-2026-005,5,32.52,71.98,33.229,74.13,normal,healthy,synthetic_prototype_dataset
2026-07-05T01:00:00,HV-2026-005,5,32.86,76.31,33.254,72.2,normal,warning,synthetic_prototype_dataset
2026-07-05T02:00:00,HV-2026-005,5,32.96,67.54,33.273,82.48,normal,healthy,synthetic_prototype_dataset
2026-07-05T03:00:00,HV-2026-005,5,33.52,70.76,33.266,75.29,normal,healthy,synthetic_prototype_dataset
2026-07-05T04:00:00,HV-2026-005,5,33.73,66.38,33.305,78.15,normal,healthy,synthetic_prototype_dataset
2026-07-05T05:00:00,HV-2026-005,5,34.19,65.73,33.368,75.1,normal,healthy,synthetic_prototype_dataset
2026-07-05T06:00:00,HV-2026-005,5,34.13,66.78,33.355,70.04,normal,healthy,synthetic_prototype_dataset
2026-07-05T07:00:00,HV-2026-005,5,34.23,63.07,33.425,75.52,normal,healthy,synthetic_prototype_dataset
2026-07-05T08:00:00,HV-2026-005,5,35.75,60.74,33.45,76.65,normal,healthy,synthetic_prototype_dataset
2026-07-05T09:00:00,HV-2026-005,5,36.08,58.97,33.438,89.38,normal,warning,synthetic_prototype_dataset
2026-07-05T10:00:00,HV-2026-005,5,35.59,59.56,33.534,85.15,normal,healthy,synthetic_prototype_dataset
2026-07-05T11:00:00,HV-2026-005,5,35.98,57.52,33.6,84.4,normal,healthy,synthetic_prototype_dataset
2026-07-05T12:00:00,HV-2026-005,5,35.58,57.4,33.629,87.66,normal,healthy,synthetic_prototype_dataset
2026-07-05T13:00:00,HV-2026-005,5,35.77,58.9,33.694,94.11,normal,healthy,synthetic_prototype_dataset
2026-07-05T14:00:00,HV-2026-005,5,35.88,57.75,33.752,93.07,normal,healthy,synthetic_prototype_dataset
2026-07-05T15:00:00,HV-2026-005,5,34.78,62.86,33.766,92.09,normal,healthy,synthetic_prototype_dataset
2026-07-05T16:00:00,HV-2026-005,5,34.94,60.59,33.758,92.7,normal,healthy,synthetic_prototype_dataset
2026-07-05T17:00:00,HV-2026-005,5,34.04,59.78,33.833,96.14,normal,healthy,synthetic_prototype_dataset
2026-07-05T18:00:00,HV-2026-005,5,33.98,65.99,33.89,89.68,normal,healthy,synthetic_prototype_dataset
2026-07-05T19:00:00,HV-2026-005,5,34.55,65.7,33.933,85.49,normal,healthy,synthetic_prototype_dataset
2026-07-05T20:00:00,HV-2026-005,5,33.09,69.79,33.978,89.02,normal,healthy,synthetic_prototype_dataset
2026-07-05T21:00:00,HV-2026-005,5,34.22,72.55,34.018,83.84,normal,healthy,synthetic_prototype_dataset
2026-07-05T22:00:00,HV-2026-005,5,33.11,68.75,34.046,84.85,normal,healthy,synthetic_prototype_dataset
2026-07-05T23:00:00,HV-2026-005,5,32.49,66.88,34.077,79.06,normal,healthy,synthetic_prototype_dataset
2026-07-06T00:00:00,HV-2026-005,5,32.91,72.25,34.077,72.2,normal,healthy,synthetic_prototype_dataset
2026-07-06T01:00:00,HV-2026-005,5,33.06,69.27,34.108,72.39,normal,healthy,synthetic_prototype_dataset
2026-07-06T02:00:00,HV-2026-005,5,33.18,69.44,34.133,81.72,normal,healthy,synthetic_prototype_dataset
2026-07-06T03:00:00,HV-2026-005,5,33.52,69.86,34.136,76.78,normal,healthy,synthetic_prototype_dataset
2026-07-06T04:00:00,HV-2026-005,5,33.58,67.55,34.184,74.25,normal,healthy,synthetic_prototype_dataset
2026-07-06T05:00:00,HV-2026-005,5,33.83,64.94,34.191,76.61,normal,healthy,synthetic_prototype_dataset
2026-07-06T06:00:00,HV-2026-005,5,34.19,66.7,34.31,74.01,normal,healthy,synthetic_prototype_dataset
2026-07-06T07:00:00,HV-2026-005,5,34.82,64.06,34.325,74.35,normal,healthy,synthetic_prototype_dataset
2026-07-06T08:00:00,HV-2026-005,5,35.78,61.74,34.366,84.7,normal,healthy,synthetic_prototype_dataset
2026-07-06T09:00:00,HV-2026-005,5,35.62,58.96,34.366,79.63,normal,healthy,synthetic_prototype_dataset
2026-07-06T10:00:00,HV-2026-005,5,36.02,59.17,34.397,89.06,normal,warning,synthetic_prototype_dataset
2026-07-06T11:00:00,HV-2026-005,5,35.53,59.02,34.446,91.29,normal,healthy,synthetic_prototype_dataset
2026-07-06T12:00:00,HV-2026-005,5,35.99,57.08,34.482,85.85,normal,healthy,synthetic_prototype_dataset
2026-07-06T13:00:00,HV-2026-005,5,35.28,54.78,34.535,85.24,normal,healthy,synthetic_prototype_dataset
2026-07-06T14:00:00,HV-2026-005,5,35.23,57.78,34.58,88.15,normal,healthy,synthetic_prototype_dataset
2026-07-06T15:00:00,HV-2026-005,5,36.05,60.24,34.694,87.04,normal,warning,synthetic_prototype_dataset
2026-07-06T16:00:00,HV-2026-005,5,35.35,59.81,34.712,97.03,normal,healthy,synthetic_prototype_dataset
2026-07-06T17:00:00,HV-2026-005,5,34.34,58.17,34.721,82.85,normal,healthy,synthetic_prototype_dataset
2026-07-06T18:00:00,HV-2026-005,5,33.92,62.45,34.752,82.83,normal,healthy,synthetic_prototype_dataset
2026-07-06T19:00:00,HV-2026-005,5,34.55,62.44,34.773,88.75,normal,healthy,synthetic_prototype_dataset
2026-07-06T20:00:00,HV-2026-005,5,34.07,68.13,34.839,88.26,normal,healthy,synthetic_prototype_dataset
2026-07-06T21:00:00,HV-2026-005,5,33.22,69.69,34.9,91.82,normal,healthy,synthetic_prototype_dataset
2026-07-06T22:00:00,HV-2026-005,5,33.37,70.48,34.924,89.56,normal,healthy,synthetic_prototype_dataset
2026-07-06T23:00:00,HV-2026-005,5,34.01,70.32,34.936,85.56,normal,healthy,synthetic_prototype_dataset
2026-07-07T00:00:00,HV-2026-005,5,33.29,67.01,34.957,79.08,normal,healthy,synthetic_prototype_dataset
2026-07-07T01:00:00,HV-2026-005,5,32.92,70.92,35.055,77.16,normal,healthy,synthetic_prototype_dataset
2026-07-07T02:00:00,HV-2026-005,5,32.28,67.35,35.072,73.19,normal,healthy,synthetic_prototype_dataset
2026-07-07T03:00:00,HV-2026-005,5,33.54,68.24,35.137,72.18,normal,healthy,synthetic_prototype_dataset
2026-07-07T04:00:00,HV-2026-005,5,33.67,67.72,35.174,76.51,normal,healthy,synthetic_prototype_dataset
2026-07-07T05:00:00,HV-2026-005,5,32.99,65.79,35.194,79.02,normal,healthy,synthetic_prototype_dataset
2026-07-07T06:00:00,HV-2026-005,5,34.74,64.26,35.23,80.73,normal,healthy,synthetic_prototype_dataset
2026-07-07T07:00:00,HV-2026-005,5,35.27,62.51,35.33,75.63,normal,healthy,synthetic_prototype_dataset
2026-07-07T08:00:00,HV-2026-005,5,34.53,60.3,35.347,70.99,normal,healthy,synthetic_prototype_dataset
2026-07-07T09:00:00,HV-2026-005,5,35.04,59.49,35.379,78.64,normal,healthy,synthetic_prototype_dataset
2026-07-07T10:00:00,HV-2026-005,5,35.56,57.98,35.441,80.75,normal,healthy,synthetic_prototype_dataset
2026-07-07T11:00:00,HV-2026-005,5,36.06,55.1,35.464,90.05,normal,warning,synthetic_prototype_dataset
2026-07-07T12:00:00,HV-2026-005,5,35.25,55.64,35.463,83.0,normal,healthy,synthetic_prototype_dataset
2026-07-07T13:00:00,HV-2026-005,5,35.73,58.33,35.505,85.97,normal,healthy,synthetic_prototype_dataset
2026-07-07T14:00:00,HV-2026-005,5,34.98,56.45,35.494,90.7,normal,healthy,synthetic_prototype_dataset
2026-07-07T15:00:00,HV-2026-005,5,35.69,58.8,35.55,92.0,normal,healthy,synthetic_prototype_dataset
2026-07-07T16:00:00,HV-2026-005,5,35.11,62.83,35.552,88.3,normal,healthy,synthetic_prototype_dataset
2026-07-07T17:00:00,HV-2026-005,5,34.54,63.18,35.535,94.95,normal,healthy,synthetic_prototype_dataset
2026-07-07T18:00:00,HV-2026-005,5,34.66,66.97,35.564,88.07,normal,healthy,synthetic_prototype_dataset
2026-07-07T19:00:00,HV-2026-005,5,34.37,67.49,35.564,82.89,normal,healthy,synthetic_prototype_dataset
2026-07-07T20:00:00,HV-2026-005,5,32.94,67.79,35.642,84.97,normal,healthy,synthetic_prototype_dataset
2026-07-07T21:00:00,HV-2026-005,5,33.37,68.15,35.735,96.84,normal,healthy,synthetic_prototype_dataset
2026-07-07T22:00:00,HV-2026-005,5,33.48,71.5,35.79,83.64,normal,healthy,synthetic_prototype_dataset
2026-07-07T23:00:00,HV-2026-005,5,33.47,68.75,35.809,91.1,normal,healthy,synthetic_prototype_dataset
2026-07-08T00:00:00,HV-2026-005,5,33.2,72.65,35.88,69.85,normal,warning,synthetic_prototype_dataset
2026-07-08T01:00:00,HV-2026-005,5,32.23,72.51,35.947,76.9,normal,healthy,synthetic_prototype_dataset
2026-07-08T02:00:00,HV-2026-005,5,33.52,71.33,36.002,74.94,normal,healthy,synthetic_prototype_dataset
2026-07-08T03:00:00,HV-2026-005,5,33.98,67.99,36.036,76.7,normal,healthy,synthetic_prototype_dataset
2026-07-08T04:00:00,HV-2026-005,5,33.43,65.82,36.139,72.88,normal,healthy,synthetic_prototype_dataset
2026-07-08T05:00:00,HV-2026-005,5,34.3,66.52,36.162,78.35,normal,healthy,synthetic_prototype_dataset
2026-07-08T06:00:00,HV-2026-005,5,34.62,62.1,36.206,74.09,normal,healthy,synthetic_prototype_dataset
2026-07-08T07:00:00,HV-2026-005,5,35.59,62.62,36.206,79.03,normal,healthy,synthetic_prototype_dataset
2026-07-08T08:00:00,HV-2026-005,5,34.7,60.63,36.228,76.73,normal,healthy,synthetic_prototype_dataset
2026-07-08T09:00:00,HV-2026-005,5,35.01,63.09,36.265,79.85,normal,healthy,synthetic_prototype_dataset
2026-07-08T10:00:00,HV-2026-005,5,35.32,58.45,36.281,79.17,normal,healthy,synthetic_prototype_dataset
2026-07-08T11:00:00,HV-2026-005,5,35.71,56.83,36.307,81.4,normal,healthy,synthetic_prototype_dataset
2026-07-08T12:00:00,HV-2026-005,5,35.59,55.82,36.328,86.87,normal,healthy,synthetic_prototype_dataset
2026-07-08T13:00:00,HV-2026-005,5,36.73,59.3,36.439,80.04,normal,warning,synthetic_prototype_dataset
2026-07-08T14:00:00,HV-2026-005,5,36.35,58.01,36.516,87.29,normal,warning,synthetic_prototype_dataset
2026-07-08T15:00:00,HV-2026-005,5,35.23,60.01,36.573,82.75,normal,healthy,synthetic_prototype_dataset
2026-07-08T16:00:00,HV-2026-005,5,35.06,61.73,36.621,91.17,normal,healthy,synthetic_prototype_dataset
2026-07-08T17:00:00,HV-2026-005,5,34.47,62.31,36.651,89.17,normal,healthy,synthetic_prototype_dataset
2026-07-08T18:00:00,HV-2026-005,5,34.16,65.31,36.693,90.86,normal,healthy,synthetic_prototype_dataset
2026-07-08T19:00:00,HV-2026-005,5,35.05,66.33,36.76,90.84,normal,healthy,synthetic_prototype_dataset
2026-07-08T20:00:00,HV-2026-005,5,33.66,65.26,36.794,80.2,normal,healthy,synthetic_prototype_dataset
2026-07-08T21:00:00,HV-2026-005,5,33.67,69.18,36.811,88.61,normal,healthy,synthetic_prototype_dataset
2026-07-08T22:00:00,HV-2026-005,5,32.78,72.22,36.824,84.72,normal,healthy,synthetic_prototype_dataset
2026-07-08T23:00:00,HV-2026-005,5,33.46,70.62,36.837,85.48,normal,healthy,synthetic_prototype_dataset
2026-07-09T00:00:00,HV-2026-005,5,33.22,72.94,36.878,75.88,normal,healthy,synthetic_prototype_dataset
2026-07-09T01:00:00,HV-2026-005,5,33.65,70.32,36.917,76.53,normal,healthy,synthetic_prototype_dataset
2026-07-09T02:00:00,HV-2026-005,5,33.66,68.78,36.902,79.17,normal,healthy,synthetic_prototype_dataset
2026-07-09T03:00:00,HV-2026-005,5,34.28,66.5,36.933,74.43,normal,healthy,synthetic_prototype_dataset
2026-07-09T04:00:00,HV-2026-005,5,34.27,67.46,37.075,74.94,normal,healthy,synthetic_prototype_dataset
2026-07-09T05:00:00,HV-2026-005,5,34.88,68.27,37.119,76.13,normal,healthy,synthetic_prototype_dataset
2026-07-09T06:00:00,HV-2026-005,5,34.56,63.53,37.183,72.95,normal,healthy,synthetic_prototype_dataset
2026-07-09T07:00:00,HV-2026-005,5,34.78,61.19,37.148,80.83,normal,healthy,synthetic_prototype_dataset
2026-07-09T08:00:00,HV-2026-005,5,35.65,58.87,37.214,74.08,normal,healthy,synthetic_prototype_dataset
2026-07-09T09:00:00,HV-2026-005,5,35.45,58.34,37.251,81.65,normal,healthy,synthetic_prototype_dataset
2026-07-09T10:00:00,HV-2026-005,5,35.61,56.75,37.285,87.77,normal,healthy,synthetic_prototype_dataset
2026-07-09T11:00:00,HV-2026-005,5,35.52,60.81,37.303,85.36,normal,healthy,synthetic_prototype_dataset
2026-07-09T12:00:00,HV-2026-005,5,36.08,55.99,37.394,87.27,normal,warning,synthetic_prototype_dataset
2026-07-09T13:00:00,HV-2026-005,5,35.68,59.22,37.401,85.13,normal,healthy,synthetic_prototype_dataset
2026-07-09T14:00:00,HV-2026-005,5,35.9,58.89,37.455,87.68,normal,healthy,synthetic_prototype_dataset
2026-07-09T15:00:00,HV-2026-005,5,35.33,60.6,37.504,85.88,normal,healthy,synthetic_prototype_dataset
2026-07-09T16:00:00,HV-2026-005,5,34.75,62.74,37.516,90.48,normal,healthy,synthetic_prototype_dataset
2026-07-09T17:00:00,HV-2026-005,5,35.46,62.68,37.524,86.33,normal,healthy,synthetic_prototype_dataset
2026-07-09T18:00:00,HV-2026-005,5,35.36,61.64,37.534,91.3,normal,healthy,synthetic_prototype_dataset
2026-07-09T19:00:00,HV-2026-005,5,34.09,66.36,37.508,89.14,normal,healthy,synthetic_prototype_dataset
2026-07-09T20:00:00,HV-2026-005,5,34.18,68.24,37.513,85.95,normal,healthy,synthetic_prototype_dataset
2026-07-09T21:00:00,HV-2026-005,5,33.7,66.1,37.583,89.49,normal,healthy,synthetic_prototype_dataset
2026-07-09T22:00:00,HV-2026-005,5,33.08,67.68,37.586,82.66,normal,healthy,synthetic_prototype_dataset
2026-07-09T23:00:00,HV-2026-005,5,33.49,68.83,37.625,88.99,normal,healthy,synthetic_prototype_dataset
2026-07-10T00:00:00,HV-2026-005,5,33.7,70.84,37.689,80.85,normal,healthy,synthetic_prototype_dataset
2026-07-10T01:00:00,HV-2026-005,5,33.43,70.72,37.694,72.54,normal,healthy,synthetic_prototype_dataset
2026-07-10T02:00:00,HV-2026-005,5,34.02,70.53,37.743,73.93,normal,healthy,synthetic_prototype_dataset
2026-07-10T03:00:00,HV-2026-005,5,34.38,67.92,37.74,73.99,normal,healthy,synthetic_prototype_dataset
2026-07-10T04:00:00,HV-2026-005,5,34.62,64.88,37.739,86.14,normal,healthy,synthetic_prototype_dataset
2026-07-10T05:00:00,HV-2026-005,5,34.65,63.87,37.726,70.15,normal,healthy,synthetic_prototype_dataset
2026-07-10T06:00:00,HV-2026-005,5,34.61,64.69,37.804,69.37,normal,warning,synthetic_prototype_dataset
2026-07-10T07:00:00,HV-2026-005,5,34.31,61.36,37.927,80.93,normal,healthy,synthetic_prototype_dataset
2026-07-10T08:00:00,HV-2026-005,5,35.38,57.68,37.882,79.76,normal,healthy,synthetic_prototype_dataset
2026-07-10T09:00:00,HV-2026-005,5,35.44,57.95,37.903,78.74,normal,healthy,synthetic_prototype_dataset
2026-07-10T10:00:00,HV-2026-005,5,35.25,59.82,37.91,82.03,normal,healthy,synthetic_prototype_dataset
2026-07-10T11:00:00,HV-2026-005,5,35.8,57.89,37.921,87.95,normal,healthy,synthetic_prototype_dataset
2026-07-10T12:00:00,HV-2026-005,5,35.61,56.09,38.02,82.51,normal,healthy,synthetic_prototype_dataset
2026-07-10T13:00:00,HV-2026-005,5,36.15,58.43,38.074,85.67,normal,warning,synthetic_prototype_dataset
2026-07-10T14:00:00,HV-2026-005,5,36.65,57.29,38.124,82.41,normal,warning,synthetic_prototype_dataset
2026-07-10T15:00:00,HV-2026-005,5,35.55,60.17,38.155,81.55,normal,healthy,synthetic_prototype_dataset
2026-07-10T16:00:00,HV-2026-005,5,35.45,57.94,38.219,89.52,normal,healthy,synthetic_prototype_dataset
2026-07-10T17:00:00,HV-2026-005,5,35.33,59.86,38.234,88.69,normal,healthy,synthetic_prototype_dataset
2026-07-10T18:00:00,HV-2026-005,5,33.9,65.38,38.207,93.84,normal,healthy,synthetic_prototype_dataset
2026-07-10T19:00:00,HV-2026-005,5,34.42,64.84,38.244,90.99,normal,healthy,synthetic_prototype_dataset
2026-07-10T20:00:00,HV-2026-005,5,33.74,67.42,38.294,86.22,normal,healthy,synthetic_prototype_dataset
2026-07-10T21:00:00,HV-2026-005,5,33.8,63.6,38.252,90.91,normal,healthy,synthetic_prototype_dataset
2026-07-10T22:00:00,HV-2026-005,5,33.25,67.91,38.275,86.74,normal,healthy,synthetic_prototype_dataset
2026-07-10T23:00:00,HV-2026-005,5,32.87,67.19,38.231,89.69,normal,healthy,synthetic_prototype_dataset
2026-07-11T00:00:00,HV-2026-005,5,33.12,72.01,38.241,77.24,normal,healthy,synthetic_prototype_dataset
2026-07-11T01:00:00,HV-2026-005,5,33.29,70.11,38.269,74.44,normal,healthy,synthetic_prototype_dataset
2026-07-11T02:00:00,HV-2026-005,5,32.93,70.71,38.35,81.81,normal,healthy,synthetic_prototype_dataset
2026-07-11T03:00:00,HV-2026-005,5,33.44,66.9,38.355,75.38,normal,healthy,synthetic_prototype_dataset
2026-07-11T04:00:00,HV-2026-005,5,33.93,64.97,38.329,76.17,normal,healthy,synthetic_prototype_dataset
2026-07-11T05:00:00,HV-2026-005,5,32.68,64.9,38.321,78.73,normal,healthy,synthetic_prototype_dataset
2026-07-11T06:00:00,HV-2026-005,5,35.08,65.2,38.333,72.03,normal,healthy,synthetic_prototype_dataset
2026-07-11T07:00:00,HV-2026-005,5,34.58,61.97,38.301,82.7,normal,healthy,synthetic_prototype_dataset
2026-07-11T08:00:00,HV-2026-005,5,35.11,60.67,38.268,76.38,normal,healthy,synthetic_prototype_dataset
2026-07-11T09:00:00,HV-2026-005,5,34.67,60.16,38.297,83.36,normal,healthy,synthetic_prototype_dataset
2026-07-11T10:00:00,HV-2026-005,5,35.76,58.05,38.322,82.29,normal,healthy,synthetic_prototype_dataset
2026-07-11T11:00:00,HV-2026-005,5,35.82,57.24,38.378,94.36,normal,healthy,synthetic_prototype_dataset
2026-07-11T12:00:00,HV-2026-005,5,36.66,53.07,38.416,79.84,normal,warning,synthetic_prototype_dataset
2026-07-11T13:00:00,HV-2026-005,5,36.44,55.94,38.475,75.86,normal,warning,synthetic_prototype_dataset
2026-07-11T14:00:00,HV-2026-005,5,35.05,60.97,38.519,84.63,normal,healthy,synthetic_prototype_dataset
2026-07-11T15:00:00,HV-2026-005,5,35.63,56.42,38.55,83.85,normal,healthy,synthetic_prototype_dataset
2026-07-11T16:00:00,HV-2026-005,5,34.9,59.02,38.627,91.15,normal,healthy,synthetic_prototype_dataset
2026-07-11T17:00:00,HV-2026-005,5,35.23,61.41,38.689,86.82,normal,healthy,synthetic_prototype_dataset
2026-07-11T18:00:00,HV-2026-005,5,34.28,64.0,38.709,89.95,normal,healthy,synthetic_prototype_dataset
2026-07-11T19:00:00,HV-2026-005,5,34.2,67.34,38.78,87.69,normal,healthy,synthetic_prototype_dataset
2026-07-11T20:00:00,HV-2026-005,5,33.16,65.49,38.774,92.43,normal,healthy,synthetic_prototype_dataset
2026-07-11T21:00:00,HV-2026-005,5,34.1,66.36,38.772,83.76,normal,healthy,synthetic_prototype_dataset
2026-07-11T22:00:00,HV-2026-005,5,33.54,69.25,38.825,89.86,normal,healthy,synthetic_prototype_dataset
2026-07-11T23:00:00,HV-2026-005,5,33.63,67.25,38.828,90.43,normal,healthy,synthetic_prototype_dataset
2026-07-12T00:00:00,HV-2026-005,5,33.1,67.24,38.881,73.98,normal,healthy,synthetic_prototype_dataset
2026-07-12T01:00:00,HV-2026-005,5,33.86,69.9,38.896,80.77,normal,healthy,synthetic_prototype_dataset
2026-07-12T02:00:00,HV-2026-005,5,32.93,71.82,38.899,76.57,normal,healthy,synthetic_prototype_dataset
2026-07-12T03:00:00,HV-2026-005,5,33.8,67.35,38.897,74.71,normal,healthy,synthetic_prototype_dataset
2026-07-12T04:00:00,HV-2026-005,5,33.53,70.2,38.906,80.06,normal,healthy,synthetic_prototype_dataset
2026-07-12T05:00:00,HV-2026-005,5,34.77,65.64,38.926,76.68,normal,healthy,synthetic_prototype_dataset
2026-07-12T06:00:00,HV-2026-005,5,34.9,63.35,38.896,69.64,normal,warning,synthetic_prototype_dataset
2026-07-12T07:00:00,HV-2026-005,5,35.65,56.62,38.928,77.0,normal,healthy,synthetic_prototype_dataset
2026-07-12T08:00:00,HV-2026-005,5,35.36,57.62,38.97,80.34,normal,healthy,synthetic_prototype_dataset
2026-07-12T09:00:00,HV-2026-005,5,36.8,58.46,39.051,70.5,normal,warning,synthetic_prototype_dataset
2026-07-12T10:00:00,HV-2026-005,5,36.22,57.52,39.098,82.42,normal,warning,synthetic_prototype_dataset
2026-07-12T11:00:00,HV-2026-005,5,36.66,56.87,39.111,77.73,normal,warning,synthetic_prototype_dataset
2026-07-12T12:00:00,HV-2026-005,5,36.31,56.98,39.1,85.55,normal,warning,synthetic_prototype_dataset
2026-07-12T13:00:00,HV-2026-005,5,35.41,57.2,39.115,86.12,normal,healthy,synthetic_prototype_dataset
2026-07-12T14:00:00,HV-2026-005,5,35.52,59.84,39.171,92.54,normal,healthy,synthetic_prototype_dataset
2026-07-12T15:00:00,HV-2026-005,5,36.86,58.31,39.264,80.46,normal,warning,synthetic_prototype_dataset
2026-07-12T16:00:00,HV-2026-005,5,35.85,58.22,39.302,91.4,normal,healthy,synthetic_prototype_dataset
2026-07-12T17:00:00,HV-2026-005,5,35.29,59.07,39.305,92.02,normal,healthy,synthetic_prototype_dataset
2026-07-12T18:00:00,HV-2026-005,5,34.47,60.66,39.332,89.58,normal,healthy,synthetic_prototype_dataset
2026-07-12T19:00:00,HV-2026-005,5,34.38,65.94,39.374,87.19,normal,healthy,synthetic_prototype_dataset
2026-07-12T20:00:00,HV-2026-005,5,33.8,68.34,39.38,88.14,normal,healthy,synthetic_prototype_dataset
2026-07-12T21:00:00,HV-2026-005,5,33.04,68.07,39.417,82.02,normal,healthy,synthetic_prototype_dataset
2026-07-12T22:00:00,HV-2026-005,5,33.03,66.68,39.469,81.43,normal,healthy,synthetic_prototype_dataset
2026-07-12T23:00:00,HV-2026-005,5,33.35,71.23,39.501,85.57,normal,healthy,synthetic_prototype_dataset
2026-07-13T00:00:00,HV-2026-005,5,33.52,71.96,39.522,68.16,normal,warning,synthetic_prototype_dataset
2026-07-13T01:00:00,HV-2026-005,5,33.93,70.58,39.546,69.07,normal,warning,synthetic_prototype_dataset
2026-07-13T02:00:00,HV-2026-005,5,33.41,67.58,39.528,75.52,normal,healthy,synthetic_prototype_dataset
2026-07-13T03:00:00,HV-2026-005,5,33.51,67.2,39.579,76.89,normal,healthy,synthetic_prototype_dataset
2026-07-13T04:00:00,HV-2026-005,5,33.79,65.48,39.588,75.13,normal,healthy,synthetic_prototype_dataset
2026-07-13T05:00:00,HV-2026-005,5,34.59,63.03,39.664,78.05,normal,healthy,synthetic_prototype_dataset
2026-07-13T06:00:00,HV-2026-005,5,33.43,63.25,39.726,77.36,normal,healthy,synthetic_prototype_dataset
2026-07-13T07:00:00,HV-2026-005,5,34.82,61.18,39.757,80.52,normal,healthy,synthetic_prototype_dataset
2026-07-13T08:00:00,HV-2026-005,5,34.68,58.51,39.844,79.74,normal,healthy,synthetic_prototype_dataset
2026-07-13T09:00:00,HV-2026-005,5,36.27,63.52,39.861,75.26,normal,warning,synthetic_prototype_dataset
2026-07-13T10:00:00,HV-2026-005,5,35.67,59.01,39.942,90.95,normal,healthy,synthetic_prototype_dataset
2026-07-13T11:00:00,HV-2026-005,5,35.9,57.21,39.958,75.75,normal,healthy,synthetic_prototype_dataset
2026-07-13T12:00:00,HV-2026-005,5,35.95,54.02,40.023,79.31,normal,healthy,synthetic_prototype_dataset
2026-07-13T13:00:00,HV-2026-005,5,35.59,56.82,40.079,86.94,normal,healthy,synthetic_prototype_dataset
2026-07-13T14:00:00,HV-2026-005,5,36.63,59.86,40.097,89.33,normal,warning,synthetic_prototype_dataset
2026-07-13T15:00:00,HV-2026-005,5,36.38,57.93,40.139,86.11,normal,warning,synthetic_prototype_dataset
2026-07-13T16:00:00,HV-2026-005,5,35.03,58.62,40.223,91.05,normal,healthy,synthetic_prototype_dataset
2026-07-13T17:00:00,HV-2026-005,5,34.75,59.62,40.231,89.31,normal,healthy,synthetic_prototype_dataset
2026-07-13T18:00:00,HV-2026-005,5,35.08,61.55,40.292,90.69,normal,healthy,synthetic_prototype_dataset
2026-07-13T19:00:00,HV-2026-005,5,34.39,66.76,40.346,84.96,normal,healthy,synthetic_prototype_dataset
2026-07-13T20:00:00,HV-2026-005,5,33.53,66.18,40.384,94.3,normal,healthy,synthetic_prototype_dataset
2026-07-13T21:00:00,HV-2026-005,5,33.78,71.11,40.384,87.05,normal,healthy,synthetic_prototype_dataset
2026-07-13T22:00:00,HV-2026-005,5,33.4,67.69,40.45,78.43,normal,healthy,synthetic_prototype_dataset
2026-07-13T23:00:00,HV-2026-005,5,33.18,71.93,40.464,90.86,normal,healthy,synthetic_prototype_dataset
2026-07-14T00:00:00,HV-2026-005,5,34.37,70.19,40.53,84.47,normal,healthy,synthetic_prototype_dataset
2026-07-14T01:00:00,HV-2026-005,5,33.61,69.72,40.586,80.14,normal,healthy,synthetic_prototype_dataset
2026-07-14T02:00:00,HV-2026-005,5,33.54,68.23,40.671,75.05,normal,healthy,synthetic_prototype_dataset
2026-07-14T03:00:00,HV-2026-005,5,34.3,68.47,40.76,73.03,normal,healthy,synthetic_prototype_dataset
2026-07-14T04:00:00,HV-2026-005,5,33.65,68.08,40.746,76.41,normal,healthy,synthetic_prototype_dataset
2026-07-14T05:00:00,HV-2026-005,5,35.05,61.64,40.785,80.24,normal,healthy,synthetic_prototype_dataset
2026-07-14T06:00:00,HV-2026-005,5,34.67,61.37,40.801,73.07,normal,healthy,synthetic_prototype_dataset
2026-07-14T07:00:00,HV-2026-005,5,35.05,60.73,40.808,79.46,normal,healthy,synthetic_prototype_dataset
2026-07-14T08:00:00,HV-2026-005,5,36.05,60.13,40.884,84.83,normal,warning,synthetic_prototype_dataset
2026-07-14T09:00:00,HV-2026-005,5,35.34,58.59,40.903,76.17,normal,healthy,synthetic_prototype_dataset
2026-07-14T10:00:00,HV-2026-005,5,35.97,55.09,40.958,77.55,normal,healthy,synthetic_prototype_dataset
2026-07-14T11:00:00,HV-2026-005,5,36.02,53.45,41.022,83.02,normal,warning,synthetic_prototype_dataset
2026-07-14T12:00:00,HV-2026-005,5,35.76,58.07,41.053,86.29,normal,healthy,synthetic_prototype_dataset
2026-07-14T13:00:00,HV-2026-005,5,35.85,57.2,41.133,90.03,normal,healthy,synthetic_prototype_dataset
2026-07-14T14:00:00,HV-2026-005,5,35.6,59.16,41.143,85.53,normal,healthy,synthetic_prototype_dataset
2026-07-14T15:00:00,HV-2026-005,5,35.55,59.98,41.143,92.05,normal,healthy,synthetic_prototype_dataset
2026-07-14T16:00:00,HV-2026-005,5,35.31,58.76,41.219,86.71,normal,healthy,synthetic_prototype_dataset
2026-07-14T17:00:00,HV-2026-005,5,36.05,60.91,41.258,94.93,normal,warning,synthetic_prototype_dataset
2026-07-14T18:00:00,HV-2026-005,5,34.76,65.18,41.22,88.45,normal,healthy,synthetic_prototype_dataset
2026-07-14T19:00:00,HV-2026-005,5,34.53,66.8,41.271,92.25,normal,healthy,synthetic_prototype_dataset
2026-07-14T20:00:00,HV-2026-005,5,34.51,67.4,41.221,94.57,normal,healthy,synthetic_prototype_dataset
2026-07-14T21:00:00,HV-2026-005,5,33.39,68.56,41.253,89.1,normal,healthy,synthetic_prototype_dataset
2026-07-14T22:00:00,HV-2026-005,5,33.06,65.62,41.243,91.02,normal,healthy,synthetic_prototype_dataset
2026-07-14T23:00:00,HV-2026-005,5,32.78,68.22,41.282,83.51,normal,healthy,synthetic_prototype_dataset
2026-07-15T00:00:00,HV-2026-005,5,33.15,70.16,41.317,72.33,normal,healthy,synthetic_prototype_dataset
2026-07-15T01:00:00,HV-2026-005,5,33.5,70.49,41.298,76.75,normal,healthy,synthetic_prototype_dataset
2026-07-15T02:00:00,HV-2026-005,5,33.25,69.3,41.348,75.38,normal,healthy,synthetic_prototype_dataset
2026-07-15T03:00:00,HV-2026-005,5,34.19,69.38,41.405,77.41,normal,healthy,synthetic_prototype_dataset
2026-07-15T04:00:00,HV-2026-005,5,34.54,67.2,41.371,73.23,normal,healthy,synthetic_prototype_dataset
2026-07-15T05:00:00,HV-2026-005,5,34.26,64.67,41.409,73.18,normal,healthy,synthetic_prototype_dataset
2026-07-15T06:00:00,HV-2026-005,5,35.6,62.83,41.434,73.65,normal,healthy,synthetic_prototype_dataset
2026-07-15T07:00:00,HV-2026-005,5,34.58,60.97,41.46,77.52,normal,healthy,synthetic_prototype_dataset
2026-07-15T08:00:00,HV-2026-005,5,36.09,59.28,41.486,81.84,normal,warning,synthetic_prototype_dataset
2026-07-15T09:00:00,HV-2026-005,5,35.54,59.03,41.475,76.91,normal,healthy,synthetic_prototype_dataset
2026-07-15T10:00:00,HV-2026-005,5,35.88,56.53,41.485,83.43,normal,healthy,synthetic_prototype_dataset
2026-07-15T11:00:00,HV-2026-005,5,36.05,54.97,41.507,84.96,normal,warning,synthetic_prototype_dataset
2026-07-15T12:00:00,HV-2026-005,5,35.54,54.92,41.568,85.82,normal,healthy,synthetic_prototype_dataset
2026-07-15T13:00:00,HV-2026-005,5,35.74,54.62,41.576,86.65,normal,healthy,synthetic_prototype_dataset
2026-07-15T14:00:00,HV-2026-005,5,36.73,57.97,41.572,85.46,normal,warning,synthetic_prototype_dataset
2026-07-15T15:00:00,HV-2026-005,5,35.27,58.05,41.592,96.01,normal,healthy,synthetic_prototype_dataset
2026-07-15T16:00:00,HV-2026-005,5,34.84,60.08,41.605,92.11,normal,healthy,synthetic_prototype_dataset
2026-07-15T17:00:00,HV-2026-005,5,35.16,63.46,41.665,87.45,normal,healthy,synthetic_prototype_dataset
2026-07-15T18:00:00,HV-2026-005,5,36.01,64.01,41.675,90.66,normal,warning,synthetic_prototype_dataset
2026-07-15T19:00:00,HV-2026-005,5,34.64,65.89,41.717,93.26,normal,healthy,synthetic_prototype_dataset
2026-07-15T20:00:00,HV-2026-005,5,34.44,64.99,41.816,96.41,normal,healthy,synthetic_prototype_dataset
2026-07-15T21:00:00,HV-2026-005,5,34.14,68.03,41.843,87.8,normal,healthy,synthetic_prototype_dataset
2026-07-15T22:00:00,HV-2026-005,5,33.48,65.14,41.922,92.25,normal,healthy,synthetic_prototype_dataset
2026-07-15T23:00:00,HV-2026-005,5,32.69,71.37,41.946,86.41,normal,healthy,synthetic_prototype_dataset
2026-07-16T00:00:00,HV-2026-005,5,33.62,66.86,41.971,76.28,normal,healthy,synthetic_prototype_dataset
2026-07-16T01:00:00,HV-2026-005,5,33.48,67.3,42.012,79.71,normal,healthy,synthetic_prototype_dataset
2026-07-16T02:00:00,HV-2026-005,5,33.76,68.65,42.131,72.76,normal,healthy,synthetic_prototype_dataset
2026-07-16T03:00:00,HV-2026-005,5,34.13,68.39,42.226,77.35,normal,healthy,synthetic_prototype_dataset
2026-07-16T04:00:00,HV-2026-005,5,34.32,67.41,42.214,72.96,normal,healthy,synthetic_prototype_dataset
2026-07-16T05:00:00,HV-2026-005,5,34.24,66.54,42.247,75.28,normal,healthy,synthetic_prototype_dataset
2026-07-16T06:00:00,HV-2026-005,5,35.32,59.43,42.227,67.26,normal,warning,synthetic_prototype_dataset
2026-07-16T07:00:00,HV-2026-005,5,35.58,61.01,42.286,77.44,normal,healthy,synthetic_prototype_dataset
2026-07-16T08:00:00,HV-2026-005,5,35.81,59.27,42.33,80.55,normal,healthy,synthetic_prototype_dataset
2026-07-16T09:00:00,HV-2026-005,5,35.77,61.08,42.307,81.12,normal,healthy,synthetic_prototype_dataset
2026-07-16T10:00:00,HV-2026-005,5,35.91,57.02,42.331,81.13,normal,healthy,synthetic_prototype_dataset
2026-07-16T11:00:00,HV-2026-005,5,36.64,56.11,42.457,81.86,normal,warning,synthetic_prototype_dataset
2026-07-16T12:00:00,HV-2026-005,5,35.87,56.99,42.503,90.6,normal,healthy,synthetic_prototype_dataset
2026-07-16T13:00:00,HV-2026-005,5,35.43,53.0,42.558,90.03,normal,healthy,synthetic_prototype_dataset
2026-07-16T14:00:00,HV-2026-005,5,35.95,58.15,42.619,82.94,normal,healthy,synthetic_prototype_dataset
2026-07-16T15:00:00,HV-2026-005,5,35.75,60.42,42.666,84.35,normal,healthy,synthetic_prototype_dataset
2026-07-16T16:00:00,HV-2026-005,5,35.2,60.5,42.766,82.68,normal,healthy,synthetic_prototype_dataset
2026-07-16T17:00:00,HV-2026-005,5,35.2,59.51,42.818,91.94,normal,healthy,synthetic_prototype_dataset
2026-07-16T18:00:00,HV-2026-005,5,34.6,64.14,42.888,89.42,normal,healthy,synthetic_prototype_dataset
2026-07-16T19:00:00,HV-2026-005,5,33.76,67.38,42.942,91.85,normal,healthy,synthetic_prototype_dataset
2026-07-16T20:00:00,HV-2026-005,5,33.74,68.27,43.038,89.1,normal,healthy,synthetic_prototype_dataset
2026-07-16T21:00:00,HV-2026-005,5,33.82,66.03,43.038,85.17,normal,healthy,synthetic_prototype_dataset
2026-07-16T22:00:00,HV-2026-005,5,33.63,68.45,43.076,85.0,normal,healthy,synthetic_prototype_dataset
2026-07-16T23:00:00,HV-2026-005,5,33.37,68.05,43.108,81.39,normal,healthy,synthetic_prototype_dataset
2026-07-17T00:00:00,HV-2026-005,5,33.46,69.51,43.139,70.22,normal,healthy,synthetic_prototype_dataset
2026-07-17T01:00:00,HV-2026-005,5,33.74,69.23,43.172,69.45,normal,warning,synthetic_prototype_dataset
2026-07-17T02:00:00,HV-2026-005,5,33.01,68.37,43.245,77.85,normal,healthy,synthetic_prototype_dataset
2026-07-17T03:00:00,HV-2026-005,5,33.84,66.3,43.231,76.97,normal,healthy,synthetic_prototype_dataset
2026-07-17T04:00:00,HV-2026-005,5,34.36,66.89,43.316,73.61,normal,healthy,synthetic_prototype_dataset
2026-07-17T05:00:00,HV-2026-005,5,34.44,61.77,43.348,81.14,normal,healthy,synthetic_prototype_dataset
2026-07-17T06:00:00,HV-2026-005,5,34.23,64.53,43.424,73.59,normal,healthy,synthetic_prototype_dataset
2026-07-17T07:00:00,HV-2026-005,5,35.24,64.04,43.457,80.58,normal,healthy,synthetic_prototype_dataset
2026-07-17T08:00:00,HV-2026-005,5,34.55,60.59,43.504,74.98,normal,healthy,synthetic_prototype_dataset
2026-07-17T09:00:00,HV-2026-005,5,35.18,59.15,43.528,85.25,normal,healthy,synthetic_prototype_dataset
2026-07-17T10:00:00,HV-2026-005,5,35.96,57.05,43.56,84.02,normal,healthy,synthetic_prototype_dataset
2026-07-17T11:00:00,HV-2026-005,5,36.31,57.21,43.585,86.67,normal,warning,synthetic_prototype_dataset
2026-07-17T12:00:00,HV-2026-005,5,36.29,56.7,43.631,85.6,normal,warning,synthetic_prototype_dataset
2026-07-17T13:00:00,HV-2026-005,5,35.13,56.68,43.731,87.88,normal,healthy,synthetic_prototype_dataset
2026-07-17T14:00:00,HV-2026-005,5,35.86,55.88,43.791,87.44,normal,healthy,synthetic_prototype_dataset
2026-07-17T15:00:00,HV-2026-005,5,36.2,56.51,43.816,85.4,normal,warning,synthetic_prototype_dataset
2026-07-17T16:00:00,HV-2026-005,5,36.17,59.17,43.834,81.0,normal,warning,synthetic_prototype_dataset
2026-07-17T17:00:00,HV-2026-005,5,34.62,62.15,43.887,87.6,normal,healthy,synthetic_prototype_dataset
2026-07-17T18:00:00,HV-2026-005,5,34.43,66.36,44.011,94.02,normal,healthy,synthetic_prototype_dataset
2026-07-17T19:00:00,HV-2026-005,5,35.06,68.01,44.113,88.82,normal,healthy,synthetic_prototype_dataset
2026-07-17T20:00:00,HV-2026-005,5,33.65,69.81,44.104,85.92,normal,healthy,synthetic_prototype_dataset
2026-07-17T21:00:00,HV-2026-005,5,33.32,67.72,44.06,83.92,normal,healthy,synthetic_prototype_dataset
2026-07-17T22:00:00,HV-2026-005,5,33.29,66.92,44.122,88.15,normal,healthy,synthetic_prototype_dataset
2026-07-17T23:00:00,HV-2026-005,5,33.7,70.61,44.14,90.57,normal,healthy,synthetic_prototype_dataset
2026-07-18T00:00:00,HV-2026-005,5,33.59,69.47,44.106,77.82,normal,healthy,synthetic_prototype_dataset
2026-07-18T01:00:00,HV-2026-005,5,32.86,70.49,44.134,71.24,normal,healthy,synthetic_prototype_dataset
2026-07-18T02:00:00,HV-2026-005,5,33.68,69.45,44.166,76.51,normal,healthy,synthetic_prototype_dataset
2026-07-18T03:00:00,HV-2026-005,5,33.47,69.06,44.167,72.24,normal,healthy,synthetic_prototype_dataset
2026-07-18T04:00:00,HV-2026-005,5,34.34,68.23,44.213,75.27,normal,healthy,synthetic_prototype_dataset
2026-07-18T05:00:00,HV-2026-005,5,33.48,67.52,44.169,78.05,normal,healthy,synthetic_prototype_dataset
2026-07-18T06:00:00,HV-2026-005,5,35.63,63.31,44.205,77.33,normal,healthy,synthetic_prototype_dataset
2026-07-18T07:00:00,HV-2026-005,5,35.11,65.46,44.2,74.44,normal,healthy,synthetic_prototype_dataset
2026-07-18T08:00:00,HV-2026-005,5,35.19,62.68,44.209,81.13,normal,healthy,synthetic_prototype_dataset
2026-07-18T09:00:00,HV-2026-005,5,36.09,59.5,44.279,85.72,normal,warning,synthetic_prototype_dataset
2026-07-18T10:00:00,HV-2026-005,5,35.95,56.16,44.322,81.81,normal,healthy,synthetic_prototype_dataset
2026-07-18T11:00:00,HV-2026-005,5,37.08,55.32,44.379,71.74,normal,warning,synthetic_prototype_dataset
2026-07-18T12:00:00,HV-2026-005,5,36.04,55.53,44.446,88.04,normal,warning,synthetic_prototype_dataset
2026-07-18T13:00:00,HV-2026-005,5,36.58,58.69,44.486,79.76,normal,warning,synthetic_prototype_dataset
2026-07-18T14:00:00,HV-2026-005,5,35.44,57.53,44.534,89.03,normal,healthy,synthetic_prototype_dataset
2026-07-18T15:00:00,HV-2026-005,5,35.36,60.68,44.523,86.87,normal,healthy,synthetic_prototype_dataset
2026-07-18T16:00:00,HV-2026-005,5,34.85,59.17,44.605,88.52,normal,healthy,synthetic_prototype_dataset
2026-07-18T17:00:00,HV-2026-005,5,35.07,62.43,44.627,91.22,normal,healthy,synthetic_prototype_dataset
2026-07-18T18:00:00,HV-2026-005,5,34.8,61.01,44.64,91.24,normal,healthy,synthetic_prototype_dataset
2026-07-18T19:00:00,HV-2026-005,5,34.93,67.16,44.739,91.58,normal,healthy,synthetic_prototype_dataset
2026-07-18T20:00:00,HV-2026-005,5,33.85,66.43,44.76,88.1,normal,healthy,synthetic_prototype_dataset
2026-07-18T21:00:00,HV-2026-005,5,33.94,68.77,44.743,92.74,normal,healthy,synthetic_prototype_dataset
2026-07-18T22:00:00,HV-2026-005,5,32.73,68.71,44.809,90.25,normal,healthy,synthetic_prototype_dataset
2026-07-18T23:00:00,HV-2026-005,5,33.27,73.35,44.818,80.1,normal,healthy,synthetic_prototype_dataset
2026-07-19T00:00:00,HV-2026-005,5,33.57,66.9,44.814,78.18,normal,healthy,synthetic_prototype_dataset
2026-07-19T01:00:00,HV-2026-005,5,33.2,70.9,44.799,79.0,normal,healthy,synthetic_prototype_dataset
2026-07-19T02:00:00,HV-2026-005,5,32.78,71.53,44.807,81.36,normal,healthy,synthetic_prototype_dataset
2026-07-19T03:00:00,HV-2026-005,5,33.37,71.51,44.798,69.72,normal,warning,synthetic_prototype_dataset
2026-07-19T04:00:00,HV-2026-005,5,34.04,68.82,44.851,80.07,normal,healthy,synthetic_prototype_dataset
2026-07-19T05:00:00,HV-2026-005,5,34.69,63.43,44.903,76.32,normal,healthy,synthetic_prototype_dataset
2026-07-19T06:00:00,HV-2026-005,5,34.35,63.42,44.926,80.96,normal,healthy,synthetic_prototype_dataset
2026-07-19T07:00:00,HV-2026-005,5,34.77,60.28,44.927,84.47,normal,healthy,synthetic_prototype_dataset
2026-07-19T08:00:00,HV-2026-005,5,35.03,61.93,44.92,81.4,normal,healthy,synthetic_prototype_dataset
2026-07-19T09:00:00,HV-2026-005,5,35.7,60.37,44.992,81.64,normal,healthy,synthetic_prototype_dataset
2026-07-19T10:00:00,HV-2026-005,5,35.55,59.96,45.008,75.06,normal,healthy,synthetic_prototype_dataset
2026-07-19T11:00:00,HV-2026-005,5,35.09,53.43,45.069,92.27,normal,healthy,synthetic_prototype_dataset
2026-07-19T12:00:00,HV-2026-005,5,35.05,54.69,45.115,91.31,normal,healthy,synthetic_prototype_dataset
2026-07-19T13:00:00,HV-2026-005,5,35.57,57.4,45.149,96.23,normal,healthy,synthetic_prototype_dataset
2026-07-19T14:00:00,HV-2026-005,5,35.86,57.68,45.194,86.67,normal,healthy,synthetic_prototype_dataset
2026-07-19T15:00:00,HV-2026-005,5,36.01,56.06,45.165,88.32,normal,warning,synthetic_prototype_dataset
2026-07-19T16:00:00,HV-2026-005,5,35.68,58.55,45.209,85.25,normal,healthy,synthetic_prototype_dataset
2026-07-19T17:00:00,HV-2026-005,5,35.48,62.46,45.244,90.47,normal,healthy,synthetic_prototype_dataset
2026-07-19T18:00:00,HV-2026-005,5,34.04,60.67,45.269,91.8,normal,healthy,synthetic_prototype_dataset
2026-07-19T19:00:00,HV-2026-005,5,34.58,64.26,45.32,94.85,normal,healthy,synthetic_prototype_dataset
2026-07-19T20:00:00,HV-2026-005,5,33.98,67.16,45.338,89.08,normal,healthy,synthetic_prototype_dataset
2026-07-19T21:00:00,HV-2026-005,5,33.82,71.11,45.395,91.82,normal,healthy,synthetic_prototype_dataset
2026-07-19T22:00:00,HV-2026-005,5,33.34,67.54,45.434,92.48,normal,healthy,synthetic_prototype_dataset
2026-07-19T23:00:00,HV-2026-005,5,34.19,65.44,45.544,88.57,normal,healthy,synthetic_prototype_dataset
2026-07-20T00:00:00,HV-2026-005,5,33.75,67.04,45.561,78.88,normal,healthy,synthetic_prototype_dataset
2026-07-20T01:00:00,HV-2026-005,5,32.86,64.74,45.598,75.83,normal,healthy,synthetic_prototype_dataset
2026-07-20T02:00:00,HV-2026-005,5,34.16,68.95,45.62,78.44,normal,healthy,synthetic_prototype_dataset
2026-07-20T03:00:00,HV-2026-005,5,34.19,66.85,45.678,74.17,normal,healthy,synthetic_prototype_dataset
2026-07-20T04:00:00,HV-2026-005,5,34.0,67.88,45.732,77.11,normal,healthy,synthetic_prototype_dataset
2026-07-20T05:00:00,HV-2026-005,5,33.82,61.62,45.751,79.4,normal,healthy,synthetic_prototype_dataset
2026-07-20T06:00:00,HV-2026-005,5,34.84,63.61,45.775,77.08,normal,healthy,synthetic_prototype_dataset
2026-07-20T07:00:00,HV-2026-005,5,34.53,62.77,45.83,76.58,normal,healthy,synthetic_prototype_dataset
2026-07-20T08:00:00,HV-2026-005,5,35.49,56.58,45.866,79.16,normal,healthy,synthetic_prototype_dataset
2026-07-20T09:00:00,HV-2026-005,5,36.13,57.87,45.93,79.11,normal,warning,synthetic_prototype_dataset
2026-07-20T10:00:00,HV-2026-005,5,34.74,56.7,45.975,83.53,normal,healthy,synthetic_prototype_dataset
2026-07-20T11:00:00,HV-2026-005,5,35.97,55.5,46.004,80.58,normal,healthy,synthetic_prototype_dataset
2026-07-20T12:00:00,HV-2026-005,5,35.04,55.98,46.021,89.68,normal,healthy,synthetic_prototype_dataset
2026-07-20T13:00:00,HV-2026-005,5,34.91,56.94,46.138,86.47,normal,healthy,synthetic_prototype_dataset
2026-07-20T14:00:00,HV-2026-005,5,35.76,57.88,46.198,86.69,normal,healthy,synthetic_prototype_dataset
2026-07-20T15:00:00,HV-2026-005,5,35.1,59.4,46.172,91.85,normal,healthy,synthetic_prototype_dataset
2026-07-20T16:00:00,HV-2026-005,5,35.11,59.68,46.191,94.53,normal,healthy,synthetic_prototype_dataset
2026-07-20T17:00:00,HV-2026-005,5,35.09,60.78,46.213,89.36,normal,healthy,synthetic_prototype_dataset
2026-07-20T18:00:00,HV-2026-005,5,35.72,60.8,46.28,91.99,normal,healthy,synthetic_prototype_dataset
2026-07-20T19:00:00,HV-2026-005,5,35.0,66.12,46.305,93.45,normal,healthy,synthetic_prototype_dataset
2026-07-20T20:00:00,HV-2026-005,5,34.09,68.03,46.38,89.85,normal,healthy,synthetic_prototype_dataset
2026-07-20T21:00:00,HV-2026-005,5,33.53,66.96,46.421,85.86,normal,healthy,synthetic_prototype_dataset
2026-07-20T22:00:00,HV-2026-005,5,33.36,67.49,46.464,85.49,normal,healthy,synthetic_prototype_dataset
2026-07-20T23:00:00,HV-2026-005,5,32.8,67.93,46.469,85.43,normal,healthy,synthetic_prototype_dataset
2026-07-21T00:00:00,HV-2026-005,5,33.42,69.98,46.507,77.58,normal,healthy,synthetic_prototype_dataset
2026-07-21T01:00:00,HV-2026-005,5,33.68,66.6,46.492,77.94,normal,healthy,synthetic_prototype_dataset
2026-07-21T02:00:00,HV-2026-005,5,33.58,71.09,46.463,74.34,normal,healthy,synthetic_prototype_dataset
2026-07-21T03:00:00,HV-2026-005,5,33.55,68.52,46.49,77.64,normal,healthy,synthetic_prototype_dataset
2026-07-21T04:00:00,HV-2026-005,5,33.9,69.24,46.574,72.09,normal,healthy,synthetic_prototype_dataset
2026-07-21T05:00:00,HV-2026-005,5,34.29,66.52,46.619,74.57,normal,healthy,synthetic_prototype_dataset
2026-07-21T06:00:00,HV-2026-005,5,34.72,60.42,46.644,70.89,normal,healthy,synthetic_prototype_dataset
2026-07-21T07:00:00,HV-2026-005,5,35.17,59.45,46.674,78.94,normal,healthy,synthetic_prototype_dataset
2026-07-21T08:00:00,HV-2026-005,5,35.29,58.63,46.697,83.76,normal,healthy,synthetic_prototype_dataset
2026-07-21T09:00:00,HV-2026-005,5,35.33,58.36,46.711,84.93,normal,healthy,synthetic_prototype_dataset
2026-07-21T10:00:00,HV-2026-005,5,35.77,55.83,46.749,82.16,normal,healthy,synthetic_prototype_dataset
2026-07-21T11:00:00,HV-2026-005,5,36.49,56.43,46.741,82.85,normal,warning,synthetic_prototype_dataset
2026-07-21T12:00:00,HV-2026-005,5,36.71,58.42,46.745,79.99,normal,warning,synthetic_prototype_dataset
2026-07-21T13:00:00,HV-2026-005,5,35.85,56.47,46.801,85.9,normal,healthy,synthetic_prototype_dataset
2026-07-21T14:00:00,HV-2026-005,5,35.32,58.92,46.805,85.32,normal,healthy,synthetic_prototype_dataset
2026-07-21T15:00:00,HV-2026-005,5,35.02,59.42,46.849,92.03,normal,healthy,synthetic_prototype_dataset
2026-07-21T16:00:00,HV-2026-005,5,34.9,57.51,46.871,88.88,normal,healthy,synthetic_prototype_dataset
2026-07-21T17:00:00,HV-2026-005,5,35.04,58.43,46.922,86.75,normal,healthy,synthetic_prototype_dataset
2026-07-21T18:00:00,HV-2026-005,5,34.31,65.38,46.875,91.13,normal,healthy,synthetic_prototype_dataset
2026-07-21T19:00:00,HV-2026-005,5,34.41,63.61,46.884,94.15,normal,healthy,synthetic_prototype_dataset
2026-07-21T20:00:00,HV-2026-005,5,34.84,68.68,46.975,87.1,normal,healthy,synthetic_prototype_dataset
2026-07-21T21:00:00,HV-2026-005,5,32.98,68.12,47.029,82.44,normal,healthy,synthetic_prototype_dataset
2026-07-21T22:00:00,HV-2026-005,5,33.06,67.86,47.066,88.92,normal,healthy,synthetic_prototype_dataset
2026-07-21T23:00:00,HV-2026-005,5,33.0,70.35,47.051,85.61,normal,healthy,synthetic_prototype_dataset
2026-07-22T00:00:00,HV-2026-005,5,32.7,70.11,47.048,78.42,normal,healthy,synthetic_prototype_dataset
2026-07-22T01:00:00,HV-2026-005,5,33.3,69.74,47.135,77.34,normal,healthy,synthetic_prototype_dataset
2026-07-22T02:00:00,HV-2026-005,5,33.27,68.39,47.119,75.77,normal,healthy,synthetic_prototype_dataset
2026-07-22T03:00:00,HV-2026-005,5,33.79,64.89,47.096,74.19,normal,healthy,synthetic_prototype_dataset
2026-07-22T04:00:00,HV-2026-005,5,33.42,66.96,47.127,75.57,normal,healthy,synthetic_prototype_dataset
2026-07-22T05:00:00,HV-2026-005,5,34.48,64.14,47.151,72.49,normal,healthy,synthetic_prototype_dataset
2026-07-22T06:00:00,HV-2026-005,5,34.69,63.52,47.134,75.46,normal,healthy,synthetic_prototype_dataset
2026-07-22T07:00:00,HV-2026-005,5,34.89,62.08,47.17,75.3,normal,healthy,synthetic_prototype_dataset
2026-07-22T08:00:00,HV-2026-005,5,35.56,60.82,47.174,75.62,normal,healthy,synthetic_prototype_dataset
2026-07-22T09:00:00,HV-2026-005,5,35.19,55.78,47.215,85.5,normal,healthy,synthetic_prototype_dataset
2026-07-22T10:00:00,HV-2026-005,5,36.33,55.36,47.281,80.97,normal,warning,synthetic_prototype_dataset
2026-07-22T11:00:00,HV-2026-005,5,34.74,56.02,47.306,88.76,normal,healthy,synthetic_prototype_dataset
2026-07-22T12:00:00,HV-2026-005,5,35.47,57.4,47.344,80.84,normal,healthy,synthetic_prototype_dataset
2026-07-22T13:00:00,HV-2026-005,5,35.57,59.38,47.381,90.28,normal,healthy,synthetic_prototype_dataset
2026-07-22T14:00:00,HV-2026-005,5,36.08,56.51,47.379,83.57,normal,warning,synthetic_prototype_dataset
2026-07-22T15:00:00,HV-2026-005,5,36.14,58.71,47.359,90.88,normal,warning,synthetic_prototype_dataset
2026-07-22T16:00:00,HV-2026-005,5,34.41,58.39,47.399,98.0,normal,healthy,synthetic_prototype_dataset
2026-07-22T17:00:00,HV-2026-005,5,35.27,60.7,47.434,93.1,normal,healthy,synthetic_prototype_dataset
2026-07-22T18:00:00,HV-2026-005,5,35.21,62.94,47.456,87.09,normal,healthy,synthetic_prototype_dataset
2026-07-22T19:00:00,HV-2026-005,5,34.53,67.04,47.413,88.49,normal,healthy,synthetic_prototype_dataset
2026-07-22T20:00:00,HV-2026-005,5,33.37,67.15,47.395,84.9,normal,healthy,synthetic_prototype_dataset
2026-07-22T21:00:00,HV-2026-005,5,34.15,68.03,47.418,90.45,normal,healthy,synthetic_prototype_dataset
2026-07-22T22:00:00,HV-2026-005,5,33.88,68.69,47.429,86.75,normal,healthy,synthetic_prototype_dataset
2026-07-22T23:00:00,HV-2026-005,5,33.8,70.02,47.444,88.48,normal,healthy,synthetic_prototype_dataset
2026-07-23T00:00:00,HV-2026-005,5,34.04,70.65,47.459,82.8,normal,healthy,synthetic_prototype_dataset
2026-07-23T01:00:00,HV-2026-005,5,33.86,72.41,47.467,73.9,normal,healthy,synthetic_prototype_dataset
2026-07-23T02:00:00,HV-2026-005,5,32.57,71.31,47.495,69.7,normal,warning,synthetic_prototype_dataset
2026-07-23T03:00:00,HV-2026-005,5,34.14,67.86,47.512,70.7,normal,healthy,synthetic_prototype_dataset
2026-07-23T04:00:00,HV-2026-005,5,34.09,67.92,47.535,74.54,normal,healthy,synthetic_prototype_dataset
2026-07-23T05:00:00,HV-2026-005,5,35.37,63.16,47.535,78.48,normal,healthy,synthetic_prototype_dataset
2026-07-23T06:00:00,HV-2026-005,5,34.06,61.55,47.6,78.12,normal,healthy,synthetic_prototype_dataset
2026-07-23T07:00:00,HV-2026-005,5,35.07,62.03,47.601,76.94,normal,healthy,synthetic_prototype_dataset
2026-07-23T08:00:00,HV-2026-005,5,35.13,61.54,47.645,76.38,normal,healthy,synthetic_prototype_dataset
2026-07-23T09:00:00,HV-2026-005,5,35.79,55.54,47.668,77.36,normal,healthy,synthetic_prototype_dataset
2026-07-23T10:00:00,HV-2026-005,5,35.26,60.92,47.654,80.13,normal,healthy,synthetic_prototype_dataset
2026-07-23T11:00:00,HV-2026-005,5,36.01,55.91,47.7,89.49,normal,warning,synthetic_prototype_dataset
2026-07-23T12:00:00,HV-2026-005,5,36.11,55.67,47.738,86.95,normal,warning,synthetic_prototype_dataset
2026-07-23T13:00:00,HV-2026-005,5,36.06,56.79,47.793,87.94,normal,warning,synthetic_prototype_dataset
2026-07-23T14:00:00,HV-2026-005,5,35.6,56.36,47.862,89.15,normal,healthy,synthetic_prototype_dataset
2026-07-23T15:00:00,HV-2026-005,5,34.5,57.08,47.886,88.23,normal,healthy,synthetic_prototype_dataset
2026-07-23T16:00:00,HV-2026-005,5,35.71,65.78,47.837,90.59,normal,healthy,synthetic_prototype_dataset
2026-07-23T17:00:00,HV-2026-005,5,34.89,61.38,47.89,90.4,normal,healthy,synthetic_prototype_dataset
2026-07-23T18:00:00,HV-2026-005,5,34.36,63.57,47.939,91.62,normal,healthy,synthetic_prototype_dataset
2026-07-23T19:00:00,HV-2026-005,5,34.27,64.28,48.063,91.14,normal,healthy,synthetic_prototype_dataset
2026-07-23T20:00:00,HV-2026-005,5,34.21,66.1,48.095,90.16,normal,healthy,synthetic_prototype_dataset
2026-07-23T21:00:00,HV-2026-005,5,32.74,67.17,48.094,86.83,normal,healthy,synthetic_prototype_dataset
2026-07-23T22:00:00,HV-2026-005,5,32.91,69.65,48.168,88.58,normal,healthy,synthetic_prototype_dataset
2026-07-23T23:00:00,HV-2026-005,5,32.73,68.42,48.18,82.15,normal,healthy,synthetic_prototype_dataset
2026-07-24T00:00:00,HV-2026-005,5,33.31,73.1,48.185,76.27,normal,healthy,synthetic_prototype_dataset
2026-07-24T01:00:00,HV-2026-005,5,33.02,69.29,48.216,73.68,normal,healthy,synthetic_prototype_dataset
2026-07-24T02:00:00,HV-2026-005,5,32.98,66.81,48.243,79.73,normal,healthy,synthetic_prototype_dataset
2026-07-24T03:00:00,HV-2026-005,5,33.87,71.3,48.245,78.98,normal,healthy,synthetic_prototype_dataset
2026-07-24T04:00:00,HV-2026-005,5,33.32,68.44,48.327,77.74,normal,healthy,synthetic_prototype_dataset
2026-07-24T05:00:00,HV-2026-005,5,34.88,64.4,48.348,72.8,normal,healthy,synthetic_prototype_dataset
2026-07-24T06:00:00,HV-2026-005,5,34.48,64.15,48.374,74.34,normal,healthy,synthetic_prototype_dataset
2026-07-24T07:00:00,HV-2026-005,5,34.58,62.47,48.393,73.8,normal,healthy,synthetic_prototype_dataset
2026-07-24T08:00:00,HV-2026-005,5,34.26,59.09,48.374,76.7,normal,healthy,synthetic_prototype_dataset
2026-07-24T09:00:00,HV-2026-005,5,35.2,58.45,48.385,89.03,normal,healthy,synthetic_prototype_dataset
2026-07-24T10:00:00,HV-2026-005,5,35.03,59.78,48.417,80.7,normal,healthy,synthetic_prototype_dataset
2026-07-24T11:00:00,HV-2026-005,5,35.99,56.09,48.429,90.79,normal,healthy,synthetic_prototype_dataset
2026-07-24T12:00:00,HV-2026-005,5,34.78,56.22,48.478,90.83,normal,healthy,synthetic_prototype_dataset
2026-07-24T13:00:00,HV-2026-005,5,35.54,61.69,48.548,78.82,normal,healthy,synthetic_prototype_dataset
2026-07-24T14:00:00,HV-2026-005,5,34.94,58.03,48.55,90.04,normal,healthy,synthetic_prototype_dataset
2026-07-24T15:00:00,HV-2026-005,5,35.18,56.56,48.557,91.92,normal,healthy,synthetic_prototype_dataset
2026-07-24T16:00:00,HV-2026-005,5,34.21,62.04,48.633,88.36,normal,healthy,synthetic_prototype_dataset
2026-07-24T17:00:00,HV-2026-005,5,34.17,62.85,48.649,84.58,normal,healthy,synthetic_prototype_dataset
2026-07-24T18:00:00,HV-2026-005,5,35.33,62.07,48.628,91.0,normal,healthy,synthetic_prototype_dataset
2026-07-24T19:00:00,HV-2026-005,5,34.1,68.15,48.639,88.59,normal,healthy,synthetic_prototype_dataset
2026-07-24T20:00:00,HV-2026-005,5,33.97,67.52,48.672,90.47,normal,healthy,synthetic_prototype_dataset
2026-07-24T21:00:00,HV-2026-005,5,33.62,67.86,48.726,87.67,normal,healthy,synthetic_prototype_dataset
2026-07-24T22:00:00,HV-2026-005,5,33.7,72.22,48.728,96.54,normal,healthy,synthetic_prototype_dataset
2026-07-24T23:00:00,HV-2026-005,5,32.89,69.15,48.772,88.65,normal,healthy,synthetic_prototype_dataset
2026-07-25T00:00:00,HV-2026-005,5,33.14,72.3,48.806,83.23,normal,healthy,synthetic_prototype_dataset
2026-07-25T01:00:00,HV-2026-005,5,33.13,69.05,48.811,77.65,normal,healthy,synthetic_prototype_dataset
2026-07-25T02:00:00,HV-2026-005,5,33.5,70.26,48.806,79.88,normal,healthy,synthetic_prototype_dataset
2026-07-25T03:00:00,HV-2026-005,5,34.36,68.83,48.895,79.03,normal,healthy,synthetic_prototype_dataset
2026-07-25T04:00:00,HV-2026-005,5,34.76,68.18,48.925,78.95,normal,healthy,synthetic_prototype_dataset
2026-07-25T05:00:00,HV-2026-005,5,33.88,66.37,48.996,78.87,normal,healthy,synthetic_prototype_dataset
2026-07-25T06:00:00,HV-2026-005,5,34.4,64.19,49.048,78.54,normal,healthy,synthetic_prototype_dataset
2026-07-25T07:00:00,HV-2026-005,5,35.09,62.62,49.044,75.5,normal,healthy,synthetic_prototype_dataset
2026-07-25T08:00:00,HV-2026-005,5,35.27,61.82,49.098,77.26,normal,healthy,synthetic_prototype_dataset
2026-07-25T09:00:00,HV-2026-005,5,35.26,56.76,49.083,81.64,normal,healthy,synthetic_prototype_dataset
2026-07-25T10:00:00,HV-2026-005,5,36.15,57.94,49.188,81.39,normal,warning,synthetic_prototype_dataset
2026-07-25T11:00:00,HV-2026-005,5,35.68,55.28,49.216,80.36,normal,healthy,synthetic_prototype_dataset
2026-07-25T12:00:00,HV-2026-005,5,35.02,54.71,48.912,75.32,weight_drop,healthy,synthetic_prototype_dataset
2026-07-25T13:00:00,HV-2026-005,5,35.44,57.8,48.551,79.39,weight_drop,healthy,synthetic_prototype_dataset
2026-07-25T14:00:00,HV-2026-005,5,35.92,59.44,48.261,79.94,weight_drop,healthy,synthetic_prototype_dataset
2026-07-25T15:00:00,HV-2026-005,5,35.05,58.73,48.009,81.89,weight_drop,healthy,synthetic_prototype_dataset
2026-07-25T16:00:00,HV-2026-005,5,35.01,61.34,47.699,82.31,weight_drop,healthy,synthetic_prototype_dataset
2026-07-25T17:00:00,HV-2026-005,5,34.64,61.27,47.768,83.05,normal,healthy,synthetic_prototype_dataset
2026-07-25T18:00:00,HV-2026-005,5,34.63,62.97,47.731,86.59,normal,healthy,synthetic_prototype_dataset
2026-07-25T19:00:00,HV-2026-005,5,34.06,65.82,47.782,92.71,normal,healthy,synthetic_prototype_dataset
2026-07-25T20:00:00,HV-2026-005,5,33.07,68.0,47.832,90.29,normal,healthy,synthetic_prototype_dataset
2026-07-25T21:00:00,HV-2026-005,5,33.72,65.3,47.822,93.72,normal,healthy,synthetic_prototype_dataset
2026-07-25T22:00:00,HV-2026-005,5,33.16,73.89,47.803,93.6,normal,healthy,synthetic_prototype_dataset
2026-07-25T23:00:00,HV-2026-005,5,32.88,72.14,47.817,87.51,normal,healthy,synthetic_prototype_dataset
2026-07-26T00:00:00,HV-2026-005,5,33.32,69.9,47.87,75.07,normal,healthy,synthetic_prototype_dataset
2026-07-26T01:00:00,HV-2026-005,5,33.17,66.0,47.884,80.42,normal,healthy,synthetic_prototype_dataset
2026-07-26T02:00:00,HV-2026-005,5,33.54,71.66,47.91,81.87,normal,healthy,synthetic_prototype_dataset
2026-07-26T03:00:00,HV-2026-005,5,33.56,67.76,47.965,79.23,normal,healthy,synthetic_prototype_dataset
2026-07-26T04:00:00,HV-2026-005,5,33.98,66.77,48.0,80.88,normal,healthy,synthetic_prototype_dataset
2026-07-26T05:00:00,HV-2026-005,5,34.23,63.15,48.003,73.64,normal,healthy,synthetic_prototype_dataset
2026-07-26T06:00:00,HV-2026-005,5,34.01,60.2,48.094,72.93,normal,healthy,synthetic_prototype_dataset
2026-07-26T07:00:00,HV-2026-005,5,34.32,58.69,48.15,77.51,normal,healthy,synthetic_prototype_dataset
2026-07-26T08:00:00,HV-2026-005,5,34.84,59.96,48.2,77.94,normal,healthy,synthetic_prototype_dataset
2026-07-26T09:00:00,HV-2026-005,5,34.37,56.73,48.187,82.32,normal,healthy,synthetic_prototype_dataset
2026-07-26T10:00:00,HV-2026-005,5,35.89,60.58,48.167,85.17,normal,healthy,synthetic_prototype_dataset
2026-07-26T11:00:00,HV-2026-005,5,35.33,62.5,48.256,90.48,normal,healthy,synthetic_prototype_dataset
2026-07-26T12:00:00,HV-2026-005,5,36.01,57.69,48.285,83.72,normal,warning,synthetic_prototype_dataset
2026-07-26T13:00:00,HV-2026-005,5,35.25,58.35,48.382,85.86,normal,healthy,synthetic_prototype_dataset
2026-07-26T14:00:00,HV-2026-005,5,35.15,55.27,48.433,92.43,normal,healthy,synthetic_prototype_dataset
2026-07-26T15:00:00,HV-2026-005,5,35.84,61.53,48.488,89.25,normal,healthy,synthetic_prototype_dataset
2026-07-26T16:00:00,HV-2026-005,5,35.58,58.5,48.511,95.51,normal,healthy,synthetic_prototype_dataset
2026-07-26T17:00:00,HV-2026-005,5,34.2,62.13,48.567,90.17,normal,healthy,synthetic_prototype_dataset
2026-07-26T18:00:00,HV-2026-005,5,34.87,66.75,48.613,94.87,normal,healthy,synthetic_prototype_dataset
2026-07-26T19:00:00,HV-2026-005,5,33.6,65.53,48.723,96.68,normal,healthy,synthetic_prototype_dataset
2026-07-26T20:00:00,HV-2026-005,5,33.13,67.48,48.752,90.98,normal,healthy,synthetic_prototype_dataset
2026-07-26T21:00:00,HV-2026-005,5,34.0,72.26,48.779,92.86,normal,healthy,synthetic_prototype_dataset
2026-07-26T22:00:00,HV-2026-005,5,33.52,70.02,48.744,91.69,normal,healthy,synthetic_prototype_dataset
2026-07-26T23:00:00,HV-2026-005,5,33.37,71.46,48.735,93.96,normal,healthy,synthetic_prototype_dataset
2026-07-27T00:00:00,HV-2026-005,5,33.05,69.13,48.714,78.37,normal,healthy,synthetic_prototype_dataset
2026-07-27T01:00:00,HV-2026-005,5,33.35,70.11,48.755,78.34,normal,healthy,synthetic_prototype_dataset
2026-07-27T02:00:00,HV-2026-005,5,33.22,68.99,48.814,78.93,normal,healthy,synthetic_prototype_dataset
2026-07-27T03:00:00,HV-2026-005,5,33.62,67.64,48.792,76.27,normal,healthy,synthetic_prototype_dataset
2026-07-27T04:00:00,HV-2026-005,5,34.05,69.56,48.838,74.42,normal,healthy,synthetic_prototype_dataset
2026-07-27T05:00:00,HV-2026-005,5,33.59,65.97,48.863,79.88,normal,healthy,synthetic_prototype_dataset
2026-07-27T06:00:00,HV-2026-005,5,34.07,63.47,48.96,81.43,normal,healthy,synthetic_prototype_dataset
2026-07-27T07:00:00,HV-2026-005,5,34.22,65.02,48.945,76.31,normal,healthy,synthetic_prototype_dataset
2026-07-27T08:00:00,HV-2026-005,5,34.79,60.55,48.997,80.0,normal,healthy,synthetic_prototype_dataset
2026-07-27T09:00:00,HV-2026-005,5,35.48,58.51,49.044,81.63,normal,healthy,synthetic_prototype_dataset
2026-07-27T10:00:00,HV-2026-005,5,34.79,58.99,49.085,80.5,normal,healthy,synthetic_prototype_dataset
2026-07-27T11:00:00,HV-2026-005,5,35.35,56.7,49.117,90.68,normal,healthy,synthetic_prototype_dataset
2026-07-27T12:00:00,HV-2026-005,5,36.53,52.28,49.176,85.56,normal,warning,synthetic_prototype_dataset
2026-07-27T13:00:00,HV-2026-005,5,35.44,59.1,49.277,82.31,normal,healthy,synthetic_prototype_dataset
2026-07-27T14:00:00,HV-2026-005,5,35.47,61.65,49.276,87.72,normal,healthy,synthetic_prototype_dataset
2026-07-27T15:00:00,HV-2026-005,5,35.0,61.13,49.359,89.5,normal,healthy,synthetic_prototype_dataset
2026-07-27T16:00:00,HV-2026-005,5,34.95,57.59,49.446,88.29,normal,healthy,synthetic_prototype_dataset
2026-07-27T17:00:00,HV-2026-005,5,34.56,64.12,49.487,93.39,normal,healthy,synthetic_prototype_dataset
2026-07-27T18:00:00,HV-2026-005,5,34.56,64.55,49.528,86.07,normal,healthy,synthetic_prototype_dataset
2026-07-27T19:00:00,HV-2026-005,5,33.88,67.95,49.521,87.38,normal,healthy,synthetic_prototype_dataset
2026-07-27T20:00:00,HV-2026-005,5,33.24,67.96,49.595,91.44,normal,healthy,synthetic_prototype_dataset
2026-07-27T21:00:00,HV-2026-005,5,32.39,70.3,49.605,90.72,normal,healthy,synthetic_prototype_dataset
2026-07-27T22:00:00,HV-2026-005,5,33.09,68.7,49.627,86.58,normal,healthy,synthetic_prototype_dataset
2026-07-27T23:00:00,HV-2026-005,5,33.17,69.35,49.613,89.67,normal,healthy,synthetic_prototype_dataset
2026-07-28T00:00:00,HV-2026-005,5,33.42,72.43,49.615,73.41,normal,healthy,synthetic_prototype_dataset
2026-07-28T01:00:00,HV-2026-005,5,32.65,72.75,49.611,79.09,normal,healthy,synthetic_prototype_dataset
2026-07-28T02:00:00,HV-2026-005,5,33.38,72.67,49.673,77.9,normal,healthy,synthetic_prototype_dataset
2026-07-28T03:00:00,HV-2026-005,5,32.64,70.43,49.703,74.69,normal,healthy,synthetic_prototype_dataset
2026-07-28T04:00:00,HV-2026-005,5,34.18,67.61,49.709,79.93,normal,healthy,synthetic_prototype_dataset
2026-07-28T05:00:00,HV-2026-005,5,33.7,65.15,49.695,73.13,normal,healthy,synthetic_prototype_dataset
2026-07-28T06:00:00,HV-2026-005,5,33.89,65.5,49.684,69.5,normal,warning,synthetic_prototype_dataset
2026-07-28T07:00:00,HV-2026-005,5,34.69,61.43,49.708,82.32,normal,healthy,synthetic_prototype_dataset
2026-07-28T08:00:00,HV-2026-005,5,34.9,63.6,49.736,83.15,normal,healthy,synthetic_prototype_dataset
2026-07-28T09:00:00,HV-2026-005,5,34.89,59.63,49.737,78.51,normal,healthy,synthetic_prototype_dataset
2026-07-28T10:00:00,HV-2026-005,5,35.24,55.93,49.78,81.94,normal,healthy,synthetic_prototype_dataset
2026-07-28T11:00:00,HV-2026-005,5,35.58,55.26,49.845,90.46,normal,healthy,synthetic_prototype_dataset
2026-07-28T12:00:00,HV-2026-005,5,36.19,60.81,49.889,83.37,normal,warning,synthetic_prototype_dataset
2026-07-28T13:00:00,HV-2026-005,5,35.69,57.19,49.871,89.97,normal,healthy,synthetic_prototype_dataset
2026-07-28T14:00:00,HV-2026-005,5,35.24,55.68,49.896,87.38,normal,healthy,synthetic_prototype_dataset
2026-07-28T15:00:00,HV-2026-005,5,35.14,59.48,49.984,84.42,normal,healthy,synthetic_prototype_dataset
2026-07-28T16:00:00,HV-2026-005,5,34.8,59.3,50.066,87.56,normal,healthy,synthetic_prototype_dataset
2026-07-28T17:00:00,HV-2026-005,5,34.4,64.46,50.147,95.03,normal,healthy,synthetic_prototype_dataset
2026-07-28T18:00:00,HV-2026-005,5,33.48,65.25,50.186,89.82,normal,healthy,synthetic_prototype_dataset
2026-07-28T19:00:00,HV-2026-005,5,33.91,68.51,50.247,93.02,normal,healthy,synthetic_prototype_dataset
2026-07-28T20:00:00,HV-2026-005,5,33.66,71.97,50.258,83.87,normal,healthy,synthetic_prototype_dataset
2026-07-28T21:00:00,HV-2026-005,5,33.18,69.44,50.329,87.15,normal,healthy,synthetic_prototype_dataset
2026-07-28T22:00:00,HV-2026-005,5,33.31,67.79,50.391,88.36,normal,healthy,synthetic_prototype_dataset
2026-07-28T23:00:00,HV-2026-005,5,32.83,74.98,50.454,83.47,normal,healthy,synthetic_prototype_dataset
2026-07-29T00:00:00,HV-2026-005,5,32.8,76.51,50.548,78.17,normal,warning,synthetic_prototype_dataset
2026-07-29T01:00:00,HV-2026-005,5,32.06,73.74,50.551,80.63,normal,healthy,synthetic_prototype_dataset
2026-07-29T02:00:00,HV-2026-005,5,32.69,71.53,50.553,74.73,normal,healthy,synthetic_prototype_dataset
2026-07-29T03:00:00,HV-2026-005,5,33.51,67.16,50.662,72.4,normal,healthy,synthetic_prototype_dataset
2026-07-29T04:00:00,HV-2026-005,5,33.01,69.21,50.732,74.87,normal,healthy,synthetic_prototype_dataset
2026-07-29T05:00:00,HV-2026-005,5,33.33,64.74,50.721,77.08,normal,healthy,synthetic_prototype_dataset
2026-07-29T06:00:00,HV-2026-005,5,34.11,65.35,50.758,78.89,normal,healthy,synthetic_prototype_dataset
2026-07-29T07:00:00,HV-2026-005,5,34.3,61.44,50.789,77.63,normal,healthy,synthetic_prototype_dataset
2026-07-29T08:00:00,HV-2026-005,5,34.91,59.8,50.841,75.5,normal,healthy,synthetic_prototype_dataset
2026-07-29T09:00:00,HV-2026-005,5,34.87,61.67,50.835,85.03,normal,healthy,synthetic_prototype_dataset
2026-07-29T10:00:00,HV-2026-005,5,34.64,55.67,50.821,83.41,normal,healthy,synthetic_prototype_dataset
2026-07-29T11:00:00,HV-2026-005,5,35.73,60.15,50.904,87.54,normal,healthy,synthetic_prototype_dataset
2026-07-29T12:00:00,HV-2026-005,5,35.07,56.07,50.974,90.87,normal,healthy,synthetic_prototype_dataset
2026-07-29T13:00:00,HV-2026-005,5,34.94,60.15,50.95,88.47,normal,healthy,synthetic_prototype_dataset
2026-07-29T14:00:00,HV-2026-005,5,35.22,58.15,50.993,85.14,normal,healthy,synthetic_prototype_dataset
2026-07-29T15:00:00,HV-2026-005,5,35.27,59.74,51.066,94.5,normal,healthy,synthetic_prototype_dataset
2026-07-29T16:00:00,HV-2026-005,5,34.85,59.61,51.064,95.47,normal,healthy,synthetic_prototype_dataset
2026-07-29T17:00:00,HV-2026-005,5,35.19,64.37,51.1,92.73,normal,healthy,synthetic_prototype_dataset
2026-07-29T18:00:00,HV-2026-005,5,34.73,63.47,51.131,86.13,normal,healthy,synthetic_prototype_dataset
2026-07-29T19:00:00,HV-2026-005,5,33.75,69.18,51.194,90.35,normal,healthy,synthetic_prototype_dataset
2026-07-29T20:00:00,HV-2026-005,5,32.28,66.9,51.223,88.77,normal,healthy,synthetic_prototype_dataset
2026-07-29T21:00:00,HV-2026-005,5,33.24,69.97,51.229,88.91,normal,healthy,synthetic_prototype_dataset
2026-07-29T22:00:00,HV-2026-005,5,32.95,69.38,51.318,86.46,normal,healthy,synthetic_prototype_dataset
2026-07-29T23:00:00,HV-2026-005,5,31.88,74.56,51.314,90.26,normal,healthy,synthetic_prototype_dataset
2026-07-30T00:00:00,HV-2026-005,5,32.47,72.82,51.337,79.5,normal,healthy,synthetic_prototype_dataset
2026-07-30T01:00:00,HV-2026-005,5,32.72,70.37,51.371,74.66,normal,healthy,synthetic_prototype_dataset
2026-07-30T02:00:00,HV-2026-005,5,32.08,69.77,51.497,69.63,normal,warning,synthetic_prototype_dataset
2026-07-30T03:00:00,HV-2026-005,5,33.26,69.3,51.586,72.11,normal,healthy,synthetic_prototype_dataset
2026-07-30T04:00:00,HV-2026-005,5,33.47,69.53,51.605,73.31,normal,healthy,synthetic_prototype_dataset
2026-07-30T05:00:00,HV-2026-005,5,33.73,66.05,51.619,79.26,normal,healthy,synthetic_prototype_dataset
2026-07-30T06:00:00,HV-2026-005,5,34.25,65.78,51.655,79.36,normal,healthy,synthetic_prototype_dataset
2026-07-30T07:00:00,HV-2026-005,5,35.0,62.46,51.709,73.29,normal,healthy,synthetic_prototype_dataset
2026-07-30T08:00:00,HV-2026-005,5,33.71,64.58,51.727,80.51,normal,healthy,synthetic_prototype_dataset
2026-07-30T09:00:00,HV-2026-005,5,34.44,57.55,51.736,83.61,normal,healthy,synthetic_prototype_dataset
2026-07-30T10:00:00,HV-2026-005,5,34.97,58.12,51.748,87.08,normal,healthy,synthetic_prototype_dataset
2026-07-30T11:00:00,HV-2026-005,5,35.72,57.16,51.812,83.66,normal,healthy,synthetic_prototype_dataset
2026-07-30T12:00:00,HV-2026-005,5,35.22,57.7,51.877,82.78,normal,healthy,synthetic_prototype_dataset
2026-07-30T13:00:00,HV-2026-005,5,35.55,62.53,51.926,87.23,normal,healthy,synthetic_prototype_dataset
2026-07-30T14:00:00,HV-2026-005,5,35.16,59.59,51.912,94.08,normal,healthy,synthetic_prototype_dataset
2026-07-30T15:00:00,HV-2026-005,5,35.43,58.68,51.954,86.98,normal,healthy,synthetic_prototype_dataset
2026-07-30T16:00:00,HV-2026-005,5,34.86,61.4,52.0,85.92,normal,healthy,synthetic_prototype_dataset
2026-07-30T17:00:00,HV-2026-005,5,34.19,65.04,52.015,80.63,normal,healthy,synthetic_prototype_dataset
2026-07-30T18:00:00,HV-2026-005,5,34.01,69.13,52.075,87.96,normal,healthy,synthetic_prototype_dataset
2026-07-30T19:00:00,HV-2026-005,5,33.71,67.83,52.038,86.88,normal,healthy,synthetic_prototype_dataset
2026-07-30T20:00:00,HV-2026-005,5,33.6,71.16,52.048,95.01,normal,healthy,synthetic_prototype_dataset
2026-07-30T21:00:00,HV-2026-005,5,32.81,63.65,52.099,90.83,normal,healthy,synthetic_prototype_dataset
2026-07-30T22:00:00,HV-2026-005,5,33.28,72.11,52.13,87.22,normal,healthy,synthetic_prototype_dataset
2026-07-30T23:00:00,HV-2026-005,5,32.72,70.72,52.141,80.77,normal,healthy,synthetic_prototype_dataset
2026-07-31T00:00:00,HV-2026-005,5,32.15,71.71,52.088,68.97,normal,warning,synthetic_prototype_dataset
2026-07-31T01:00:00,HV-2026-005,5,32.59,71.53,52.102,67.67,normal,warning,synthetic_prototype_dataset
2026-07-31T02:00:00,HV-2026-005,5,33.57,68.48,52.098,71.58,normal,healthy,synthetic_prototype_dataset
2026-07-31T03:00:00,HV-2026-005,5,33.67,70.71,52.107,74.1,normal,healthy,synthetic_prototype_dataset
2026-07-31T04:00:00,HV-2026-005,5,33.43,66.26,52.145,74.08,normal,healthy,synthetic_prototype_dataset
2026-07-31T05:00:00,HV-2026-005,5,33.9,67.69,52.149,68.82,normal,warning,synthetic_prototype_dataset
2026-07-31T06:00:00,HV-2026-005,5,33.89,62.39,52.177,75.1,normal,healthy,synthetic_prototype_dataset
2026-07-31T07:00:00,HV-2026-005,5,34.07,60.86,52.244,76.24,normal,healthy,synthetic_prototype_dataset
2026-07-31T08:00:00,HV-2026-005,5,35.71,61.56,52.286,79.76,normal,healthy,synthetic_prototype_dataset
2026-07-31T09:00:00,HV-2026-005,5,35.07,62.02,52.358,75.17,normal,healthy,synthetic_prototype_dataset
2026-07-31T10:00:00,HV-2026-005,5,35.51,59.83,52.397,88.99,normal,healthy,synthetic_prototype_dataset
2026-07-31T11:00:00,HV-2026-005,5,36.04,59.87,52.419,80.04,normal,warning,synthetic_prototype_dataset
2026-07-31T12:00:00,HV-2026-005,5,35.64,60.45,52.39,89.7,normal,healthy,synthetic_prototype_dataset
2026-07-31T13:00:00,HV-2026-005,5,35.14,54.98,52.45,90.29,normal,healthy,synthetic_prototype_dataset
2026-07-31T14:00:00,HV-2026-005,5,34.97,57.03,52.552,85.78,normal,healthy,synthetic_prototype_dataset
2026-07-31T15:00:00,HV-2026-005,5,35.44,57.33,52.607,90.29,normal,healthy,synthetic_prototype_dataset
2026-07-31T16:00:00,HV-2026-005,5,35.04,64.19,52.616,91.35,normal,healthy,synthetic_prototype_dataset
2026-07-31T17:00:00,HV-2026-005,5,33.72,60.71,52.63,91.31,normal,healthy,synthetic_prototype_dataset
2026-07-31T18:00:00,HV-2026-005,5,34.75,68.35,52.647,91.07,normal,healthy,synthetic_prototype_dataset
2026-07-31T19:00:00,HV-2026-005,5,34.09,68.19,52.666,90.15,normal,healthy,synthetic_prototype_dataset
2026-07-31T20:00:00,HV-2026-005,5,33.3,68.12,52.679,89.1,normal,healthy,synthetic_prototype_dataset
2026-07-31T21:00:00,HV-2026-005,5,32.9,67.91,52.735,90.74,normal,healthy,synthetic_prototype_dataset
2026-07-31T22:00:00,HV-2026-005,5,33.72,71.73,52.745,85.93,normal,healthy,synthetic_prototype_dataset
2026-07-31T23:00:00,HV-2026-005,5,32.77,72.76,52.762,81.96,normal,healthy,synthetic_prototype_dataset
2026-08-01T00:00:00,HV-2026-005,5,32.29,72.24,52.812,70.8,normal,healthy,synthetic_prototype_dataset
2026-08-01T01:00:00,HV-2026-005,5,32.79,72.37,52.822,73.95,normal,healthy,synthetic_prototype_dataset
2026-08-01T02:00:00,HV-2026-005,5,32.47,71.52,52.886,80.19,normal,healthy,synthetic_prototype_dataset
2026-08-01T03:00:00,HV-2026-005,5,32.5,69.82,52.834,76.38,normal,healthy,synthetic_prototype_dataset
2026-08-01T04:00:00,HV-2026-005,5,33.55,71.54,52.797,72.19,normal,healthy,synthetic_prototype_dataset
2026-08-01T05:00:00,HV-2026-005,5,33.66,64.11,52.828,78.18,normal,healthy,synthetic_prototype_dataset
2026-08-01T06:00:00,HV-2026-005,5,33.35,65.45,52.81,80.81,normal,healthy,synthetic_prototype_dataset
2026-08-01T07:00:00,HV-2026-005,5,34.36,62.25,52.792,79.19,normal,healthy,synthetic_prototype_dataset
2026-08-01T08:00:00,HV-2026-005,5,35.19,60.32,52.806,76.99,normal,healthy,synthetic_prototype_dataset
2026-08-01T09:00:00,HV-2026-005,5,35.55,56.82,52.885,80.04,normal,healthy,synthetic_prototype_dataset
2026-08-01T10:00:00,HV-2026-005,5,35.02,58.53,52.931,80.45,normal,healthy,synthetic_prototype_dataset
2026-08-01T11:00:00,HV-2026-005,5,35.66,60.43,52.938,86.86,normal,healthy,synthetic_prototype_dataset
2026-08-01T12:00:00,HV-2026-005,5,35.07,58.3,53.033,83.54,normal,healthy,synthetic_prototype_dataset
2026-08-01T13:00:00,HV-2026-005,5,35.6,59.27,53.07,88.39,normal,healthy,synthetic_prototype_dataset
2026-08-01T14:00:00,HV-2026-005,5,35.16,57.06,53.091,84.47,normal,healthy,synthetic_prototype_dataset
2026-08-01T15:00:00,HV-2026-005,5,34.72,62.68,53.152,83.92,normal,healthy,synthetic_prototype_dataset
2026-08-01T16:00:00,HV-2026-005,5,34.45,62.13,53.215,87.25,normal,healthy,synthetic_prototype_dataset
2026-08-01T17:00:00,HV-2026-005,5,33.71,63.3,53.269,90.7,normal,healthy,synthetic_prototype_dataset
2026-08-01T18:00:00,HV-2026-005,5,33.53,68.37,53.296,90.68,normal,healthy,synthetic_prototype_dataset
2026-08-01T19:00:00,HV-2026-005,5,33.29,69.01,53.341,90.98,normal,healthy,synthetic_prototype_dataset
2026-08-01T20:00:00,HV-2026-005,5,32.76,70.68,53.392,93.08,normal,healthy,synthetic_prototype_dataset
2026-08-01T21:00:00,HV-2026-005,5,33.02,70.02,53.411,96.91,normal,healthy,synthetic_prototype_dataset
2026-08-01T22:00:00,HV-2026-005,5,32.56,69.14,53.423,86.26,normal,healthy,synthetic_prototype_dataset
2026-08-01T23:00:00,HV-2026-005,5,33.24,69.53,53.428,87.77,normal,healthy,synthetic_prototype_dataset
2026-08-02T00:00:00,HV-2026-005,5,33.13,73.7,53.51,77.21,normal,healthy,synthetic_prototype_dataset
2026-08-02T01:00:00,HV-2026-005,5,32.51,73.72,53.487,70.02,normal,healthy,synthetic_prototype_dataset
2026-08-02T02:00:00,HV-2026-005,5,33.17,71.86,53.545,73.02,normal,healthy,synthetic_prototype_dataset
2026-08-02T03:00:00,HV-2026-005,5,33.51,71.57,53.569,76.73,normal,healthy,synthetic_prototype_dataset
2026-08-02T04:00:00,HV-2026-005,5,33.36,67.37,53.581,77.16,normal,healthy,synthetic_prototype_dataset
2026-08-02T05:00:00,HV-2026-005,5,33.33,64.58,53.616,78.93,normal,healthy,synthetic_prototype_dataset
2026-08-02T06:00:00,HV-2026-005,5,34.34,66.37,53.67,79.46,normal,healthy,synthetic_prototype_dataset
2026-08-02T07:00:00,HV-2026-005,5,34.23,59.79,53.735,74.7,normal,healthy,synthetic_prototype_dataset
2026-08-02T08:00:00,HV-2026-005,5,34.0,59.93,53.852,81.17,normal,healthy,synthetic_prototype_dataset
2026-08-02T09:00:00,HV-2026-005,5,34.3,59.24,53.886,83.26,normal,healthy,synthetic_prototype_dataset
2026-08-02T10:00:00,HV-2026-005,5,35.11,57.68,53.935,80.86,normal,healthy,synthetic_prototype_dataset
2026-08-02T11:00:00,HV-2026-005,5,35.58,58.76,53.949,86.93,normal,healthy,synthetic_prototype_dataset
2026-08-02T12:00:00,HV-2026-005,5,35.33,57.56,54.017,88.1,normal,healthy,synthetic_prototype_dataset
2026-08-02T13:00:00,HV-2026-005,5,35.65,59.93,54.052,81.19,normal,healthy,synthetic_prototype_dataset
2026-08-02T14:00:00,HV-2026-005,5,35.06,59.97,54.097,77.59,normal,healthy,synthetic_prototype_dataset
2026-08-02T15:00:00,HV-2026-005,5,35.08,58.82,54.161,94.89,normal,healthy,synthetic_prototype_dataset
2026-08-02T16:00:00,HV-2026-005,5,34.39,62.71,54.2,91.36,normal,healthy,synthetic_prototype_dataset
2026-08-02T17:00:00,HV-2026-005,5,34.24,62.67,54.202,95.45,normal,healthy,synthetic_prototype_dataset
2026-08-02T18:00:00,HV-2026-005,5,34.05,66.91,54.246,93.42,normal,healthy,synthetic_prototype_dataset
2026-08-02T19:00:00,HV-2026-005,5,33.11,67.38,54.289,94.4,normal,healthy,synthetic_prototype_dataset
2026-08-02T20:00:00,HV-2026-005,5,34.41,69.65,54.291,85.34,normal,healthy,synthetic_prototype_dataset
2026-08-02T21:00:00,HV-2026-005,5,32.53,68.97,54.214,86.57,normal,healthy,synthetic_prototype_dataset
2026-08-02T22:00:00,HV-2026-005,5,33.05,71.61,54.23,82.45,normal,healthy,synthetic_prototype_dataset
2026-08-02T23:00:00,HV-2026-005,5,33.07,73.1,54.254,79.4,normal,healthy,synthetic_prototype_dataset
2026-08-03T00:00:00,HV-2026-005,5,32.26,73.4,54.278,76.67,normal,healthy,synthetic_prototype_dataset
2026-08-03T01:00:00,HV-2026-005,5,32.84,72.66,54.326,73.05,normal,healthy,synthetic_prototype_dataset
2026-08-03T02:00:00,HV-2026-005,5,32.11,72.54,54.375,77.82,normal,healthy,synthetic_prototype_dataset
2026-08-03T03:00:00,HV-2026-005,5,32.92,69.98,54.407,77.33,normal,healthy,synthetic_prototype_dataset
2026-08-03T04:00:00,HV-2026-005,5,33.33,73.81,54.4,87.29,normal,healthy,synthetic_prototype_dataset
2026-08-03T05:00:00,HV-2026-005,5,32.88,68.12,54.383,77.07,normal,healthy,synthetic_prototype_dataset
2026-08-03T06:00:00,HV-2026-005,5,34.23,65.68,54.442,74.52,normal,healthy,synthetic_prototype_dataset
2026-08-03T07:00:00,HV-2026-005,5,33.2,64.93,54.469,76.15,normal,healthy,synthetic_prototype_dataset
2026-08-03T08:00:00,HV-2026-005,5,34.25,62.85,54.47,80.94,normal,healthy,synthetic_prototype_dataset
2026-08-03T09:00:00,HV-2026-005,5,35.24,64.38,54.553,81.92,normal,healthy,synthetic_prototype_dataset
2026-08-03T10:00:00,HV-2026-005,5,35.03,58.84,54.574,86.05,normal,healthy,synthetic_prototype_dataset
2026-08-03T11:00:00,HV-2026-005,5,34.9,59.52,54.581,89.32,normal,healthy,synthetic_prototype_dataset
2026-08-03T12:00:00,HV-2026-005,5,34.94,60.58,54.599,83.25,normal,healthy,synthetic_prototype_dataset
2026-08-03T13:00:00,HV-2026-005,5,35.64,57.73,54.587,83.47,normal,healthy,synthetic_prototype_dataset
2026-08-03T14:00:00,HV-2026-005,5,35.3,60.92,54.603,85.91,normal,healthy,synthetic_prototype_dataset
2026-08-03T15:00:00,HV-2026-005,5,35.01,63.04,54.641,90.87,normal,healthy,synthetic_prototype_dataset
2026-08-03T16:00:00,HV-2026-005,5,34.83,65.99,54.638,87.18,normal,healthy,synthetic_prototype_dataset
2026-08-03T17:00:00,HV-2026-005,5,33.89,65.3,54.663,90.97,normal,healthy,synthetic_prototype_dataset
2026-08-03T18:00:00,HV-2026-005,5,33.84,65.62,54.697,93.6,normal,healthy,synthetic_prototype_dataset
2026-08-03T19:00:00,HV-2026-005,5,33.01,67.16,54.679,90.67,normal,healthy,synthetic_prototype_dataset
2026-08-03T20:00:00,HV-2026-005,5,33.05,71.04,54.704,87.97,normal,healthy,synthetic_prototype_dataset
2026-08-03T21:00:00,HV-2026-005,5,32.75,73.67,54.674,86.74,normal,healthy,synthetic_prototype_dataset
2026-08-03T22:00:00,HV-2026-005,5,32.67,70.53,54.716,87.93,normal,healthy,synthetic_prototype_dataset
2026-08-03T23:00:00,HV-2026-005,5,32.64,72.59,54.738,82.59,normal,healthy,synthetic_prototype_dataset
2026-08-04T00:00:00,HV-2026-005,5,32.49,69.64,54.739,77.71,normal,healthy,synthetic_prototype_dataset
2026-08-04T01:00:00,HV-2026-005,5,32.99,76.8,54.749,71.71,normal,warning,synthetic_prototype_dataset
2026-08-04T02:00:00,HV-2026-005,5,32.82,75.24,54.828,72.21,normal,warning,synthetic_prototype_dataset
2026-08-04T03:00:00,HV-2026-005,5,32.73,72.29,54.885,78.07,normal,healthy,synthetic_prototype_dataset
2026-08-04T04:00:00,HV-2026-005,5,32.86,70.36,54.943,72.74,normal,healthy,synthetic_prototype_dataset
2026-08-04T05:00:00,HV-2026-005,5,33.98,69.41,54.942,79.24,normal,healthy,synthetic_prototype_dataset
2026-08-04T06:00:00,HV-2026-005,5,34.08,67.35,55.022,75.96,normal,healthy,synthetic_prototype_dataset
2026-08-04T07:00:00,HV-2026-005,5,34.2,59.25,55.086,81.4,normal,healthy,synthetic_prototype_dataset
2026-08-04T08:00:00,HV-2026-005,5,34.98,60.63,55.149,83.19,normal,healthy,synthetic_prototype_dataset
2026-08-04T09:00:00,HV-2026-005,5,34.34,62.76,55.199,75.41,normal,healthy,synthetic_prototype_dataset
2026-08-04T10:00:00,HV-2026-005,5,35.1,58.37,55.178,84.28,normal,healthy,synthetic_prototype_dataset
2026-08-04T11:00:00,HV-2026-005,5,34.94,61.58,55.225,87.25,normal,healthy,synthetic_prototype_dataset
2026-08-04T12:00:00,HV-2026-005,5,35.24,60.65,55.237,86.59,normal,healthy,synthetic_prototype_dataset
2026-08-04T13:00:00,HV-2026-005,5,34.91,60.23,55.289,84.96,normal,healthy,synthetic_prototype_dataset
2026-08-04T14:00:00,HV-2026-005,5,34.69,62.72,55.272,90.61,normal,healthy,synthetic_prototype_dataset
2026-08-04T15:00:00,HV-2026-005,5,35.19,61.91,55.381,92.22,normal,healthy,synthetic_prototype_dataset
2026-08-04T16:00:00,HV-2026-005,5,34.54,61.47,55.433,91.91,normal,healthy,synthetic_prototype_dataset
2026-08-04T17:00:00,HV-2026-005,5,34.05,62.66,55.425,90.53,normal,healthy,synthetic_prototype_dataset
2026-08-04T18:00:00,HV-2026-005,5,33.05,64.96,55.37,92.92,normal,healthy,synthetic_prototype_dataset
2026-08-04T19:00:00,HV-2026-005,5,33.9,67.77,55.459,94.6,normal,healthy,synthetic_prototype_dataset
2026-08-04T20:00:00,HV-2026-005,5,33.28,69.11,55.471,91.49,normal,healthy,synthetic_prototype_dataset
2026-08-04T21:00:00,HV-2026-005,5,32.73,71.75,55.518,88.13,normal,healthy,synthetic_prototype_dataset
2026-08-04T22:00:00,HV-2026-005,5,33.08,71.46,55.544,84.7,normal,healthy,synthetic_prototype_dataset
2026-08-04T23:00:00,HV-2026-005,5,32.34,76.46,55.537,87.62,normal,warning,synthetic_prototype_dataset
2026-08-05T00:00:00,HV-2026-005,5,32.15,69.01,55.582,74.05,normal,healthy,synthetic_prototype_dataset
2026-08-05T01:00:00,HV-2026-005,5,32.54,74.54,55.615,77.15,normal,healthy,synthetic_prototype_dataset
2026-08-05T02:00:00,HV-2026-005,5,32.13,73.33,55.634,69.01,normal,warning,synthetic_prototype_dataset
2026-08-05T03:00:00,HV-2026-005,5,33.1,72.99,55.71,83.6,normal,healthy,synthetic_prototype_dataset
2026-08-05T04:00:00,HV-2026-005,5,33.35,70.43,55.774,72.9,normal,healthy,synthetic_prototype_dataset
2026-08-05T05:00:00,HV-2026-005,5,32.56,66.95,55.843,73.69,normal,healthy,synthetic_prototype_dataset
2026-08-05T06:00:00,HV-2026-005,5,33.86,67.03,55.877,71.53,normal,healthy,synthetic_prototype_dataset
2026-08-05T07:00:00,HV-2026-005,5,34.14,63.43,55.962,81.81,normal,healthy,synthetic_prototype_dataset
2026-08-05T08:00:00,HV-2026-005,5,34.13,65.68,56.003,73.77,normal,healthy,synthetic_prototype_dataset
2026-08-05T09:00:00,HV-2026-005,5,34.53,63.99,56.009,81.12,normal,healthy,synthetic_prototype_dataset
2026-08-05T10:00:00,HV-2026-005,5,34.16,57.78,56.017,78.7,normal,healthy,synthetic_prototype_dataset
2026-08-05T11:00:00,HV-2026-005,5,34.63,62.37,56.056,87.27,normal,healthy,synthetic_prototype_dataset
2026-08-05T12:00:00,HV-2026-005,5,35.44,57.0,56.07,88.58,normal,healthy,synthetic_prototype_dataset
2026-08-05T13:00:00,HV-2026-005,5,34.62,60.5,56.171,82.01,normal,healthy,synthetic_prototype_dataset
2026-08-05T14:00:00,HV-2026-005,5,34.62,59.58,56.195,86.0,normal,healthy,synthetic_prototype_dataset
2026-08-05T15:00:00,HV-2026-005,5,34.35,61.02,56.242,92.27,normal,healthy,synthetic_prototype_dataset
2026-08-05T16:00:00,HV-2026-005,5,34.29,64.51,56.259,85.32,normal,healthy,synthetic_prototype_dataset
2026-08-05T17:00:00,HV-2026-005,5,33.85,65.02,56.323,94.99,normal,healthy,synthetic_prototype_dataset
2026-08-05T18:00:00,HV-2026-005,5,33.78,67.36,56.4,87.27,normal,healthy,synthetic_prototype_dataset
2026-08-05T19:00:00,HV-2026-005,5,33.22,72.8,56.455,91.67,normal,healthy,synthetic_prototype_dataset
2026-08-05T20:00:00,HV-2026-005,5,33.4,67.1,56.458,85.98,normal,healthy,synthetic_prototype_dataset
2026-08-05T21:00:00,HV-2026-005,5,32.92,70.29,56.486,87.85,normal,healthy,synthetic_prototype_dataset
2026-08-05T22:00:00,HV-2026-005,5,31.79,73.66,56.449,85.58,normal,healthy,synthetic_prototype_dataset
2026-08-05T23:00:00,HV-2026-005,5,31.8,71.18,56.481,91.43,normal,healthy,synthetic_prototype_dataset
2026-08-06T00:00:00,HV-2026-005,5,31.59,72.17,56.445,73.88,normal,healthy,synthetic_prototype_dataset
2026-08-06T01:00:00,HV-2026-005,5,32.37,74.32,56.396,77.93,normal,healthy,synthetic_prototype_dataset
2026-08-06T02:00:00,HV-2026-005,5,32.03,70.05,56.423,78.2,normal,healthy,synthetic_prototype_dataset
2026-08-06T03:00:00,HV-2026-005,5,32.62,69.16,56.445,73.46,normal,healthy,synthetic_prototype_dataset
2026-08-06T04:00:00,HV-2026-005,5,33.21,71.61,56.505,75.93,normal,healthy,synthetic_prototype_dataset
2026-08-06T05:00:00,HV-2026-005,5,33.76,66.15,56.593,72.41,normal,healthy,synthetic_prototype_dataset
2026-08-06T06:00:00,HV-2026-005,5,32.67,68.63,56.593,76.41,normal,healthy,synthetic_prototype_dataset
2026-08-06T07:00:00,HV-2026-005,5,33.46,68.62,56.682,83.24,normal,healthy,synthetic_prototype_dataset
2026-08-06T08:00:00,HV-2026-005,5,34.28,64.44,56.709,83.55,normal,healthy,synthetic_prototype_dataset
2026-08-06T09:00:00,HV-2026-005,5,34.32,64.08,56.727,80.14,normal,healthy,synthetic_prototype_dataset
2026-08-06T10:00:00,HV-2026-005,5,34.5,60.46,56.751,84.71,normal,healthy,synthetic_prototype_dataset
2026-08-06T11:00:00,HV-2026-005,5,34.63,60.84,56.845,84.79,normal,healthy,synthetic_prototype_dataset
2026-08-06T12:00:00,HV-2026-005,5,35.89,61.21,56.962,85.69,normal,healthy,synthetic_prototype_dataset
2026-08-06T13:00:00,HV-2026-005,5,34.1,58.14,56.984,83.77,normal,healthy,synthetic_prototype_dataset
2026-08-06T14:00:00,HV-2026-005,5,33.73,61.96,56.962,91.38,normal,healthy,synthetic_prototype_dataset
2026-08-06T15:00:00,HV-2026-005,5,35.49,59.82,57.016,87.54,normal,healthy,synthetic_prototype_dataset
2026-08-06T16:00:00,HV-2026-005,5,34.61,60.53,57.049,93.45,normal,healthy,synthetic_prototype_dataset
2026-08-06T17:00:00,HV-2026-005,5,33.9,61.43,57.126,85.34,normal,healthy,synthetic_prototype_dataset
2026-08-06T18:00:00,HV-2026-005,5,33.62,67.22,57.16,98.0,normal,healthy,synthetic_prototype_dataset
2026-08-06T19:00:00,HV-2026-005,5,33.58,67.62,57.206,90.62,normal,healthy,synthetic_prototype_dataset
2026-08-06T20:00:00,HV-2026-005,5,32.96,70.11,57.216,90.27,normal,healthy,synthetic_prototype_dataset
2026-08-06T21:00:00,HV-2026-005,5,32.44,67.71,57.281,86.96,normal,healthy,synthetic_prototype_dataset
2026-08-06T22:00:00,HV-2026-005,5,32.53,70.87,57.28,84.49,normal,healthy,synthetic_prototype_dataset
2026-08-06T23:00:00,HV-2026-005,5,32.76,75.08,57.306,85.17,normal,warning,synthetic_prototype_dataset
2026-08-07T00:00:00,HV-2026-005,5,31.47,74.77,57.308,72.09,normal,healthy,synthetic_prototype_dataset
2026-08-07T01:00:00,HV-2026-005,5,32.29,72.5,57.279,71.17,normal,healthy,synthetic_prototype_dataset
2026-08-07T02:00:00,HV-2026-005,5,32.56,71.22,57.322,76.51,normal,healthy,synthetic_prototype_dataset
2026-08-07T03:00:00,HV-2026-005,5,33.08,69.79,57.355,78.23,normal,healthy,synthetic_prototype_dataset
2026-08-07T04:00:00,HV-2026-005,5,32.6,71.87,57.322,73.08,normal,healthy,synthetic_prototype_dataset
2026-08-07T05:00:00,HV-2026-005,5,32.43,66.83,57.342,78.91,normal,healthy,synthetic_prototype_dataset
2026-08-07T06:00:00,HV-2026-005,5,33.46,65.27,57.313,71.75,normal,healthy,synthetic_prototype_dataset
2026-08-07T07:00:00,HV-2026-005,5,34.01,66.11,57.323,82.07,normal,healthy,synthetic_prototype_dataset
2026-08-07T08:00:00,HV-2026-005,5,33.75,62.14,57.342,84.98,normal,healthy,synthetic_prototype_dataset
2026-08-07T09:00:00,HV-2026-005,5,34.51,58.15,57.409,87.82,normal,healthy,synthetic_prototype_dataset
2026-08-07T10:00:00,HV-2026-005,5,34.55,58.66,57.477,89.87,normal,healthy,synthetic_prototype_dataset
2026-08-07T11:00:00,HV-2026-005,5,35.17,56.66,57.544,85.94,normal,healthy,synthetic_prototype_dataset
2026-08-07T12:00:00,HV-2026-005,5,34.4,61.66,57.602,90.5,normal,healthy,synthetic_prototype_dataset
2026-08-07T13:00:00,HV-2026-005,5,34.31,60.29,57.613,87.97,normal,healthy,synthetic_prototype_dataset
2026-08-07T14:00:00,HV-2026-005,5,35.32,57.71,57.608,91.47,normal,healthy,synthetic_prototype_dataset
2026-08-07T15:00:00,HV-2026-005,5,34.44,63.5,57.62,89.11,normal,healthy,synthetic_prototype_dataset
2026-08-07T16:00:00,HV-2026-005,5,34.49,63.22,57.595,98.0,normal,healthy,synthetic_prototype_dataset
2026-08-07T17:00:00,HV-2026-005,5,33.96,62.11,57.64,91.38,normal,healthy,synthetic_prototype_dataset
2026-08-07T18:00:00,HV-2026-005,5,33.98,68.01,57.663,83.97,normal,healthy,synthetic_prototype_dataset
2026-08-07T19:00:00,HV-2026-005,5,33.4,65.19,57.73,87.32,normal,healthy,synthetic_prototype_dataset
2026-08-07T20:00:00,HV-2026-005,5,33.17,68.66,57.738,86.72,normal,healthy,synthetic_prototype_dataset
2026-08-07T21:00:00,HV-2026-005,5,32.93,70.17,57.79,86.85,normal,healthy,synthetic_prototype_dataset
2026-08-07T22:00:00,HV-2026-005,5,32.3,72.46,57.82,84.89,normal,healthy,synthetic_prototype_dataset
2026-08-07T23:00:00,HV-2026-005,5,32.59,72.61,57.864,87.05,normal,healthy,synthetic_prototype_dataset
2026-08-08T00:00:00,HV-2026-005,5,32.44,72.75,57.862,77.49,normal,healthy,synthetic_prototype_dataset
2026-08-08T01:00:00,HV-2026-005,5,32.0,75.87,57.889,70.58,normal,warning,synthetic_prototype_dataset
2026-08-08T02:00:00,HV-2026-005,5,32.09,70.75,57.951,78.71,normal,healthy,synthetic_prototype_dataset
2026-08-08T03:00:00,HV-2026-005,5,32.53,71.96,57.973,79.01,normal,healthy,synthetic_prototype_dataset
2026-08-08T04:00:00,HV-2026-005,5,33.06,71.25,57.992,73.79,normal,healthy,synthetic_prototype_dataset
2026-08-08T05:00:00,HV-2026-005,5,33.44,71.09,58.055,81.54,normal,healthy,synthetic_prototype_dataset
2026-08-08T06:00:00,HV-2026-005,5,33.55,64.74,58.05,80.83,normal,healthy,synthetic_prototype_dataset
2026-08-08T07:00:00,HV-2026-005,5,32.98,67.38,58.047,84.56,normal,healthy,synthetic_prototype_dataset
2026-08-08T08:00:00,HV-2026-005,5,34.1,64.29,58.16,78.47,normal,healthy,synthetic_prototype_dataset
2026-08-08T09:00:00,HV-2026-005,5,34.24,60.29,58.159,80.2,normal,healthy,synthetic_prototype_dataset
2026-08-08T10:00:00,HV-2026-005,5,34.36,58.17,58.189,84.57,normal,healthy,synthetic_prototype_dataset
2026-08-08T11:00:00,HV-2026-005,5,34.33,59.43,58.279,79.55,normal,healthy,synthetic_prototype_dataset
2026-08-08T12:00:00,HV-2026-005,5,35.65,58.27,58.329,90.38,normal,healthy,synthetic_prototype_dataset
2026-08-08T13:00:00,HV-2026-005,5,35.45,60.57,58.347,84.37,normal,healthy,synthetic_prototype_dataset
2026-08-08T14:00:00,HV-2026-005,5,34.35,63.82,58.376,89.26,normal,healthy,synthetic_prototype_dataset
2026-08-08T15:00:00,HV-2026-005,5,33.93,59.46,58.418,87.8,normal,healthy,synthetic_prototype_dataset
2026-08-08T16:00:00,HV-2026-005,5,34.02,60.32,58.453,94.95,normal,healthy,synthetic_prototype_dataset
2026-08-08T17:00:00,HV-2026-005,5,33.43,66.29,58.366,87.07,normal,healthy,synthetic_prototype_dataset
2026-08-08T18:00:00,HV-2026-005,5,32.62,68.71,58.426,86.38,normal,healthy,synthetic_prototype_dataset
2026-08-08T19:00:00,HV-2026-005,5,33.27,70.46,58.499,88.46,normal,healthy,synthetic_prototype_dataset
2026-08-08T20:00:00,HV-2026-005,5,31.84,68.37,58.55,96.87,normal,healthy,synthetic_prototype_dataset
2026-08-08T21:00:00,HV-2026-005,5,32.54,70.34,58.659,90.35,normal,healthy,synthetic_prototype_dataset
2026-08-08T22:00:00,HV-2026-005,5,31.8,72.33,58.719,87.88,normal,healthy,synthetic_prototype_dataset
2026-08-08T23:00:00,HV-2026-005,5,32.58,70.36,58.694,84.53,normal,healthy,synthetic_prototype_dataset
2026-08-09T00:00:00,HV-2026-005,5,32.01,74.22,58.742,84.63,normal,healthy,synthetic_prototype_dataset
2026-08-09T01:00:00,HV-2026-005,5,31.85,72.81,58.742,79.78,normal,healthy,synthetic_prototype_dataset
2026-08-09T02:00:00,HV-2026-005,5,32.82,71.87,58.839,73.52,normal,healthy,synthetic_prototype_dataset
2026-08-09T03:00:00,HV-2026-005,5,32.98,74.19,58.816,78.02,normal,healthy,synthetic_prototype_dataset
2026-08-09T04:00:00,HV-2026-005,5,31.56,71.6,58.803,77.99,normal,healthy,synthetic_prototype_dataset
2026-08-09T05:00:00,HV-2026-005,5,33.44,70.45,58.859,76.2,normal,healthy,synthetic_prototype_dataset
2026-08-09T06:00:00,HV-2026-005,5,33.26,66.48,58.845,75.26,normal,healthy,synthetic_prototype_dataset
2026-08-09T07:00:00,HV-2026-005,5,33.64,63.39,58.809,73.36,normal,healthy,synthetic_prototype_dataset
2026-08-09T08:00:00,HV-2026-005,5,32.67,62.56,58.851,70.23,normal,healthy,synthetic_prototype_dataset
2026-08-09T09:00:00,HV-2026-005,5,34.46,61.45,58.844,79.85,normal,healthy,synthetic_prototype_dataset
2026-08-09T10:00:00,HV-2026-005,5,35.03,58.8,58.884,84.21,normal,healthy,synthetic_prototype_dataset
2026-08-09T11:00:00,HV-2026-005,5,34.32,61.67,58.939,83.64,normal,healthy,synthetic_prototype_dataset
2026-08-09T12:00:00,HV-2026-005,5,35.8,61.44,58.923,84.54,normal,healthy,synthetic_prototype_dataset
2026-08-09T13:00:00,HV-2026-005,5,35.8,58.09,58.968,91.42,normal,healthy,synthetic_prototype_dataset
2026-08-09T14:00:00,HV-2026-005,5,34.85,61.99,59.036,88.21,normal,healthy,synthetic_prototype_dataset
2026-08-09T15:00:00,HV-2026-005,5,34.0,62.45,59.063,87.25,normal,healthy,synthetic_prototype_dataset
2026-08-09T16:00:00,HV-2026-005,5,34.75,62.43,59.16,90.42,normal,healthy,synthetic_prototype_dataset
2026-08-09T17:00:00,HV-2026-005,5,33.7,61.53,59.268,89.86,normal,healthy,synthetic_prototype_dataset
2026-08-09T18:00:00,HV-2026-005,5,32.41,68.4,59.296,86.74,normal,healthy,synthetic_prototype_dataset
2026-08-09T19:00:00,HV-2026-005,5,33.52,63.84,59.296,88.83,normal,healthy,synthetic_prototype_dataset
2026-08-09T20:00:00,HV-2026-005,5,33.17,74.15,59.313,91.13,normal,healthy,synthetic_prototype_dataset
2026-08-09T21:00:00,HV-2026-005,5,33.75,71.58,59.354,84.6,normal,healthy,synthetic_prototype_dataset
2026-08-09T22:00:00,HV-2026-005,5,33.19,71.4,59.388,88.97,normal,healthy,synthetic_prototype_dataset
2026-08-09T23:00:00,HV-2026-005,5,32.22,72.6,59.422,93.26,normal,healthy,synthetic_prototype_dataset
2026-08-10T00:00:00,HV-2026-005,5,33.12,73.42,59.431,73.17,normal,healthy,synthetic_prototype_dataset
2026-08-10T01:00:00,HV-2026-005,5,33.35,73.73,59.495,78.44,normal,healthy,synthetic_prototype_dataset
2026-08-10T02:00:00,HV-2026-005,5,33.26,72.35,59.481,82.51,normal,healthy,synthetic_prototype_dataset
2026-08-10T03:00:00,HV-2026-005,5,32.88,72.5,59.56,77.8,normal,healthy,synthetic_prototype_dataset
2026-08-10T04:00:00,HV-2026-005,5,33.45,70.68,59.617,77.84,normal,healthy,synthetic_prototype_dataset
2026-08-10T05:00:00,HV-2026-005,5,32.91,68.17,59.628,76.93,normal,healthy,synthetic_prototype_dataset
2026-08-10T06:00:00,HV-2026-005,5,33.19,67.52,59.667,76.72,normal,healthy,synthetic_prototype_dataset
2026-08-10T07:00:00,HV-2026-005,5,33.83,63.9,59.682,71.98,normal,healthy,synthetic_prototype_dataset
2026-08-10T08:00:00,HV-2026-005,5,33.99,61.46,59.715,77.12,normal,healthy,synthetic_prototype_dataset
2026-08-10T09:00:00,HV-2026-005,5,33.39,65.84,59.741,86.42,normal,healthy,synthetic_prototype_dataset
2026-08-10T10:00:00,HV-2026-005,5,34.28,63.73,59.739,83.62,normal,healthy,synthetic_prototype_dataset
2026-08-10T11:00:00,HV-2026-005,5,34.16,64.65,59.77,87.42,normal,healthy,synthetic_prototype_dataset
2026-08-10T12:00:00,HV-2026-005,5,34.9,59.69,59.831,90.66,normal,healthy,synthetic_prototype_dataset
2026-08-10T13:00:00,HV-2026-005,5,34.95,60.26,59.892,93.81,normal,healthy,synthetic_prototype_dataset
2026-08-10T14:00:00,HV-2026-005,5,34.33,57.33,59.896,84.55,normal,healthy,synthetic_prototype_dataset
2026-08-10T15:00:00,HV-2026-005,5,33.92,60.26,59.936,89.8,normal,healthy,synthetic_prototype_dataset
2026-08-10T16:00:00,HV-2026-005,5,34.15,61.92,60.008,91.39,normal,healthy,synthetic_prototype_dataset
2026-08-10T17:00:00,HV-2026-005,5,34.44,66.44,60.03,94.45,normal,healthy,synthetic_prototype_dataset
2026-08-10T18:00:00,HV-2026-005,5,33.52,68.17,60.085,89.56,normal,healthy,synthetic_prototype_dataset
2026-08-10T19:00:00,HV-2026-005,5,33.1,68.31,60.08,82.37,normal,healthy,synthetic_prototype_dataset
2026-08-10T20:00:00,HV-2026-005,5,32.43,70.59,60.143,92.31,normal,healthy,synthetic_prototype_dataset
2026-08-10T21:00:00,HV-2026-005,5,32.35,70.46,60.162,85.52,normal,healthy,synthetic_prototype_dataset
2026-08-10T22:00:00,HV-2026-005,5,31.32,70.01,60.235,94.62,normal,healthy,synthetic_prototype_dataset
2026-08-10T23:00:00,HV-2026-005,5,32.48,73.39,60.211,86.54,normal,healthy,synthetic_prototype_dataset
2026-08-11T00:00:00,HV-2026-005,5,32.34,75.32,60.26,80.01,normal,warning,synthetic_prototype_dataset
2026-08-11T01:00:00,HV-2026-005,5,32.98,72.86,60.384,68.93,normal,warning,synthetic_prototype_dataset
2026-08-11T02:00:00,HV-2026-005,5,31.88,73.25,60.428,75.36,normal,healthy,synthetic_prototype_dataset
2026-08-11T03:00:00,HV-2026-005,5,32.22,75.74,60.434,71.91,normal,warning,synthetic_prototype_dataset
2026-08-11T04:00:00,HV-2026-005,5,33.47,71.86,60.497,76.69,normal,healthy,synthetic_prototype_dataset
2026-08-11T05:00:00,HV-2026-005,5,32.4,68.79,60.469,76.85,normal,healthy,synthetic_prototype_dataset
2026-08-11T06:00:00,HV-2026-005,5,33.65,68.76,60.491,78.62,normal,healthy,synthetic_prototype_dataset
2026-08-11T07:00:00,HV-2026-005,5,33.29,66.76,60.539,75.03,normal,healthy,synthetic_prototype_dataset
2026-08-11T08:00:00,HV-2026-005,5,34.25,65.29,60.572,76.74,normal,healthy,synthetic_prototype_dataset
2026-08-11T09:00:00,HV-2026-005,5,34.36,62.87,60.577,77.83,normal,healthy,synthetic_prototype_dataset
2026-08-11T10:00:00,HV-2026-005,5,34.72,62.25,60.69,85.33,normal,healthy,synthetic_prototype_dataset
2026-08-11T11:00:00,HV-2026-005,5,34.07,63.74,60.767,77.5,normal,healthy,synthetic_prototype_dataset
2026-08-11T12:00:00,HV-2026-005,5,34.2,58.94,60.839,77.57,normal,healthy,synthetic_prototype_dataset
2026-08-11T13:00:00,HV-2026-005,5,34.56,61.47,60.783,89.72,normal,healthy,synthetic_prototype_dataset
2026-08-11T14:00:00,HV-2026-005,5,34.88,59.24,60.785,85.11,normal,healthy,synthetic_prototype_dataset
2026-08-11T15:00:00,HV-2026-005,5,33.08,61.29,60.833,84.67,normal,healthy,synthetic_prototype_dataset
2026-08-11T16:00:00,HV-2026-005,5,34.45,63.51,60.88,88.12,normal,healthy,synthetic_prototype_dataset
2026-08-11T17:00:00,HV-2026-005,5,34.03,67.34,60.9,92.54,normal,healthy,synthetic_prototype_dataset
2026-08-11T18:00:00,HV-2026-005,5,33.71,67.58,60.988,87.46,normal,healthy,synthetic_prototype_dataset
2026-08-11T19:00:00,HV-2026-005,5,32.83,67.24,61.038,88.93,normal,healthy,synthetic_prototype_dataset
2026-08-11T20:00:00,HV-2026-005,5,32.4,73.32,61.127,88.37,normal,healthy,synthetic_prototype_dataset
2026-08-11T21:00:00,HV-2026-005,5,31.83,75.13,61.168,90.32,normal,warning,synthetic_prototype_dataset
2026-08-11T22:00:00,HV-2026-005,5,32.28,71.45,61.179,90.5,normal,healthy,synthetic_prototype_dataset
2026-08-11T23:00:00,HV-2026-005,5,31.9,74.37,61.204,83.41,normal,healthy,synthetic_prototype_dataset
2026-08-12T00:00:00,HV-2026-005,5,32.76,74.97,61.241,77.94,normal,healthy,synthetic_prototype_dataset
2026-08-12T01:00:00,HV-2026-005,5,31.27,72.78,61.212,76.44,normal,healthy,synthetic_prototype_dataset
2026-08-12T02:00:00,HV-2026-005,5,32.36,73.22,61.279,70.76,normal,healthy,synthetic_prototype_dataset
2026-08-12T03:00:00,HV-2026-005,5,32.06,72.6,61.313,71.4,normal,healthy,synthetic_prototype_dataset
2026-08-12T04:00:00,HV-2026-005,5,33.22,73.18,61.353,70.72,normal,healthy,synthetic_prototype_dataset
2026-08-12T05:00:00,HV-2026-005,5,33.07,69.33,61.368,80.72,normal,healthy,synthetic_prototype_dataset
2026-08-12T06:00:00,HV-2026-005,5,33.28,70.69,61.421,76.97,normal,healthy,synthetic_prototype_dataset
2026-08-12T07:00:00,HV-2026-005,5,34.08,67.85,61.477,77.56,normal,healthy,synthetic_prototype_dataset
2026-08-12T08:00:00,HV-2026-005,5,33.69,61.38,61.421,80.23,normal,healthy,synthetic_prototype_dataset
2026-08-12T09:00:00,HV-2026-005,5,34.08,61.35,61.491,80.97,normal,healthy,synthetic_prototype_dataset
2026-08-12T10:00:00,HV-2026-005,5,35.31,59.81,61.495,78.6,normal,healthy,synthetic_prototype_dataset
2026-08-12T11:00:00,HV-2026-005,5,34.92,62.21,61.515,80.8,normal,healthy,synthetic_prototype_dataset
2026-08-12T12:00:00,HV-2026-005,5,35.32,57.29,61.593,83.9,normal,healthy,synthetic_prototype_dataset
2026-08-12T13:00:00,HV-2026-005,5,34.77,62.08,61.652,86.07,normal,healthy,synthetic_prototype_dataset
2026-08-12T14:00:00,HV-2026-005,5,35.09,61.36,61.824,82.16,normal,healthy,synthetic_prototype_dataset
2026-08-12T15:00:00,HV-2026-005,5,33.48,63.74,61.863,91.71,normal,healthy,synthetic_prototype_dataset
2026-08-12T16:00:00,HV-2026-005,5,33.49,63.5,61.917,87.62,normal,healthy,synthetic_prototype_dataset
2026-08-12T17:00:00,HV-2026-005,5,33.78,62.64,61.965,94.94,normal,healthy,synthetic_prototype_dataset
2026-08-12T18:00:00,HV-2026-005,5,32.78,64.57,62.036,85.4,normal,healthy,synthetic_prototype_dataset
2026-08-12T19:00:00,HV-2026-005,5,33.38,68.81,62.046,95.01,normal,healthy,synthetic_prototype_dataset
2026-08-12T20:00:00,HV-2026-005,5,33.1,70.91,61.996,92.02,normal,healthy,synthetic_prototype_dataset
2026-08-12T21:00:00,HV-2026-005,5,31.93,71.45,62.021,95.57,normal,healthy,synthetic_prototype_dataset
2026-08-12T22:00:00,HV-2026-005,5,32.09,70.4,62.098,90.66,normal,healthy,synthetic_prototype_dataset
2026-08-12T23:00:00,HV-2026-005,5,32.42,76.34,62.183,83.05,normal,warning,synthetic_prototype_dataset
2026-08-13T00:00:00,HV-2026-005,5,31.39,75.47,62.199,75.07,normal,warning,synthetic_prototype_dataset
2026-08-13T01:00:00,HV-2026-005,5,31.55,74.77,62.238,75.46,normal,healthy,synthetic_prototype_dataset
2026-08-13T02:00:00,HV-2026-005,5,31.56,75.19,62.272,79.78,normal,warning,synthetic_prototype_dataset
2026-08-13T03:00:00,HV-2026-005,5,31.45,72.01,62.272,76.13,normal,healthy,synthetic_prototype_dataset
2026-08-13T04:00:00,HV-2026-005,5,33.09,71.12,62.297,76.04,normal,healthy,synthetic_prototype_dataset
2026-08-13T05:00:00,HV-2026-005,5,32.28,67.14,62.362,74.23,normal,healthy,synthetic_prototype_dataset
2026-08-13T06:00:00,HV-2026-005,5,33.83,68.44,62.417,77.17,normal,healthy,synthetic_prototype_dataset
2026-08-13T07:00:00,HV-2026-005,5,33.46,64.87,62.465,70.39,normal,healthy,synthetic_prototype_dataset
2026-08-13T08:00:00,HV-2026-005,5,34.52,62.56,62.491,79.35,normal,healthy,synthetic_prototype_dataset
2026-08-13T09:00:00,HV-2026-005,5,34.22,59.64,62.531,83.44,normal,healthy,synthetic_prototype_dataset
2026-08-13T10:00:00,HV-2026-005,5,33.52,58.55,62.6,85.48,normal,healthy,synthetic_prototype_dataset
2026-08-13T11:00:00,HV-2026-005,5,34.71,58.97,62.665,80.31,normal,healthy,synthetic_prototype_dataset
2026-08-13T12:00:00,HV-2026-005,5,34.55,57.6,62.702,82.29,normal,healthy,synthetic_prototype_dataset
2026-08-13T13:00:00,HV-2026-005,5,34.91,60.97,62.725,90.92,normal,healthy,synthetic_prototype_dataset
2026-08-13T14:00:00,HV-2026-005,5,34.01,60.83,62.746,90.72,normal,healthy,synthetic_prototype_dataset
2026-08-13T15:00:00,HV-2026-005,5,34.52,64.35,62.79,78.58,normal,healthy,synthetic_prototype_dataset
2026-08-13T16:00:00,HV-2026-005,5,33.77,66.27,62.816,82.81,normal,healthy,synthetic_prototype_dataset
2026-08-13T17:00:00,HV-2026-005,5,33.85,66.09,62.824,89.02,normal,healthy,synthetic_prototype_dataset
2026-08-13T18:00:00,HV-2026-005,5,32.93,67.9,62.856,85.92,normal,healthy,synthetic_prototype_dataset
2026-08-13T19:00:00,HV-2026-005,5,32.97,67.45,62.932,93.01,normal,healthy,synthetic_prototype_dataset
2026-08-13T20:00:00,HV-2026-005,5,32.61,70.6,62.993,88.92,normal,healthy,synthetic_prototype_dataset
2026-08-13T21:00:00,HV-2026-005,5,32.74,74.57,63.001,94.7,normal,healthy,synthetic_prototype_dataset
2026-08-13T22:00:00,HV-2026-005,5,32.8,73.47,63.01,88.95,normal,healthy,synthetic_prototype_dataset
2026-08-13T23:00:00,HV-2026-005,5,31.95,72.29,63.054,83.52,normal,healthy,synthetic_prototype_dataset
2026-08-14T00:00:00,HV-2026-005,5,31.85,73.4,63.031,78.3,normal,healthy,synthetic_prototype_dataset
2026-08-14T01:00:00,HV-2026-005,5,31.95,76.09,63.047,73.82,normal,warning,synthetic_prototype_dataset
2026-08-14T02:00:00,HV-2026-005,5,31.77,73.12,63.074,78.6,normal,healthy,synthetic_prototype_dataset
2026-08-14T03:00:00,HV-2026-005,5,32.41,75.71,63.115,72.05,normal,warning,synthetic_prototype_dataset
2026-08-14T04:00:00,HV-2026-005,5,32.17,71.45,63.104,78.08,normal,healthy,synthetic_prototype_dataset
2026-08-14T05:00:00,HV-2026-005,5,33.37,70.46,63.099,79.23,normal,healthy,synthetic_prototype_dataset
2026-08-14T06:00:00,HV-2026-005,5,33.45,65.89,63.118,77.65,normal,healthy,synthetic_prototype_dataset
2026-08-14T07:00:00,HV-2026-005,5,33.34,65.72,63.194,81.2,normal,healthy,synthetic_prototype_dataset
2026-08-14T08:00:00,HV-2026-005,5,33.99,63.91,63.205,77.84,normal,healthy,synthetic_prototype_dataset
2026-08-14T09:00:00,HV-2026-005,5,33.53,62.49,63.262,81.11,normal,healthy,synthetic_prototype_dataset
2026-08-14T10:00:00,HV-2026-005,5,34.03,61.05,63.347,86.14,normal,healthy,synthetic_prototype_dataset
2026-08-14T11:00:00,HV-2026-005,5,34.55,63.91,63.482,82.84,normal,healthy,synthetic_prototype_dataset
2026-08-14T12:00:00,HV-2026-005,5,34.49,61.24,63.493,88.87,normal,healthy,synthetic_prototype_dataset
2026-08-14T13:00:00,HV-2026-005,5,34.61,60.9,63.515,84.35,normal,healthy,synthetic_prototype_dataset
2026-08-14T14:00:00,HV-2026-005,5,33.54,63.6,63.591,90.48,normal,healthy,synthetic_prototype_dataset
2026-08-14T15:00:00,HV-2026-005,5,34.38,57.89,63.605,88.04,normal,healthy,synthetic_prototype_dataset
2026-08-14T16:00:00,HV-2026-005,5,33.47,60.44,63.609,89.69,normal,healthy,synthetic_prototype_dataset
2026-08-14T17:00:00,HV-2026-005,5,33.66,66.81,63.715,92.28,normal,healthy,synthetic_prototype_dataset
2026-08-14T18:00:00,HV-2026-005,5,33.22,70.23,63.689,82.72,normal,healthy,synthetic_prototype_dataset
2026-08-14T19:00:00,HV-2026-005,5,32.57,70.26,63.72,85.93,normal,healthy,synthetic_prototype_dataset
2026-08-14T20:00:00,HV-2026-005,5,32.33,68.25,63.702,94.95,normal,healthy,synthetic_prototype_dataset
2026-08-14T21:00:00,HV-2026-005,5,32.32,75.12,63.695,90.57,normal,warning,synthetic_prototype_dataset
2026-08-14T22:00:00,HV-2026-005,5,32.28,74.63,63.729,91.57,normal,healthy,synthetic_prototype_dataset
2026-08-14T23:00:00,HV-2026-005,5,32.3,71.79,63.78,86.75,normal,healthy,synthetic_prototype_dataset
2026-08-15T00:00:00,HV-2026-005,5,31.65,75.25,63.837,74.13,normal,warning,synthetic_prototype_dataset
2026-08-15T01:00:00,HV-2026-005,5,31.89,71.26,63.799,75.15,normal,healthy,synthetic_prototype_dataset
2026-08-15T02:00:00,HV-2026-005,5,32.53,72.03,63.874,75.28,normal,healthy,synthetic_prototype_dataset
2026-08-15T03:00:00,HV-2026-005,5,32.29,71.43,63.933,72.64,normal,healthy,synthetic_prototype_dataset
2026-08-15T04:00:00,HV-2026-005,5,32.59,69.51,63.939,76.12,normal,healthy,synthetic_prototype_dataset
2026-08-15T05:00:00,HV-2026-005,5,32.91,70.7,63.963,77.94,normal,healthy,synthetic_prototype_dataset
2026-08-15T06:00:00,HV-2026-005,5,33.38,69.53,63.978,74.95,normal,healthy,synthetic_prototype_dataset
2026-08-15T07:00:00,HV-2026-005,5,33.97,64.62,64.02,86.01,normal,healthy,synthetic_prototype_dataset
2026-08-15T08:00:00,HV-2026-005,5,33.51,66.26,64.033,84.31,normal,healthy,synthetic_prototype_dataset
2026-08-15T09:00:00,HV-2026-005,5,34.53,63.13,64.061,80.48,normal,healthy,synthetic_prototype_dataset
2026-08-15T10:00:00,HV-2026-005,5,34.1,60.95,64.093,83.67,normal,healthy,synthetic_prototype_dataset
2026-08-15T11:00:00,HV-2026-005,5,33.92,60.28,64.177,87.83,normal,healthy,synthetic_prototype_dataset
2026-08-15T12:00:00,HV-2026-005,5,34.61,64.61,64.2,85.6,normal,healthy,synthetic_prototype_dataset
2026-08-15T13:00:00,HV-2026-005,5,33.9,59.51,64.305,85.83,normal,healthy,synthetic_prototype_dataset
2026-08-15T14:00:00,HV-2026-005,5,33.74,62.51,64.361,91.03,normal,healthy,synthetic_prototype_dataset
2026-08-15T15:00:00,HV-2026-005,5,34.09,60.24,64.395,90.88,normal,healthy,synthetic_prototype_dataset
2026-08-15T16:00:00,HV-2026-005,5,33.92,64.2,64.414,91.01,normal,healthy,synthetic_prototype_dataset
2026-08-15T17:00:00,HV-2026-005,5,33.64,63.92,64.453,88.53,normal,healthy,synthetic_prototype_dataset
2026-08-15T18:00:00,HV-2026-005,5,33.58,68.57,64.5,84.28,normal,healthy,synthetic_prototype_dataset
2026-08-15T19:00:00,HV-2026-005,5,32.53,67.67,64.498,87.98,normal,healthy,synthetic_prototype_dataset
2026-08-15T20:00:00,HV-2026-005,5,33.07,71.76,64.508,91.59,normal,healthy,synthetic_prototype_dataset
2026-08-15T21:00:00,HV-2026-005,5,32.53,71.89,64.573,86.62,normal,healthy,synthetic_prototype_dataset
2026-08-15T22:00:00,HV-2026-005,5,32.2,71.17,64.563,83.36,normal,healthy,synthetic_prototype_dataset
2026-08-15T23:00:00,HV-2026-005,5,31.6,73.91,64.577,86.16,normal,healthy,synthetic_prototype_dataset
2026-08-16T00:00:00,HV-2026-005,5,31.87,77.18,64.562,70.12,normal,warning,synthetic_prototype_dataset
2026-08-16T01:00:00,HV-2026-005,5,31.67,73.62,64.605,78.17,normal,healthy,synthetic_prototype_dataset
2026-08-16T02:00:00,HV-2026-005,5,32.6,72.86,64.617,81.72,normal,healthy,synthetic_prototype_dataset
2026-08-16T03:00:00,HV-2026-005,5,31.13,72.05,64.657,82.56,normal,healthy,synthetic_prototype_dataset
2026-08-16T04:00:00,HV-2026-005,5,31.91,69.73,64.634,69.71,normal,warning,synthetic_prototype_dataset
2026-08-16T05:00:00,HV-2026-005,5,32.88,70.3,64.701,74.14,normal,healthy,synthetic_prototype_dataset
2026-08-16T06:00:00,HV-2026-005,5,33.6,66.63,64.746,80.04,normal,healthy,synthetic_prototype_dataset
2026-08-16T07:00:00,HV-2026-005,5,33.55,67.12,64.728,80.13,normal,healthy,synthetic_prototype_dataset
2026-08-16T08:00:00,HV-2026-005,5,34.42,65.16,64.717,78.9,normal,healthy,synthetic_prototype_dataset
2026-08-16T09:00:00,HV-2026-005,5,34.36,62.84,64.755,86.36,normal,healthy,synthetic_prototype_dataset
2026-08-16T10:00:00,HV-2026-005,5,33.85,60.49,64.733,85.17,normal,healthy,synthetic_prototype_dataset
2026-08-16T11:00:00,HV-2026-005,5,34.81,66.26,64.81,85.68,normal,healthy,synthetic_prototype_dataset
2026-08-16T12:00:00,HV-2026-005,5,34.72,59.42,64.857,86.87,normal,healthy,synthetic_prototype_dataset
2026-08-16T13:00:00,HV-2026-005,5,33.68,60.58,64.903,93.25,normal,healthy,synthetic_prototype_dataset
2026-08-16T14:00:00,HV-2026-005,5,34.37,59.55,64.955,88.38,normal,healthy,synthetic_prototype_dataset
2026-08-16T15:00:00,HV-2026-005,5,34.16,59.74,64.99,86.91,normal,healthy,synthetic_prototype_dataset
2026-08-16T16:00:00,HV-2026-005,5,33.86,64.81,65.004,88.75,normal,healthy,synthetic_prototype_dataset
2026-08-16T17:00:00,HV-2026-005,5,33.88,64.69,65.13,90.75,normal,healthy,synthetic_prototype_dataset
2026-08-16T18:00:00,HV-2026-005,5,32.74,65.48,65.126,87.11,normal,healthy,synthetic_prototype_dataset
2026-08-16T19:00:00,HV-2026-005,5,33.21,66.81,65.14,93.88,normal,healthy,synthetic_prototype_dataset
2026-08-16T20:00:00,HV-2026-005,5,32.42,71.7,65.106,88.23,normal,healthy,synthetic_prototype_dataset
2026-08-16T21:00:00,HV-2026-005,5,31.99,72.48,65.095,96.18,normal,healthy,synthetic_prototype_dataset
2026-08-16T22:00:00,HV-2026-005,5,31.44,75.1,65.15,89.14,normal,warning,synthetic_prototype_dataset
2026-08-16T23:00:00,HV-2026-005,5,32.07,77.09,65.262,84.92,normal,warning,synthetic_prototype_dataset
2026-08-17T00:00:00,HV-2026-005,5,32.09,72.96,65.246,77.62,normal,healthy,synthetic_prototype_dataset
2026-08-17T01:00:00,HV-2026-005,5,32.17,70.82,65.287,76.99,normal,healthy,synthetic_prototype_dataset
2026-08-17T02:00:00,HV-2026-005,5,31.92,71.82,65.327,81.63,normal,healthy,synthetic_prototype_dataset
2026-08-17T03:00:00,HV-2026-005,5,32.58,73.31,65.323,74.55,normal,healthy,synthetic_prototype_dataset
2026-08-17T04:00:00,HV-2026-005,5,32.94,68.01,65.355,77.73,normal,healthy,synthetic_prototype_dataset
2026-08-17T05:00:00,HV-2026-005,5,32.96,69.34,65.382,73.82,normal,healthy,synthetic_prototype_dataset
2026-08-17T06:00:00,HV-2026-005,5,32.79,66.79,65.453,79.59,normal,healthy,synthetic_prototype_dataset
2026-08-17T07:00:00,HV-2026-005,5,33.5,64.49,65.462,76.29,normal,healthy,synthetic_prototype_dataset
2026-08-17T08:00:00,HV-2026-005,5,34.09,65.36,65.571,76.72,normal,healthy,synthetic_prototype_dataset
2026-08-17T09:00:00,HV-2026-005,5,34.53,62.98,65.593,77.77,normal,healthy,synthetic_prototype_dataset
2026-08-17T10:00:00,HV-2026-005,5,34.57,64.71,65.641,80.24,normal,healthy,synthetic_prototype_dataset
2026-08-17T11:00:00,HV-2026-005,5,34.5,58.14,65.682,86.91,normal,healthy,synthetic_prototype_dataset
2026-08-17T12:00:00,HV-2026-005,5,34.3,54.1,65.734,84.14,normal,healthy,synthetic_prototype_dataset
2026-08-17T13:00:00,HV-2026-005,5,34.23,58.83,65.791,85.68,normal,healthy,synthetic_prototype_dataset
2026-08-17T14:00:00,HV-2026-005,5,34.86,62.61,65.824,86.3,normal,healthy,synthetic_prototype_dataset
2026-08-17T15:00:00,HV-2026-005,5,34.29,61.74,65.803,95.63,normal,healthy,synthetic_prototype_dataset
2026-08-17T16:00:00,HV-2026-005,5,34.29,62.62,65.774,88.89,normal,healthy,synthetic_prototype_dataset
2026-08-17T17:00:00,HV-2026-005,5,33.39,65.04,65.732,88.23,normal,healthy,synthetic_prototype_dataset
2026-08-17T18:00:00,HV-2026-005,5,33.13,66.61,65.753,90.18,normal,healthy,synthetic_prototype_dataset
2026-08-17T19:00:00,HV-2026-005,5,33.66,67.84,65.746,83.83,normal,healthy,synthetic_prototype_dataset
2026-08-17T20:00:00,HV-2026-005,5,32.44,67.93,65.805,89.19,normal,healthy,synthetic_prototype_dataset
2026-08-17T21:00:00,HV-2026-005,5,32.82,74.54,65.8,87.72,normal,healthy,synthetic_prototype_dataset
2026-08-17T22:00:00,HV-2026-005,5,32.79,73.36,65.843,91.74,normal,healthy,synthetic_prototype_dataset
2026-08-17T23:00:00,HV-2026-005,5,32.46,74.46,65.917,86.87,normal,healthy,synthetic_prototype_dataset
2026-08-18T00:00:00,HV-2026-005,5,32.27,73.58,65.978,73.55,normal,healthy,synthetic_prototype_dataset
2026-08-18T01:00:00,HV-2026-005,5,31.32,74.84,65.967,72.08,normal,healthy,synthetic_prototype_dataset
2026-08-18T02:00:00,HV-2026-005,5,32.78,74.7,65.98,65.34,normal,warning,synthetic_prototype_dataset
2026-08-18T03:00:00,HV-2026-005,5,32.65,73.04,66.023,77.65,normal,healthy,synthetic_prototype_dataset
2026-08-18T04:00:00,HV-2026-005,5,32.6,69.66,66.009,73.56,normal,healthy,synthetic_prototype_dataset
2026-08-18T05:00:00,HV-2026-005,5,33.14,69.32,66.062,71.08,normal,healthy,synthetic_prototype_dataset
2026-08-18T06:00:00,HV-2026-005,5,32.59,66.22,66.051,76.65,normal,healthy,synthetic_prototype_dataset
2026-08-18T07:00:00,HV-2026-005,5,33.08,67.21,66.048,83.4,normal,healthy,synthetic_prototype_dataset
2026-08-18T08:00:00,HV-2026-005,5,34.22,61.5,66.15,80.55,normal,healthy,synthetic_prototype_dataset
2026-08-18T09:00:00,HV-2026-005,5,34.33,61.83,66.201,83.2,normal,healthy,synthetic_prototype_dataset
2026-08-18T10:00:00,HV-2026-005,5,34.07,60.46,66.243,85.04,normal,healthy,synthetic_prototype_dataset
2026-08-18T11:00:00,HV-2026-005,5,34.86,60.44,66.264,82.42,normal,healthy,synthetic_prototype_dataset
2026-08-18T12:00:00,HV-2026-005,5,34.1,60.97,66.285,85.23,normal,healthy,synthetic_prototype_dataset
2026-08-18T13:00:00,HV-2026-005,5,34.7,60.15,66.328,83.94,normal,healthy,synthetic_prototype_dataset
2026-08-18T14:00:00,HV-2026-005,5,34.58,60.28,66.367,92.18,normal,healthy,synthetic_prototype_dataset
2026-08-18T15:00:00,HV-2026-005,5,34.48,60.92,66.402,94.53,normal,healthy,synthetic_prototype_dataset
2026-08-18T16:00:00,HV-2026-005,5,33.85,63.47,66.463,90.28,normal,healthy,synthetic_prototype_dataset
2026-08-18T17:00:00,HV-2026-005,5,33.5,63.75,66.497,92.18,normal,healthy,synthetic_prototype_dataset
2026-08-18T18:00:00,HV-2026-005,5,33.93,64.26,66.588,88.99,normal,healthy,synthetic_prototype_dataset
2026-08-18T19:00:00,HV-2026-005,5,33.41,67.39,66.557,85.28,normal,healthy,synthetic_prototype_dataset
2026-08-18T20:00:00,HV-2026-005,5,32.54,71.35,66.583,88.65,normal,healthy,synthetic_prototype_dataset
2026-08-18T21:00:00,HV-2026-005,5,32.92,71.86,66.618,98.0,normal,healthy,synthetic_prototype_dataset
2026-08-18T22:00:00,HV-2026-005,5,32.2,71.71,66.66,90.69,normal,healthy,synthetic_prototype_dataset
2026-08-18T23:00:00,HV-2026-005,5,32.21,73.95,66.736,91.86,normal,healthy,synthetic_prototype_dataset
2026-08-19T00:00:00,HV-2026-005,5,32.01,72.67,66.777,73.73,normal,healthy,synthetic_prototype_dataset
2026-08-19T01:00:00,HV-2026-005,5,32.5,74.35,66.895,81.16,normal,healthy,synthetic_prototype_dataset
2026-08-19T02:00:00,HV-2026-005,5,31.75,71.96,66.853,68.52,normal,warning,synthetic_prototype_dataset
2026-08-19T03:00:00,HV-2026-005,5,32.49,69.63,66.935,80.05,normal,healthy,synthetic_prototype_dataset
2026-08-19T04:00:00,HV-2026-005,5,32.59,69.74,67.012,82.0,normal,healthy,synthetic_prototype_dataset
2026-08-19T05:00:00,HV-2026-005,5,32.6,66.73,67.027,77.51,normal,healthy,synthetic_prototype_dataset
2026-08-19T06:00:00,HV-2026-005,5,33.13,67.64,67.12,71.08,normal,healthy,synthetic_prototype_dataset
2026-08-19T07:00:00,HV-2026-005,5,33.5,62.52,67.116,76.8,normal,healthy,synthetic_prototype_dataset
2026-08-19T08:00:00,HV-2026-005,5,33.68,64.26,67.151,80.67,normal,healthy,synthetic_prototype_dataset
2026-08-19T09:00:00,HV-2026-005,5,34.14,61.49,67.173,80.49,normal,healthy,synthetic_prototype_dataset
2026-08-19T10:00:00,HV-2026-005,5,34.67,57.3,67.22,79.96,normal,healthy,synthetic_prototype_dataset
2026-08-19T11:00:00,HV-2026-005,5,34.46,57.25,67.248,85.5,normal,healthy,synthetic_prototype_dataset
2026-08-19T12:00:00,HV-2026-005,5,34.87,57.69,67.305,89.89,normal,healthy,synthetic_prototype_dataset
2026-08-19T13:00:00,HV-2026-005,5,34.39,60.07,67.276,83.97,normal,healthy,synthetic_prototype_dataset
2026-08-19T14:00:00,HV-2026-005,5,34.61,62.48,67.297,97.47,normal,healthy,synthetic_prototype_dataset
2026-08-19T15:00:00,HV-2026-005,5,34.42,59.59,67.383,84.55,normal,healthy,synthetic_prototype_dataset
2026-08-19T16:00:00,HV-2026-005,5,34.16,61.65,67.373,92.89,normal,healthy,synthetic_prototype_dataset
2026-08-19T17:00:00,HV-2026-005,5,33.58,68.12,67.371,84.42,normal,healthy,synthetic_prototype_dataset
2026-08-19T18:00:00,HV-2026-005,5,33.14,72.03,67.43,91.94,normal,healthy,synthetic_prototype_dataset
2026-08-19T19:00:00,HV-2026-005,5,33.29,67.77,67.551,91.48,normal,healthy,synthetic_prototype_dataset
2026-08-19T20:00:00,HV-2026-005,5,32.87,72.1,67.531,86.45,normal,healthy,synthetic_prototype_dataset
2026-08-19T21:00:00,HV-2026-005,5,32.33,73.56,67.511,88.7,normal,healthy,synthetic_prototype_dataset
2026-08-19T22:00:00,HV-2026-005,5,32.14,70.06,67.518,90.02,normal,healthy,synthetic_prototype_dataset
2026-08-19T23:00:00,HV-2026-005,5,31.44,76.13,67.559,87.53,normal,warning,synthetic_prototype_dataset
2026-08-20T00:00:00,HV-2026-005,5,32.1,71.77,67.562,77.27,normal,healthy,synthetic_prototype_dataset
2026-08-20T01:00:00,HV-2026-005,5,31.84,73.83,67.555,77.58,normal,healthy,synthetic_prototype_dataset
2026-08-20T02:00:00,HV-2026-005,5,32.5,69.86,67.582,70.67,normal,healthy,synthetic_prototype_dataset
2026-08-20T03:00:00,HV-2026-005,5,31.64,70.61,67.705,78.71,normal,healthy,synthetic_prototype_dataset
2026-08-20T04:00:00,HV-2026-005,5,33.37,71.33,67.737,79.13,normal,healthy,synthetic_prototype_dataset
2026-08-20T05:00:00,HV-2026-005,5,32.77,69.39,67.804,78.45,normal,healthy,synthetic_prototype_dataset
2026-08-20T06:00:00,HV-2026-005,5,33.95,67.06,67.888,75.27,normal,healthy,synthetic_prototype_dataset
2026-08-20T07:00:00,HV-2026-005,5,34.68,65.95,67.899,73.7,normal,healthy,synthetic_prototype_dataset
2026-08-20T08:00:00,HV-2026-005,5,33.68,61.51,67.926,75.16,normal,healthy,synthetic_prototype_dataset
2026-08-20T09:00:00,HV-2026-005,5,34.89,61.98,67.962,77.28,normal,healthy,synthetic_prototype_dataset
2026-08-20T10:00:00,HV-2026-005,5,34.17,56.67,68.057,78.04,normal,healthy,synthetic_prototype_dataset
2026-08-20T11:00:00,HV-2026-005,5,34.05,62.51,68.111,84.95,normal,healthy,synthetic_prototype_dataset
2026-08-20T12:00:00,HV-2026-005,5,34.85,61.45,68.157,80.5,normal,healthy,synthetic_prototype_dataset
2026-08-20T13:00:00,HV-2026-005,5,34.98,60.73,68.241,82.74,normal,healthy,synthetic_prototype_dataset
2026-08-20T14:00:00,HV-2026-005,5,34.19,61.38,68.25,79.89,normal,healthy,synthetic_prototype_dataset
2026-08-20T15:00:00,HV-2026-005,5,34.4,63.39,68.286,90.85,normal,healthy,synthetic_prototype_dataset
2026-08-20T16:00:00,HV-2026-005,5,34.23,63.25,68.329,94.24,normal,healthy,synthetic_prototype_dataset
2026-08-20T17:00:00,HV-2026-005,5,33.3,66.31,68.321,87.1,normal,healthy,synthetic_prototype_dataset
2026-08-20T18:00:00,HV-2026-005,5,33.93,64.55,68.343,98.0,normal,healthy,synthetic_prototype_dataset
2026-08-20T19:00:00,HV-2026-005,5,33.52,67.22,68.348,89.28,normal,healthy,synthetic_prototype_dataset
2026-08-20T20:00:00,HV-2026-005,5,33.33,68.43,68.336,92.02,normal,healthy,synthetic_prototype_dataset
2026-08-20T21:00:00,HV-2026-005,5,31.72,70.04,68.358,88.82,normal,healthy,synthetic_prototype_dataset
2026-08-20T22:00:00,HV-2026-005,5,31.65,73.43,68.402,85.81,normal,healthy,synthetic_prototype_dataset
2026-08-20T23:00:00,HV-2026-005,5,32.89,74.1,68.392,92.78,normal,healthy,synthetic_prototype_dataset
2026-08-21T00:00:00,HV-2026-005,5,31.9,73.94,68.4,78.18,normal,healthy,synthetic_prototype_dataset
2026-08-21T01:00:00,HV-2026-005,5,31.96,72.62,68.419,74.24,normal,healthy,synthetic_prototype_dataset
2026-08-21T02:00:00,HV-2026-005,5,32.79,70.42,68.443,76.31,normal,healthy,synthetic_prototype_dataset
2026-08-21T03:00:00,HV-2026-005,5,32.46,73.31,68.415,77.99,normal,healthy,synthetic_prototype_dataset
2026-08-21T04:00:00,HV-2026-005,5,32.22,69.2,68.393,74.84,normal,healthy,synthetic_prototype_dataset
2026-08-21T05:00:00,HV-2026-005,5,32.84,71.38,68.427,77.54,normal,healthy,synthetic_prototype_dataset
2026-08-21T06:00:00,HV-2026-005,5,32.94,67.95,68.509,79.04,normal,healthy,synthetic_prototype_dataset
2026-08-21T07:00:00,HV-2026-005,5,33.18,63.97,68.538,75.81,normal,healthy,synthetic_prototype_dataset
2026-08-21T08:00:00,HV-2026-005,5,35.22,62.25,68.566,77.52,normal,healthy,synthetic_prototype_dataset
2026-08-21T09:00:00,HV-2026-005,5,34.46,64.16,68.604,80.59,normal,healthy,synthetic_prototype_dataset
2026-08-21T10:00:00,HV-2026-005,5,34.08,62.73,68.637,82.35,normal,healthy,synthetic_prototype_dataset
2026-08-21T11:00:00,HV-2026-005,5,33.64,59.63,68.663,78.13,normal,healthy,synthetic_prototype_dataset
2026-08-21T12:00:00,HV-2026-005,5,35.18,58.65,68.772,90.85,normal,healthy,synthetic_prototype_dataset
2026-08-21T13:00:00,HV-2026-005,5,34.37,62.32,68.871,85.15,normal,healthy,synthetic_prototype_dataset
2026-08-21T14:00:00,HV-2026-005,5,34.09,56.68,68.927,84.72,normal,healthy,synthetic_prototype_dataset
2026-08-21T15:00:00,HV-2026-005,5,34.54,60.65,68.94,86.97,normal,healthy,synthetic_prototype_dataset
2026-08-21T16:00:00,HV-2026-005,5,33.5,62.11,68.952,89.47,normal,healthy,synthetic_prototype_dataset
2026-08-21T17:00:00,HV-2026-005,5,33.82,62.88,69.025,89.32,normal,healthy,synthetic_prototype_dataset
2026-08-21T18:00:00,HV-2026-005,5,34.11,67.05,69.057,88.28,normal,healthy,synthetic_prototype_dataset
2026-08-21T19:00:00,HV-2026-005,5,33.37,68.49,69.112,95.5,normal,healthy,synthetic_prototype_dataset
2026-08-21T20:00:00,HV-2026-005,5,32.46,71.22,69.157,91.13,normal,healthy,synthetic_prototype_dataset
2026-08-21T21:00:00,HV-2026-005,5,32.32,70.82,69.162,86.82,normal,healthy,synthetic_prototype_dataset
2026-08-21T22:00:00,HV-2026-005,5,31.93,72.49,69.16,89.65,normal,healthy,synthetic_prototype_dataset
2026-08-21T23:00:00,HV-2026-005,5,32.2,73.68,69.176,87.35,normal,healthy,synthetic_prototype_dataset
2026-08-22T00:00:00,HV-2026-005,5,32.07,74.89,69.185,77.31,normal,healthy,synthetic_prototype_dataset
2026-08-22T01:00:00,HV-2026-005,5,31.64,74.53,69.191,72.81,normal,healthy,synthetic_prototype_dataset
2026-08-22T02:00:00,HV-2026-005,5,31.84,70.36,69.199,81.25,normal,healthy,synthetic_prototype_dataset
2026-08-22T03:00:00,HV-2026-005,5,32.27,67.46,69.237,72.1,normal,healthy,synthetic_prototype_dataset
2026-08-22T04:00:00,HV-2026-005,5,33.2,69.23,69.252,80.19,normal,healthy,synthetic_prototype_dataset
2026-08-22T05:00:00,HV-2026-005,5,33.42,66.05,69.239,69.76,normal,warning,synthetic_prototype_dataset
2026-08-22T06:00:00,HV-2026-005,5,34.65,64.93,69.305,74.14,normal,healthy,synthetic_prototype_dataset
2026-08-22T07:00:00,HV-2026-005,5,33.33,64.71,69.318,80.63,normal,healthy,synthetic_prototype_dataset
2026-08-22T08:00:00,HV-2026-005,5,34.5,61.92,69.297,75.43,normal,healthy,synthetic_prototype_dataset
2026-08-22T09:00:00,HV-2026-005,5,33.37,61.04,69.331,77.36,normal,healthy,synthetic_prototype_dataset
2026-08-22T10:00:00,HV-2026-005,5,34.04,60.4,69.347,82.25,normal,healthy,synthetic_prototype_dataset
2026-08-22T11:00:00,HV-2026-005,5,34.57,60.17,69.367,82.81,normal,healthy,synthetic_prototype_dataset
2026-08-22T12:00:00,HV-2026-005,5,33.93,59.4,69.413,85.28,normal,healthy,synthetic_prototype_dataset
2026-08-22T13:00:00,HV-2026-005,5,35.6,60.02,69.45,88.85,normal,healthy,synthetic_prototype_dataset
2026-08-22T14:00:00,HV-2026-005,5,35.56,60.88,69.415,89.64,normal,healthy,synthetic_prototype_dataset
2026-08-22T15:00:00,HV-2026-005,5,34.0,58.08,69.515,94.12,normal,healthy,synthetic_prototype_dataset
2026-08-22T16:00:00,HV-2026-005,5,33.72,61.37,69.558,86.42,normal,healthy,synthetic_prototype_dataset
2026-08-22T17:00:00,HV-2026-005,5,33.76,63.39,69.578,84.96,normal,healthy,synthetic_prototype_dataset
2026-08-22T18:00:00,HV-2026-005,5,33.85,68.65,69.604,89.87,normal,healthy,synthetic_prototype_dataset
2026-08-22T19:00:00,HV-2026-005,5,33.43,68.3,69.69,85.27,normal,healthy,synthetic_prototype_dataset
2026-08-22T20:00:00,HV-2026-005,5,33.22,69.78,69.676,97.39,normal,healthy,synthetic_prototype_dataset
2026-08-22T21:00:00,HV-2026-005,5,33.63,71.06,69.716,87.29,normal,healthy,synthetic_prototype_dataset
2026-08-22T22:00:00,HV-2026-005,5,32.21,70.51,69.696,94.58,normal,healthy,synthetic_prototype_dataset
2026-08-22T23:00:00,HV-2026-005,5,32.21,73.34,69.693,87.77,normal,healthy,synthetic_prototype_dataset
2026-08-23T00:00:00,HV-2026-005,5,31.55,71.95,69.676,80.53,normal,healthy,synthetic_prototype_dataset
2026-08-23T01:00:00,HV-2026-005,5,31.53,70.98,69.629,72.88,normal,healthy,synthetic_prototype_dataset
2026-08-23T02:00:00,HV-2026-005,5,32.2,74.16,69.647,74.56,normal,healthy,synthetic_prototype_dataset
2026-08-23T03:00:00,HV-2026-005,5,32.75,70.49,69.756,73.93,normal,healthy,synthetic_prototype_dataset
2026-08-23T04:00:00,HV-2026-005,5,33.07,71.33,69.759,76.58,normal,healthy,synthetic_prototype_dataset
2026-08-23T05:00:00,HV-2026-005,5,32.97,68.64,69.788,75.51,normal,healthy,synthetic_prototype_dataset
2026-08-23T06:00:00,HV-2026-005,5,33.01,69.69,69.833,70.44,normal,healthy,synthetic_prototype_dataset
2026-08-23T07:00:00,HV-2026-005,5,33.68,61.7,69.885,77.75,normal,healthy,synthetic_prototype_dataset
2026-08-23T08:00:00,HV-2026-005,5,34.18,61.32,69.904,82.38,normal,healthy,synthetic_prototype_dataset
2026-08-23T09:00:00,HV-2026-005,5,34.93,62.91,69.883,80.71,normal,healthy,synthetic_prototype_dataset
2026-08-23T10:00:00,HV-2026-005,5,34.77,58.95,69.863,78.5,normal,healthy,synthetic_prototype_dataset
2026-08-23T11:00:00,HV-2026-005,5,35.46,57.43,69.905,83.98,normal,healthy,synthetic_prototype_dataset
2026-08-23T12:00:00,HV-2026-005,5,34.76,58.76,69.975,86.02,normal,healthy,synthetic_prototype_dataset
2026-08-23T13:00:00,HV-2026-005,5,34.51,59.67,69.974,88.77,normal,healthy,synthetic_prototype_dataset
2026-08-23T14:00:00,HV-2026-005,5,34.35,59.15,70.034,86.7,normal,healthy,synthetic_prototype_dataset
2026-08-23T15:00:00,HV-2026-005,5,34.29,63.49,70.04,90.68,normal,healthy,synthetic_prototype_dataset
2026-08-23T16:00:00,HV-2026-005,5,34.61,64.94,70.154,87.28,normal,healthy,synthetic_prototype_dataset
2026-08-23T17:00:00,HV-2026-005,5,33.48,66.0,70.221,87.11,normal,healthy,synthetic_prototype_dataset
2026-08-23T18:00:00,HV-2026-005,5,33.75,71.24,70.255,93.23,normal,healthy,synthetic_prototype_dataset
2026-08-23T19:00:00,HV-2026-005,5,33.9,72.66,70.288,94.27,normal,healthy,synthetic_prototype_dataset
2026-08-23T20:00:00,HV-2026-005,5,32.53,69.88,70.298,82.92,normal,healthy,synthetic_prototype_dataset
2026-08-23T21:00:00,HV-2026-005,5,31.89,72.06,70.338,85.29,normal,healthy,synthetic_prototype_dataset
2026-08-23T22:00:00,HV-2026-005,5,33.11,70.4,70.372,86.67,normal,healthy,synthetic_prototype_dataset
2026-08-23T23:00:00,HV-2026-005,5,32.32,74.72,70.424,89.58,normal,healthy,synthetic_prototype_dataset
2026-08-24T00:00:00,HV-2026-005,5,32.55,70.88,70.488,72.29,normal,healthy,synthetic_prototype_dataset
2026-08-24T01:00:00,HV-2026-005,5,32.29,72.3,70.526,74.3,normal,healthy,synthetic_prototype_dataset
2026-08-24T02:00:00,HV-2026-005,5,32.39,75.15,70.505,75.89,normal,warning,synthetic_prototype_dataset
2026-08-24T03:00:00,HV-2026-005,5,32.17,72.34,70.505,76.13,normal,healthy,synthetic_prototype_dataset
2026-08-24T04:00:00,HV-2026-005,5,32.34,72.0,70.533,76.48,normal,healthy,synthetic_prototype_dataset
2026-08-24T05:00:00,HV-2026-005,5,33.63,65.73,70.536,76.6,normal,healthy,synthetic_prototype_dataset
2026-08-24T06:00:00,HV-2026-005,5,32.8,63.2,70.532,72.01,normal,healthy,synthetic_prototype_dataset
2026-08-24T07:00:00,HV-2026-005,5,33.77,65.3,70.584,84.16,normal,healthy,synthetic_prototype_dataset
2026-08-24T08:00:00,HV-2026-005,5,34.23,62.95,70.612,80.74,normal,healthy,synthetic_prototype_dataset
2026-08-24T09:00:00,HV-2026-005,5,34.69,62.89,70.678,83.18,normal,healthy,synthetic_prototype_dataset
2026-08-24T10:00:00,HV-2026-005,5,35.39,60.16,70.695,81.43,normal,healthy,synthetic_prototype_dataset
2026-08-24T11:00:00,HV-2026-005,5,34.8,57.46,70.714,80.53,normal,healthy,synthetic_prototype_dataset
2026-08-24T12:00:00,HV-2026-005,5,35.04,59.81,70.694,83.61,normal,healthy,synthetic_prototype_dataset
2026-08-24T13:00:00,HV-2026-005,5,35.67,60.55,70.753,84.78,normal,healthy,synthetic_prototype_dataset
2026-08-24T14:00:00,HV-2026-005,5,34.84,60.09,70.768,86.4,normal,healthy,synthetic_prototype_dataset
2026-08-24T15:00:00,HV-2026-005,5,34.3,58.55,70.762,88.24,normal,healthy,synthetic_prototype_dataset
2026-08-24T16:00:00,HV-2026-005,5,33.86,62.13,70.744,92.33,normal,healthy,synthetic_prototype_dataset
2026-08-24T17:00:00,HV-2026-005,5,34.86,66.21,70.817,92.07,normal,healthy,synthetic_prototype_dataset
2026-08-24T18:00:00,HV-2026-005,5,33.71,66.33,70.815,92.42,normal,healthy,synthetic_prototype_dataset
2026-08-24T19:00:00,HV-2026-005,5,33.54,67.15,70.858,87.45,normal,healthy,synthetic_prototype_dataset
2026-08-24T20:00:00,HV-2026-005,5,32.65,71.07,70.898,88.71,normal,healthy,synthetic_prototype_dataset
2026-08-24T21:00:00,HV-2026-005,5,32.51,71.44,70.859,86.28,normal,healthy,synthetic_prototype_dataset
2026-08-24T22:00:00,HV-2026-005,5,31.89,72.26,70.922,89.79,normal,healthy,synthetic_prototype_dataset
2026-08-24T23:00:00,HV-2026-005,5,32.1,71.67,70.921,94.11,normal,healthy,synthetic_prototype_dataset
2026-08-25T00:00:00,HV-2026-005,5,32.38,73.36,70.872,71.87,normal,healthy,synthetic_prototype_dataset
2026-08-25T01:00:00,HV-2026-005,5,32.37,71.86,70.901,76.42,normal,healthy,synthetic_prototype_dataset
2026-08-25T02:00:00,HV-2026-005,5,32.79,68.7,70.888,75.65,normal,healthy,synthetic_prototype_dataset
2026-08-25T03:00:00,HV-2026-005,5,32.44,70.39,70.917,73.39,normal,healthy,synthetic_prototype_dataset
2026-08-25T04:00:00,HV-2026-005,5,33.09,70.48,70.944,78.52,normal,healthy,synthetic_prototype_dataset
2026-08-25T05:00:00,HV-2026-005,5,32.34,66.76,71.0,72.97,normal,healthy,synthetic_prototype_dataset
2026-08-25T06:00:00,HV-2026-005,5,33.2,65.77,71.025,74.13,normal,healthy,synthetic_prototype_dataset
2026-08-25T07:00:00,HV-2026-005,5,34.82,64.7,71.018,72.79,normal,healthy,synthetic_prototype_dataset
2026-08-25T08:00:00,HV-2026-005,5,34.48,60.83,71.123,81.12,normal,healthy,synthetic_prototype_dataset
2026-08-25T09:00:00,HV-2026-005,5,34.82,61.5,71.196,72.97,normal,healthy,synthetic_prototype_dataset
2026-08-25T10:00:00,HV-2026-005,5,34.23,61.8,71.286,78.68,normal,healthy,synthetic_prototype_dataset
2026-08-25T11:00:00,HV-2026-005,5,34.09,59.54,71.344,85.04,normal,healthy,synthetic_prototype_dataset
2026-08-25T12:00:00,HV-2026-005,5,34.92,55.67,71.373,85.11,normal,healthy,synthetic_prototype_dataset
2026-08-25T13:00:00,HV-2026-005,5,34.66,55.78,71.437,90.14,normal,healthy,synthetic_prototype_dataset
2026-08-25T14:00:00,HV-2026-005,5,34.42,59.6,71.462,86.42,normal,healthy,synthetic_prototype_dataset
2026-08-25T15:00:00,HV-2026-005,5,34.79,61.98,71.54,92.62,normal,healthy,synthetic_prototype_dataset
2026-08-25T16:00:00,HV-2026-005,5,34.22,67.62,71.632,87.22,normal,healthy,synthetic_prototype_dataset
2026-08-25T17:00:00,HV-2026-005,5,34.04,60.61,71.667,95.74,normal,healthy,synthetic_prototype_dataset
2026-08-25T18:00:00,HV-2026-005,5,34.9,65.78,71.708,92.12,normal,healthy,synthetic_prototype_dataset
2026-08-25T19:00:00,HV-2026-005,5,34.2,66.04,71.826,88.77,normal,healthy,synthetic_prototype_dataset
2026-08-25T20:00:00,HV-2026-005,5,32.47,68.93,71.823,90.99,normal,healthy,synthetic_prototype_dataset
2026-08-25T21:00:00,HV-2026-005,5,31.99,71.2,71.871,94.12,normal,healthy,synthetic_prototype_dataset
2026-08-25T22:00:00,HV-2026-005,5,32.83,74.62,71.875,89.5,normal,healthy,synthetic_prototype_dataset
2026-08-25T23:00:00,HV-2026-005,5,31.39,72.56,71.913,88.78,normal,healthy,synthetic_prototype_dataset
2026-08-26T00:00:00,HV-2026-005,5,31.71,72.11,71.93,74.5,normal,healthy,synthetic_prototype_dataset
2026-08-26T01:00:00,HV-2026-005,5,32.79,72.18,71.958,74.29,normal,healthy,synthetic_prototype_dataset
2026-08-26T02:00:00,HV-2026-005,5,33.07,73.93,71.972,85.98,normal,healthy,synthetic_prototype_dataset
2026-08-26T03:00:00,HV-2026-005,5,32.45,72.58,71.964,78.71,normal,healthy,synthetic_prototype_dataset
2026-08-26T04:00:00,HV-2026-005,5,33.38,67.49,71.984,82.54,normal,healthy,synthetic_prototype_dataset
2026-08-26T05:00:00,HV-2026-005,5,33.01,68.35,72.021,75.85,normal,healthy,synthetic_prototype_dataset
2026-08-26T06:00:00,HV-2026-005,5,32.94,67.3,72.047,79.86,normal,healthy,synthetic_prototype_dataset
2026-08-26T07:00:00,HV-2026-005,5,34.16,64.12,72.085,74.37,normal,healthy,synthetic_prototype_dataset
2026-08-26T08:00:00,HV-2026-005,5,35.07,61.64,72.102,84.15,normal,healthy,synthetic_prototype_dataset
2026-08-26T09:00:00,HV-2026-005,5,34.75,60.44,72.15,83.55,normal,healthy,synthetic_prototype_dataset
2026-08-26T10:00:00,HV-2026-005,5,34.79,61.41,72.143,83.92,normal,healthy,synthetic_prototype_dataset
2026-08-26T11:00:00,HV-2026-005,5,35.33,60.17,72.106,84.08,normal,healthy,synthetic_prototype_dataset
2026-08-26T12:00:00,HV-2026-005,5,34.47,61.13,72.134,90.01,normal,healthy,synthetic_prototype_dataset
2026-08-26T13:00:00,HV-2026-005,5,34.42,59.76,72.178,96.78,normal,healthy,synthetic_prototype_dataset
2026-08-26T14:00:00,HV-2026-005,5,35.37,61.76,72.291,89.12,normal,healthy,synthetic_prototype_dataset
2026-08-26T15:00:00,HV-2026-005,5,34.59,60.48,72.343,79.24,normal,healthy,synthetic_prototype_dataset
2026-08-26T16:00:00,HV-2026-005,5,34.37,62.72,72.375,84.16,normal,healthy,synthetic_prototype_dataset
2026-08-26T17:00:00,HV-2026-005,5,33.98,61.24,72.471,88.98,normal,healthy,synthetic_prototype_dataset
2026-08-26T18:00:00,HV-2026-005,5,32.79,65.44,72.532,90.62,normal,healthy,synthetic_prototype_dataset
2026-08-26T19:00:00,HV-2026-005,5,32.97,66.4,72.547,88.34,normal,healthy,synthetic_prototype_dataset
2026-08-26T20:00:00,HV-2026-005,5,32.5,69.19,72.526,92.84,normal,healthy,synthetic_prototype_dataset
2026-08-26T21:00:00,HV-2026-005,5,33.28,68.96,72.525,87.45,normal,healthy,synthetic_prototype_dataset
2026-08-26T22:00:00,HV-2026-005,5,32.58,72.34,72.567,89.66,normal,healthy,synthetic_prototype_dataset
2026-08-26T23:00:00,HV-2026-005,5,33.16,72.68,72.546,81.47,normal,healthy,synthetic_prototype_dataset
2026-08-27T00:00:00,HV-2026-005,5,33.22,73.54,72.578,77.57,normal,healthy,synthetic_prototype_dataset
2026-08-27T01:00:00,HV-2026-005,5,32.6,73.16,72.59,79.69,normal,healthy,synthetic_prototype_dataset
2026-08-27T02:00:00,HV-2026-005,5,32.42,70.05,72.556,75.17,normal,healthy,synthetic_prototype_dataset
2026-08-27T03:00:00,HV-2026-005,5,33.43,69.74,72.533,77.0,normal,healthy,synthetic_prototype_dataset
2026-08-27T04:00:00,HV-2026-005,5,32.84,71.9,72.595,71.55,normal,healthy,synthetic_prototype_dataset
2026-08-27T05:00:00,HV-2026-005,5,33.37,66.07,72.58,75.8,normal,healthy,synthetic_prototype_dataset
2026-08-27T06:00:00,HV-2026-005,5,34.15,65.47,72.587,68.28,normal,warning,synthetic_prototype_dataset
2026-08-27T07:00:00,HV-2026-005,5,33.82,64.8,72.565,82.32,normal,healthy,synthetic_prototype_dataset
2026-08-27T08:00:00,HV-2026-005,5,34.17,62.47,72.581,75.51,normal,healthy,synthetic_prototype_dataset
2026-08-27T09:00:00,HV-2026-005,5,34.9,59.59,72.585,73.04,normal,healthy,synthetic_prototype_dataset
2026-08-27T10:00:00,HV-2026-005,5,35.5,59.57,72.662,85.17,normal,healthy,synthetic_prototype_dataset
2026-08-27T11:00:00,HV-2026-005,5,35.54,57.84,72.654,87.19,normal,healthy,synthetic_prototype_dataset
2026-08-27T12:00:00,HV-2026-005,5,35.14,57.78,72.723,86.98,normal,healthy,synthetic_prototype_dataset
2026-08-27T13:00:00,HV-2026-005,5,35.33,57.02,72.8,87.09,normal,healthy,synthetic_prototype_dataset
2026-08-27T14:00:00,HV-2026-005,5,35.4,61.3,72.866,87.74,normal,healthy,synthetic_prototype_dataset
2026-08-27T15:00:00,HV-2026-005,5,35.02,62.67,72.928,89.64,normal,healthy,synthetic_prototype_dataset
2026-08-27T16:00:00,HV-2026-005,5,34.75,61.17,73.019,83.64,normal,healthy,synthetic_prototype_dataset
2026-08-27T17:00:00,HV-2026-005,5,34.14,63.08,73.03,90.95,normal,healthy,synthetic_prototype_dataset
2026-08-27T18:00:00,HV-2026-005,5,33.28,69.49,73.013,86.67,normal,healthy,synthetic_prototype_dataset
2026-08-27T19:00:00,HV-2026-005,5,32.98,67.79,73.073,91.72,normal,healthy,synthetic_prototype_dataset
2026-08-27T20:00:00,HV-2026-005,5,33.8,67.63,73.121,88.46,normal,healthy,synthetic_prototype_dataset
2026-08-27T21:00:00,HV-2026-005,5,32.97,72.56,73.087,95.9,normal,healthy,synthetic_prototype_dataset
2026-08-27T22:00:00,HV-2026-005,5,32.59,68.79,73.088,88.48,normal,healthy,synthetic_prototype_dataset
2026-08-27T23:00:00,HV-2026-005,5,32.22,68.69,73.116,84.58,normal,healthy,synthetic_prototype_dataset
2026-08-28T00:00:00,HV-2026-005,5,32.85,70.49,73.22,77.8,normal,healthy,synthetic_prototype_dataset
2026-08-28T01:00:00,HV-2026-005,5,32.69,73.3,73.182,74.26,normal,healthy,synthetic_prototype_dataset
2026-08-28T02:00:00,HV-2026-005,5,33.53,70.9,73.204,74.37,normal,healthy,synthetic_prototype_dataset
2026-08-28T03:00:00,HV-2026-005,5,33.59,69.93,73.186,85.03,normal,healthy,synthetic_prototype_dataset
2026-08-28T04:00:00,HV-2026-005,5,32.59,68.74,73.181,73.54,normal,healthy,synthetic_prototype_dataset
2026-08-28T05:00:00,HV-2026-005,5,33.04,66.26,73.241,69.34,normal,warning,synthetic_prototype_dataset
2026-08-28T06:00:00,HV-2026-005,5,34.42,67.37,73.283,76.44,normal,healthy,synthetic_prototype_dataset
2026-08-28T07:00:00,HV-2026-005,5,34.32,66.17,73.247,80.37,normal,healthy,synthetic_prototype_dataset
2026-08-28T08:00:00,HV-2026-005,5,34.17,63.4,73.256,82.1,normal,healthy,synthetic_prototype_dataset
2026-08-28T09:00:00,HV-2026-005,5,34.08,57.42,73.286,86.38,normal,healthy,synthetic_prototype_dataset
2026-08-28T10:00:00,HV-2026-005,5,35.22,60.31,73.353,81.61,normal,healthy,synthetic_prototype_dataset
2026-08-28T11:00:00,HV-2026-005,5,35.39,57.61,73.383,83.86,normal,healthy,synthetic_prototype_dataset
2026-08-28T12:00:00,HV-2026-005,5,34.91,58.3,73.417,83.42,normal,healthy,synthetic_prototype_dataset
2026-08-28T13:00:00,HV-2026-005,5,35.05,58.93,73.421,88.57,normal,healthy,synthetic_prototype_dataset
2026-08-28T14:00:00,HV-2026-005,5,34.76,59.71,73.44,91.8,normal,healthy,synthetic_prototype_dataset
2026-08-28T15:00:00,HV-2026-005,5,35.2,58.58,73.499,94.0,normal,healthy,synthetic_prototype_dataset
2026-08-28T16:00:00,HV-2026-005,5,34.08,60.35,73.563,84.95,normal,healthy,synthetic_prototype_dataset
2026-08-28T17:00:00,HV-2026-005,5,33.84,61.78,73.623,87.46,normal,healthy,synthetic_prototype_dataset
2026-08-28T18:00:00,HV-2026-005,5,33.73,64.07,73.693,86.99,normal,healthy,synthetic_prototype_dataset
2026-08-28T19:00:00,HV-2026-005,5,32.88,64.62,73.742,92.56,normal,healthy,synthetic_prototype_dataset
2026-08-28T20:00:00,HV-2026-005,5,33.77,66.65,73.759,98.0,normal,healthy,synthetic_prototype_dataset
2026-08-28T21:00:00,HV-2026-005,5,32.8,69.35,73.783,90.79,normal,healthy,synthetic_prototype_dataset
2026-08-28T22:00:00,HV-2026-005,5,32.96,70.37,73.788,87.09,normal,healthy,synthetic_prototype_dataset
2026-08-28T23:00:00,HV-2026-005,5,32.27,69.95,73.876,85.68,normal,healthy,synthetic_prototype_dataset
2026-08-29T00:00:00,HV-2026-005,5,32.47,71.63,73.898,77.52,normal,healthy,synthetic_prototype_dataset
2026-08-29T01:00:00,HV-2026-005,5,32.46,74.02,73.944,75.33,normal,healthy,synthetic_prototype_dataset
2026-08-29T02:00:00,HV-2026-005,5,32.5,73.22,73.963,71.65,normal,healthy,synthetic_prototype_dataset
2026-08-29T03:00:00,HV-2026-005,5,33.47,68.85,74.019,67.2,normal,warning,synthetic_prototype_dataset
2026-08-29T04:00:00,HV-2026-005,5,33.11,70.8,74.044,78.09,normal,healthy,synthetic_prototype_dataset
2026-08-29T05:00:00,HV-2026-005,5,33.18,67.65,74.069,76.85,normal,healthy,synthetic_prototype_dataset
2026-08-29T06:00:00,HV-2026-005,5,34.84,67.56,74.122,78.82,normal,healthy,synthetic_prototype_dataset
2026-08-29T07:00:00,HV-2026-005,5,33.85,62.55,74.093,73.38,normal,healthy,synthetic_prototype_dataset
2026-08-29T08:00:00,HV-2026-005,5,34.18,61.66,74.08,79.49,normal,healthy,synthetic_prototype_dataset
2026-08-29T09:00:00,HV-2026-005,5,34.78,58.22,74.167,76.72,normal,healthy,synthetic_prototype_dataset
2026-08-29T10:00:00,HV-2026-005,5,35.56,55.09,74.2,78.81,normal,healthy,synthetic_prototype_dataset
2026-08-29T11:00:00,HV-2026-005,5,34.89,61.71,74.228,80.66,normal,healthy,synthetic_prototype_dataset
2026-08-29T12:00:00,HV-2026-005,5,35.45,57.57,74.276,82.7,normal,healthy,synthetic_prototype_dataset
2026-08-29T13:00:00,HV-2026-005,5,34.79,57.03,74.347,86.31,normal,healthy,synthetic_prototype_dataset
2026-08-29T14:00:00,HV-2026-005,5,34.58,59.44,74.392,90.13,normal,healthy,synthetic_prototype_dataset
2026-08-29T15:00:00,HV-2026-005,5,34.63,60.12,74.448,85.4,normal,healthy,synthetic_prototype_dataset
2026-08-29T16:00:00,HV-2026-005,5,34.98,61.74,74.447,85.64,normal,healthy,synthetic_prototype_dataset
2026-08-29T17:00:00,HV-2026-005,5,34.22,62.41,74.507,88.88,normal,healthy,synthetic_prototype_dataset
2026-08-29T18:00:00,HV-2026-005,5,34.06,63.68,74.536,94.6,normal,healthy,synthetic_prototype_dataset
2026-08-29T19:00:00,HV-2026-005,5,33.52,66.03,74.531,89.81,normal,healthy,synthetic_prototype_dataset
2026-08-29T20:00:00,HV-2026-005,5,33.91,66.25,74.554,83.52,normal,healthy,synthetic_prototype_dataset
2026-08-29T21:00:00,HV-2026-005,5,32.82,70.63,74.524,87.38,normal,healthy,synthetic_prototype_dataset
2026-08-29T22:00:00,HV-2026-005,5,32.93,71.51,74.561,84.71,normal,healthy,synthetic_prototype_dataset
2026-08-29T23:00:00,HV-2026-005,5,32.8,70.89,74.611,79.02,normal,healthy,synthetic_prototype_dataset
2026-07-01T00:00:00,HV-2026-006,6,32.57,72.18,31.272,76.3,normal,healthy,synthetic_prototype_dataset
2026-07-01T01:00:00,HV-2026-006,6,32.83,72.44,31.341,74.66,normal,healthy,synthetic_prototype_dataset
2026-07-01T02:00:00,HV-2026-006,6,32.24,68.19,31.389,76.78,normal,healthy,synthetic_prototype_dataset
2026-07-01T03:00:00,HV-2026-006,6,32.97,68.89,31.421,76.73,normal,healthy,synthetic_prototype_dataset
2026-07-01T04:00:00,HV-2026-006,6,33.57,66.5,31.384,72.8,normal,healthy,synthetic_prototype_dataset
2026-07-01T05:00:00,HV-2026-006,6,33.06,64.29,31.464,68.07,normal,warning,synthetic_prototype_dataset
2026-07-01T06:00:00,HV-2026-006,6,34.21,66.63,31.523,76.97,normal,healthy,synthetic_prototype_dataset
2026-07-01T07:00:00,HV-2026-006,6,34.93,66.4,31.538,79.39,normal,healthy,synthetic_prototype_dataset
2026-07-01T08:00:00,HV-2026-006,6,35.22,59.95,31.559,77.43,normal,healthy,synthetic_prototype_dataset
2026-07-01T09:00:00,HV-2026-006,6,35.13,56.63,31.643,83.23,normal,healthy,synthetic_prototype_dataset
2026-07-01T10:00:00,HV-2026-006,6,35.39,54.68,31.645,88.22,normal,healthy,synthetic_prototype_dataset
2026-07-01T11:00:00,HV-2026-006,6,35.18,55.14,31.693,86.9,normal,healthy,synthetic_prototype_dataset
2026-07-01T12:00:00,HV-2026-006,6,35.54,57.73,31.775,83.44,normal,healthy,synthetic_prototype_dataset
2026-07-01T13:00:00,HV-2026-006,6,35.5,58.48,31.813,85.78,normal,healthy,synthetic_prototype_dataset
2026-07-01T14:00:00,HV-2026-006,6,34.97,59.0,31.845,90.69,normal,healthy,synthetic_prototype_dataset
2026-07-01T15:00:00,HV-2026-006,6,34.68,62.87,31.866,92.15,normal,healthy,synthetic_prototype_dataset
2026-07-01T16:00:00,HV-2026-006,6,35.08,61.8,31.906,86.97,normal,healthy,synthetic_prototype_dataset
2026-07-01T17:00:00,HV-2026-006,6,34.1,63.58,31.939,94.02,normal,healthy,synthetic_prototype_dataset
2026-07-01T18:00:00,HV-2026-006,6,33.8,64.29,31.91,92.25,normal,healthy,synthetic_prototype_dataset
2026-07-01T19:00:00,HV-2026-006,6,33.91,68.57,31.971,92.64,normal,healthy,synthetic_prototype_dataset
2026-07-01T20:00:00,HV-2026-006,6,33.72,69.6,32.023,83.08,normal,healthy,synthetic_prototype_dataset
2026-07-01T21:00:00,HV-2026-006,6,32.59,67.68,32.092,86.19,normal,healthy,synthetic_prototype_dataset
2026-07-01T22:00:00,HV-2026-006,6,32.59,71.07,32.074,89.46,normal,healthy,synthetic_prototype_dataset
2026-07-01T23:00:00,HV-2026-006,6,31.79,69.64,32.106,82.76,normal,healthy,synthetic_prototype_dataset
2026-07-02T00:00:00,HV-2026-006,6,33.36,71.87,32.17,77.25,normal,healthy,synthetic_prototype_dataset
2026-07-02T01:00:00,HV-2026-006,6,32.81,69.76,32.228,77.54,normal,healthy,synthetic_prototype_dataset
2026-07-02T02:00:00,HV-2026-006,6,33.89,72.34,32.239,77.01,normal,healthy,synthetic_prototype_dataset
2026-07-02T03:00:00,HV-2026-006,6,33.34,71.83,32.31,75.43,normal,healthy,synthetic_prototype_dataset
2026-07-02T04:00:00,HV-2026-006,6,32.88,64.95,32.295,73.93,normal,healthy,synthetic_prototype_dataset
2026-07-02T05:00:00,HV-2026-006,6,34.41,69.34,32.354,80.31,normal,healthy,synthetic_prototype_dataset
2026-07-02T06:00:00,HV-2026-006,6,33.75,62.06,32.344,68.88,normal,warning,synthetic_prototype_dataset
2026-07-02T07:00:00,HV-2026-006,6,33.91,62.07,32.375,78.3,normal,healthy,synthetic_prototype_dataset
2026-07-02T08:00:00,HV-2026-006,6,34.41,62.32,32.381,79.66,normal,healthy,synthetic_prototype_dataset
2026-07-02T09:00:00,HV-2026-006,6,34.49,61.8,32.416,83.73,normal,healthy,synthetic_prototype_dataset
2026-07-02T10:00:00,HV-2026-006,6,34.65,59.04,32.473,75.85,normal,healthy,synthetic_prototype_dataset
2026-07-02T11:00:00,HV-2026-006,6,35.85,55.78,32.521,90.78,normal,healthy,synthetic_prototype_dataset
2026-07-02T12:00:00,HV-2026-006,6,35.8,55.11,32.557,90.22,normal,healthy,synthetic_prototype_dataset
2026-07-02T13:00:00,HV-2026-006,6,34.96,57.38,32.587,89.1,normal,healthy,synthetic_prototype_dataset
2026-07-02T14:00:00,HV-2026-006,6,34.51,59.86,32.607,88.08,normal,healthy,synthetic_prototype_dataset
2026-07-02T15:00:00,HV-2026-006,6,34.89,60.92,32.647,93.98,normal,healthy,synthetic_prototype_dataset
2026-07-02T16:00:00,HV-2026-006,6,35.17,59.86,32.733,90.64,normal,healthy,synthetic_prototype_dataset
2026-07-02T17:00:00,HV-2026-006,6,34.49,64.51,32.73,85.05,normal,healthy,synthetic_prototype_dataset
2026-07-02T18:00:00,HV-2026-006,6,34.08,63.7,32.833,87.32,normal,healthy,synthetic_prototype_dataset
2026-07-02T19:00:00,HV-2026-006,6,33.75,66.95,32.901,86.4,normal,healthy,synthetic_prototype_dataset
2026-07-02T20:00:00,HV-2026-006,6,32.7,70.8,32.929,92.36,normal,healthy,synthetic_prototype_dataset
2026-07-02T21:00:00,HV-2026-006,6,33.54,71.59,32.94,86.66,normal,healthy,synthetic_prototype_dataset
2026-07-02T22:00:00,HV-2026-006,6,32.05,69.06,32.967,85.67,normal,healthy,synthetic_prototype_dataset
2026-07-02T23:00:00,HV-2026-006,6,32.3,71.64,33.039,86.91,normal,healthy,synthetic_prototype_dataset
2026-07-03T00:00:00,HV-2026-006,6,32.34,73.87,33.037,81.18,normal,healthy,synthetic_prototype_dataset
2026-07-03T01:00:00,HV-2026-006,6,32.77,71.53,33.117,71.27,normal,healthy,synthetic_prototype_dataset
2026-07-03T02:00:00,HV-2026-006,6,32.55,70.06,33.137,85.25,normal,healthy,synthetic_prototype_dataset
2026-07-03T03:00:00,HV-2026-006,6,32.83,67.19,33.129,76.81,normal,healthy,synthetic_prototype_dataset
2026-07-03T04:00:00,HV-2026-006,6,33.72,66.81,33.155,82.81,normal,healthy,synthetic_prototype_dataset
2026-07-03T05:00:00,HV-2026-006,6,33.82,66.97,33.246,73.56,normal,healthy,synthetic_prototype_dataset
2026-07-03T06:00:00,HV-2026-006,6,33.8,63.74,33.253,69.63,normal,warning,synthetic_prototype_dataset
2026-07-03T07:00:00,HV-2026-006,6,34.54,63.16,33.271,78.69,normal,healthy,synthetic_prototype_dataset
2026-07-03T08:00:00,HV-2026-006,6,34.91,58.72,33.311,81.58,normal,healthy,synthetic_prototype_dataset
2026-07-03T09:00:00,HV-2026-006,6,34.35,62.27,33.302,77.37,normal,healthy,synthetic_prototype_dataset
2026-07-03T10:00:00,HV-2026-006,6,35.36,59.48,33.367,84.96,normal,healthy,synthetic_prototype_dataset
2026-07-03T11:00:00,HV-2026-006,6,35.17,58.02,33.396,85.13,normal,healthy,synthetic_prototype_dataset
2026-07-03T12:00:00,HV-2026-006,6,35.48,56.68,33.426,79.42,normal,healthy,synthetic_prototype_dataset
2026-07-03T13:00:00,HV-2026-006,6,35.77,58.36,33.389,89.88,normal,healthy,synthetic_prototype_dataset
2026-07-03T14:00:00,HV-2026-006,6,35.25,56.84,33.395,85.72,normal,healthy,synthetic_prototype_dataset
2026-07-03T15:00:00,HV-2026-006,6,34.65,58.2,33.495,90.23,normal,healthy,synthetic_prototype_dataset
2026-07-03T16:00:00,HV-2026-006,6,35.71,61.49,33.553,86.44,normal,healthy,synthetic_prototype_dataset
2026-07-03T17:00:00,HV-2026-006,6,34.41,62.63,33.609,89.71,normal,healthy,synthetic_prototype_dataset
2026-07-03T18:00:00,HV-2026-006,6,34.3,65.15,33.628,88.58,normal,healthy,synthetic_prototype_dataset
2026-07-03T19:00:00,HV-2026-006,6,33.51,68.34,33.642,91.03,normal,healthy,synthetic_prototype_dataset
2026-07-03T20:00:00,HV-2026-006,6,33.43,70.0,33.598,90.58,normal,healthy,synthetic_prototype_dataset
2026-07-03T21:00:00,HV-2026-006,6,32.66,70.24,33.618,83.76,normal,healthy,synthetic_prototype_dataset
2026-07-03T22:00:00,HV-2026-006,6,33.17,71.05,33.635,87.76,normal,healthy,synthetic_prototype_dataset
2026-07-03T23:00:00,HV-2026-006,6,32.96,73.47,33.649,90.65,normal,healthy,synthetic_prototype_dataset
2026-07-04T00:00:00,HV-2026-006,6,32.9,73.71,33.665,73.67,normal,healthy,synthetic_prototype_dataset
2026-07-04T01:00:00,HV-2026-006,6,32.47,71.08,33.663,80.92,normal,healthy,synthetic_prototype_dataset
2026-07-04T02:00:00,HV-2026-006,6,32.7,69.2,33.708,80.15,normal,healthy,synthetic_prototype_dataset
2026-07-04T03:00:00,HV-2026-006,6,33.63,71.24,33.73,75.77,normal,healthy,synthetic_prototype_dataset
2026-07-04T04:00:00,HV-2026-006,6,34.47,70.92,33.78,79.87,normal,healthy,synthetic_prototype_dataset
2026-07-04T05:00:00,HV-2026-006,6,34.27,64.02,33.804,81.24,normal,healthy,synthetic_prototype_dataset
2026-07-04T06:00:00,HV-2026-006,6,34.54,64.27,33.882,77.29,normal,healthy,synthetic_prototype_dataset
2026-07-04T07:00:00,HV-2026-006,6,34.89,63.24,33.926,79.97,normal,healthy,synthetic_prototype_dataset
2026-07-04T08:00:00,HV-2026-006,6,35.45,63.46,33.939,80.87,normal,healthy,synthetic_prototype_dataset
2026-07-04T09:00:00,HV-2026-006,6,35.71,59.2,33.928,78.18,normal,healthy,synthetic_prototype_dataset
2026-07-04T10:00:00,HV-2026-006,6,34.96,57.5,33.939,86.6,normal,healthy,synthetic_prototype_dataset
2026-07-04T11:00:00,HV-2026-006,6,35.35,59.89,33.94,83.29,normal,healthy,synthetic_prototype_dataset
2026-07-04T12:00:00,HV-2026-006,6,35.56,58.84,34.023,84.02,normal,healthy,synthetic_prototype_dataset
2026-07-04T13:00:00,HV-2026-006,6,35.92,54.59,34.096,82.41,normal,healthy,synthetic_prototype_dataset
2026-07-04T14:00:00,HV-2026-006,6,35.54,60.35,34.17,82.39,normal,healthy,synthetic_prototype_dataset
2026-07-04T15:00:00,HV-2026-006,6,34.93,60.72,34.234,89.9,normal,healthy,synthetic_prototype_dataset
2026-07-04T16:00:00,HV-2026-006,6,33.88,63.04,34.32,90.1,normal,healthy,synthetic_prototype_dataset
2026-07-04T17:00:00,HV-2026-006,6,34.66,63.48,34.405,90.76,normal,healthy,synthetic_prototype_dataset
2026-07-04T18:00:00,HV-2026-006,6,34.13,65.07,34.435,90.0,normal,healthy,synthetic_prototype_dataset
2026-07-04T19:00:00,HV-2026-006,6,33.09,67.13,34.501,93.45,normal,healthy,synthetic_prototype_dataset
2026-07-04T20:00:00,HV-2026-006,6,33.99,67.79,34.531,93.69,normal,healthy,synthetic_prototype_dataset
2026-07-04T21:00:00,HV-2026-006,6,33.69,72.01,34.532,86.56,normal,healthy,synthetic_prototype_dataset
2026-07-04T22:00:00,HV-2026-006,6,32.94,68.75,34.511,89.76,normal,healthy,synthetic_prototype_dataset
2026-07-04T23:00:00,HV-2026-006,6,33.14,71.59,34.548,81.98,normal,healthy,synthetic_prototype_dataset
2026-07-05T00:00:00,HV-2026-006,6,32.77,70.66,34.575,70.89,normal,healthy,synthetic_prototype_dataset
2026-07-05T01:00:00,HV-2026-006,6,32.61,70.16,34.637,76.92,normal,healthy,synthetic_prototype_dataset
2026-07-05T02:00:00,HV-2026-006,6,33.62,70.03,34.662,77.75,normal,healthy,synthetic_prototype_dataset
2026-07-05T03:00:00,HV-2026-006,6,33.29,68.01,34.635,73.91,normal,healthy,synthetic_prototype_dataset
2026-07-05T04:00:00,HV-2026-006,6,34.01,69.96,34.633,69.93,normal,warning,synthetic_prototype_dataset
2026-07-05T05:00:00,HV-2026-006,6,34.37,66.12,34.611,65.11,normal,warning,synthetic_prototype_dataset
2026-07-05T06:00:00,HV-2026-006,6,33.85,63.35,34.595,78.42,normal,healthy,synthetic_prototype_dataset
2026-07-05T07:00:00,HV-2026-006,6,34.26,62.4,34.703,78.24,normal,healthy,synthetic_prototype_dataset
2026-07-05T08:00:00,HV-2026-006,6,34.88,60.52,34.757,81.53,normal,healthy,synthetic_prototype_dataset
2026-07-05T09:00:00,HV-2026-006,6,34.75,58.5,34.767,80.37,normal,healthy,synthetic_prototype_dataset
2026-07-05T10:00:00,HV-2026-006,6,36.23,59.24,34.802,85.73,normal,warning,synthetic_prototype_dataset
2026-07-05T11:00:00,HV-2026-006,6,35.63,54.48,34.901,83.98,normal,healthy,synthetic_prototype_dataset
2026-07-05T12:00:00,HV-2026-006,6,34.57,54.31,34.983,80.36,normal,healthy,synthetic_prototype_dataset
2026-07-05T13:00:00,HV-2026-006,6,36.15,57.57,35.051,85.18,normal,warning,synthetic_prototype_dataset
2026-07-05T14:00:00,HV-2026-006,6,35.65,58.69,35.092,84.4,normal,healthy,synthetic_prototype_dataset
2026-07-05T15:00:00,HV-2026-006,6,35.37,55.97,35.165,89.62,normal,healthy,synthetic_prototype_dataset
2026-07-05T16:00:00,HV-2026-006,6,35.14,55.98,35.163,87.75,normal,healthy,synthetic_prototype_dataset
2026-07-05T17:00:00,HV-2026-006,6,34.92,60.68,35.286,88.96,normal,healthy,synthetic_prototype_dataset
2026-07-05T18:00:00,HV-2026-006,6,33.83,63.85,35.283,85.85,normal,healthy,synthetic_prototype_dataset
2026-07-05T19:00:00,HV-2026-006,6,34.4,66.92,35.326,94.35,normal,healthy,synthetic_prototype_dataset
2026-07-05T20:00:00,HV-2026-006,6,33.85,65.77,35.376,85.58,normal,healthy,synthetic_prototype_dataset
2026-07-05T21:00:00,HV-2026-006,6,33.15,69.05,35.396,82.67,normal,healthy,synthetic_prototype_dataset
2026-07-05T22:00:00,HV-2026-006,6,32.72,70.21,35.399,92.07,normal,healthy,synthetic_prototype_dataset
2026-07-05T23:00:00,HV-2026-006,6,33.61,68.93,35.426,92.65,normal,healthy,synthetic_prototype_dataset
2026-07-06T00:00:00,HV-2026-006,6,32.99,70.27,35.481,75.04,normal,healthy,synthetic_prototype_dataset
2026-07-06T01:00:00,HV-2026-006,6,33.67,69.69,35.49,78.77,normal,healthy,synthetic_prototype_dataset
2026-07-06T02:00:00,HV-2026-006,6,33.27,70.26,35.448,74.76,normal,healthy,synthetic_prototype_dataset
2026-07-06T03:00:00,HV-2026-006,6,33.82,67.54,35.497,76.94,normal,healthy,synthetic_prototype_dataset
2026-07-06T04:00:00,HV-2026-006,6,33.61,69.94,35.511,75.05,normal,healthy,synthetic_prototype_dataset
2026-07-06T05:00:00,HV-2026-006,6,33.92,65.96,35.562,70.85,normal,healthy,synthetic_prototype_dataset
2026-07-06T06:00:00,HV-2026-006,6,34.74,64.12,35.607,84.37,normal,healthy,synthetic_prototype_dataset
2026-07-06T07:00:00,HV-2026-006,6,34.46,59.98,35.639,79.06,normal,healthy,synthetic_prototype_dataset
2026-07-06T08:00:00,HV-2026-006,6,35.39,59.53,35.639,74.26,normal,healthy,synthetic_prototype_dataset
2026-07-06T09:00:00,HV-2026-006,6,34.65,58.3,35.669,88.59,normal,healthy,synthetic_prototype_dataset
2026-07-06T10:00:00,HV-2026-006,6,34.71,58.54,35.681,83.78,normal,healthy,synthetic_prototype_dataset
2026-07-06T11:00:00,HV-2026-006,6,35.36,59.1,35.758,84.13,normal,healthy,synthetic_prototype_dataset
2026-07-06T12:00:00,HV-2026-006,6,36.3,58.37,35.849,83.67,normal,warning,synthetic_prototype_dataset
2026-07-06T13:00:00,HV-2026-006,6,36.03,55.86,35.862,94.5,normal,warning,synthetic_prototype_dataset
2026-07-06T14:00:00,HV-2026-006,6,34.99,57.15,35.838,85.16,normal,healthy,synthetic_prototype_dataset
2026-07-06T15:00:00,HV-2026-006,6,34.82,57.84,35.889,90.83,normal,healthy,synthetic_prototype_dataset
2026-07-06T16:00:00,HV-2026-006,6,34.55,59.08,35.964,95.49,normal,healthy,synthetic_prototype_dataset
2026-07-06T17:00:00,HV-2026-006,6,35.25,59.22,36.04,96.37,normal,healthy,synthetic_prototype_dataset
2026-07-06T18:00:00,HV-2026-006,6,33.59,65.95,36.078,88.86,normal,healthy,synthetic_prototype_dataset
2026-07-06T19:00:00,HV-2026-006,6,34.06,66.61,36.143,93.75,normal,healthy,synthetic_prototype_dataset
2026-07-06T20:00:00,HV-2026-006,6,33.02,66.33,36.171,95.03,normal,healthy,synthetic_prototype_dataset
2026-07-06T21:00:00,HV-2026-006,6,32.2,67.85,36.143,84.14,normal,healthy,synthetic_prototype_dataset
2026-07-06T22:00:00,HV-2026-006,6,33.67,69.1,36.086,87.57,normal,healthy,synthetic_prototype_dataset
2026-07-06T23:00:00,HV-2026-006,6,34.01,67.51,36.13,92.59,normal,healthy,synthetic_prototype_dataset
2026-07-07T00:00:00,HV-2026-006,6,33.09,74.29,36.132,81.06,normal,healthy,synthetic_prototype_dataset
2026-07-07T01:00:00,HV-2026-006,6,33.7,70.53,36.105,72.49,normal,healthy,synthetic_prototype_dataset
2026-07-07T02:00:00,HV-2026-006,6,32.23,70.96,36.146,76.28,normal,healthy,synthetic_prototype_dataset
2026-07-07T03:00:00,HV-2026-006,6,33.44,71.22,36.182,74.06,normal,healthy,synthetic_prototype_dataset
2026-07-07T04:00:00,HV-2026-006,6,33.83,71.01,36.229,74.64,normal,healthy,synthetic_prototype_dataset
2026-07-07T05:00:00,HV-2026-006,6,34.05,66.47,36.239,74.22,normal,healthy,synthetic_prototype_dataset
2026-07-07T06:00:00,HV-2026-006,6,34.41,66.56,36.292,74.57,normal,healthy,synthetic_prototype_dataset
2026-07-07T07:00:00,HV-2026-006,6,35.14,62.03,36.329,78.72,normal,healthy,synthetic_prototype_dataset
2026-07-07T08:00:00,HV-2026-006,6,34.11,54.84,36.366,76.64,normal,healthy,synthetic_prototype_dataset
2026-07-07T09:00:00,HV-2026-006,6,34.59,57.4,36.433,82.61,normal,healthy,synthetic_prototype_dataset
2026-07-07T10:00:00,HV-2026-006,6,35.88,58.58,36.438,85.72,normal,healthy,synthetic_prototype_dataset
2026-07-07T11:00:00,HV-2026-006,6,35.93,56.85,36.481,87.3,normal,healthy,synthetic_prototype_dataset
2026-07-07T12:00:00,HV-2026-006,6,35.37,58.78,36.543,85.91,normal,healthy,synthetic_prototype_dataset
2026-07-07T13:00:00,HV-2026-006,6,36.36,54.73,36.57,82.23,normal,warning,synthetic_prototype_dataset
2026-07-07T14:00:00,HV-2026-006,6,35.7,59.89,36.578,98.0,normal,healthy,synthetic_prototype_dataset
2026-07-07T15:00:00,HV-2026-006,6,35.03,59.52,36.618,89.1,normal,healthy,synthetic_prototype_dataset
2026-07-07T16:00:00,HV-2026-006,6,34.7,62.25,36.626,83.33,normal,healthy,synthetic_prototype_dataset
2026-07-07T17:00:00,HV-2026-006,6,34.24,64.61,36.704,82.85,normal,healthy,synthetic_prototype_dataset
2026-07-07T18:00:00,HV-2026-006,6,34.78,60.26,36.733,85.77,normal,healthy,synthetic_prototype_dataset
2026-07-07T19:00:00,HV-2026-006,6,34.48,66.63,36.792,88.85,normal,healthy,synthetic_prototype_dataset
2026-07-07T20:00:00,HV-2026-006,6,33.68,64.63,36.781,92.84,normal,healthy,synthetic_prototype_dataset
2026-07-07T21:00:00,HV-2026-006,6,33.66,68.96,36.85,84.38,normal,healthy,synthetic_prototype_dataset
2026-07-07T22:00:00,HV-2026-006,6,33.61,67.76,36.927,90.03,normal,healthy,synthetic_prototype_dataset
2026-07-07T23:00:00,HV-2026-006,6,33.59,69.32,37.028,94.1,normal,healthy,synthetic_prototype_dataset
2026-07-08T00:00:00,HV-2026-006,6,33.36,72.78,37.043,71.56,normal,healthy,synthetic_prototype_dataset
2026-07-08T01:00:00,HV-2026-006,6,33.57,68.77,37.114,79.67,normal,healthy,synthetic_prototype_dataset
2026-07-08T02:00:00,HV-2026-006,6,33.45,70.05,37.173,76.96,normal,healthy,synthetic_prototype_dataset
2026-07-08T03:00:00,HV-2026-006,6,33.37,65.89,37.232,77.28,normal,healthy,synthetic_prototype_dataset
2026-07-08T04:00:00,HV-2026-006,6,35.06,66.99,37.267,77.14,normal,healthy,synthetic_prototype_dataset
2026-07-08T05:00:00,HV-2026-006,6,34.42,63.73,37.29,78.9,normal,healthy,synthetic_prototype_dataset
2026-07-08T06:00:00,HV-2026-006,6,34.32,65.08,37.318,77.41,normal,healthy,synthetic_prototype_dataset
2026-07-08T07:00:00,HV-2026-006,6,35.32,61.44,37.292,76.9,normal,healthy,synthetic_prototype_dataset
2026-07-08T08:00:00,HV-2026-006,6,34.75,56.34,37.318,80.32,normal,healthy,synthetic_prototype_dataset
2026-07-08T09:00:00,HV-2026-006,6,35.85,56.66,37.355,85.31,normal,healthy,synthetic_prototype_dataset
2026-07-08T10:00:00,HV-2026-006,6,35.34,58.56,37.449,76.48,normal,healthy,synthetic_prototype_dataset
2026-07-08T11:00:00,HV-2026-006,6,35.85,58.99,37.477,89.38,normal,healthy,synthetic_prototype_dataset
2026-07-08T12:00:00,HV-2026-006,6,36.05,59.85,37.54,92.01,normal,warning,synthetic_prototype_dataset
2026-07-08T13:00:00,HV-2026-006,6,35.86,54.44,37.561,90.67,normal,healthy,synthetic_prototype_dataset
2026-07-08T14:00:00,HV-2026-006,6,36.04,57.04,37.666,86.58,normal,warning,synthetic_prototype_dataset
2026-07-08T15:00:00,HV-2026-006,6,35.6,59.49,37.66,88.55,normal,healthy,synthetic_prototype_dataset
2026-07-08T16:00:00,HV-2026-006,6,36.19,58.5,37.72,84.16,normal,warning,synthetic_prototype_dataset
2026-07-08T17:00:00,HV-2026-006,6,34.39,59.3,37.787,86.83,normal,healthy,synthetic_prototype_dataset
2026-07-08T18:00:00,HV-2026-006,6,35.04,62.71,37.821,91.44,normal,healthy,synthetic_prototype_dataset
2026-07-08T19:00:00,HV-2026-006,6,33.4,65.84,37.858,93.87,normal,healthy,synthetic_prototype_dataset
2026-07-08T20:00:00,HV-2026-006,6,33.39,65.69,37.906,94.47,normal,healthy,synthetic_prototype_dataset
2026-07-08T21:00:00,HV-2026-006,6,33.28,66.39,37.92,85.39,normal,healthy,synthetic_prototype_dataset
2026-07-08T22:00:00,HV-2026-006,6,33.52,67.78,37.979,88.87,normal,healthy,synthetic_prototype_dataset
2026-07-08T23:00:00,HV-2026-006,6,33.66,66.06,37.943,91.63,normal,healthy,synthetic_prototype_dataset
2026-07-09T00:00:00,HV-2026-006,6,32.9,67.87,37.961,76.85,normal,healthy,synthetic_prototype_dataset
2026-07-09T01:00:00,HV-2026-006,6,33.19,71.12,37.997,76.98,normal,healthy,synthetic_prototype_dataset
2026-07-09T02:00:00,HV-2026-006,6,34.0,69.55,38.021,78.81,normal,healthy,synthetic_prototype_dataset
2026-07-09T03:00:00,HV-2026-006,6,33.85,66.84,38.043,77.53,normal,healthy,synthetic_prototype_dataset
2026-07-09T04:00:00,HV-2026-006,6,33.61,66.04,38.019,65.91,normal,warning,synthetic_prototype_dataset
2026-07-09T05:00:00,HV-2026-006,6,34.02,65.55,38.006,80.82,normal,healthy,synthetic_prototype_dataset
2026-07-09T06:00:00,HV-2026-006,6,34.05,65.16,38.045,83.62,normal,healthy,synthetic_prototype_dataset
2026-07-09T07:00:00,HV-2026-006,6,35.1,59.1,38.107,83.77,normal,healthy,synthetic_prototype_dataset
2026-07-09T08:00:00,HV-2026-006,6,34.37,61.16,38.167,78.88,normal,healthy,synthetic_prototype_dataset
2026-07-09T09:00:00,HV-2026-006,6,34.35,58.03,38.181,86.71,normal,healthy,synthetic_prototype_dataset
2026-07-09T10:00:00,HV-2026-006,6,35.61,56.71,38.198,84.14,normal,healthy,synthetic_prototype_dataset
2026-07-09T11:00:00,HV-2026-006,6,35.8,55.33,38.248,82.57,normal,healthy,synthetic_prototype_dataset
2026-07-09T12:00:00,HV-2026-006,6,34.65,57.72,38.31,86.6,normal,healthy,synthetic_prototype_dataset
2026-07-09T13:00:00,HV-2026-006,6,35.58,56.62,38.382,84.9,normal,healthy,synthetic_prototype_dataset
2026-07-09T14:00:00,HV-2026-006,6,36.03,54.8,38.43,87.98,normal,warning,synthetic_prototype_dataset
2026-07-09T15:00:00,HV-2026-006,6,35.89,56.91,38.442,84.05,normal,healthy,synthetic_prototype_dataset
2026-07-09T16:00:00,HV-2026-006,6,34.92,60.47,38.417,87.97,normal,healthy,synthetic_prototype_dataset
2026-07-09T17:00:00,HV-2026-006,6,35.13,61.52,38.454,84.61,normal,healthy,synthetic_prototype_dataset
2026-07-09T18:00:00,HV-2026-006,6,34.48,63.57,38.478,90.53,normal,healthy,synthetic_prototype_dataset
2026-07-09T19:00:00,HV-2026-006,6,34.04,64.5,38.466,93.29,normal,healthy,synthetic_prototype_dataset
2026-07-09T20:00:00,HV-2026-006,6,33.32,67.3,38.555,93.38,normal,healthy,synthetic_prototype_dataset
2026-07-09T21:00:00,HV-2026-006,6,33.83,68.91,38.575,85.78,normal,healthy,synthetic_prototype_dataset
2026-07-09T22:00:00,HV-2026-006,6,33.28,70.61,38.614,90.88,normal,healthy,synthetic_prototype_dataset
2026-07-09T23:00:00,HV-2026-006,6,33.81,69.99,38.646,80.46,normal,healthy,synthetic_prototype_dataset
2026-07-10T00:00:00,HV-2026-006,6,34.28,69.64,38.693,74.55,normal,healthy,synthetic_prototype_dataset
2026-07-10T01:00:00,HV-2026-006,6,33.11,69.72,38.675,67.32,normal,warning,synthetic_prototype_dataset
2026-07-10T02:00:00,HV-2026-006,6,33.96,70.43,38.668,77.58,normal,healthy,synthetic_prototype_dataset
2026-07-10T03:00:00,HV-2026-006,6,34.02,67.08,38.707,79.52,normal,healthy,synthetic_prototype_dataset
2026-07-10T04:00:00,HV-2026-006,6,33.27,67.84,38.745,82.58,normal,healthy,synthetic_prototype_dataset
2026-07-10T05:00:00,HV-2026-006,6,34.48,64.45,38.76,83.08,normal,healthy,synthetic_prototype_dataset
2026-07-10T06:00:00,HV-2026-006,6,34.41,64.44,38.776,79.78,normal,healthy,synthetic_prototype_dataset
2026-07-10T07:00:00,HV-2026-006,6,35.41,61.53,38.787,76.32,normal,healthy,synthetic_prototype_dataset
2026-07-10T08:00:00,HV-2026-006,6,34.44,60.06,38.819,76.77,normal,healthy,synthetic_prototype_dataset
2026-07-10T09:00:00,HV-2026-006,6,34.66,58.8,38.865,82.74,normal,healthy,synthetic_prototype_dataset
2026-07-10T10:00:00,HV-2026-006,6,35.25,58.03,38.897,86.03,normal,healthy,synthetic_prototype_dataset
2026-07-10T11:00:00,HV-2026-006,6,35.38,58.69,38.99,84.93,normal,healthy,synthetic_prototype_dataset
2026-07-10T12:00:00,HV-2026-006,6,36.05,57.79,38.997,83.86,normal,warning,synthetic_prototype_dataset
2026-07-10T13:00:00,HV-2026-006,6,35.9,60.27,38.998,92.84,normal,healthy,synthetic_prototype_dataset
2026-07-10T14:00:00,HV-2026-006,6,35.61,57.26,39.083,95.2,normal,healthy,synthetic_prototype_dataset
2026-07-10T15:00:00,HV-2026-006,6,35.68,60.53,39.091,87.08,normal,healthy,synthetic_prototype_dataset
2026-07-10T16:00:00,HV-2026-006,6,34.61,58.95,39.149,90.27,normal,healthy,synthetic_prototype_dataset
2026-07-10T17:00:00,HV-2026-006,6,35.68,65.27,39.178,87.5,normal,healthy,synthetic_prototype_dataset
2026-07-10T18:00:00,HV-2026-006,6,35.09,65.66,39.223,92.47,normal,healthy,synthetic_prototype_dataset
2026-07-10T19:00:00,HV-2026-006,6,34.48,63.41,39.205,89.7,normal,healthy,synthetic_prototype_dataset
2026-07-10T20:00:00,HV-2026-006,6,33.83,67.38,39.226,83.56,normal,healthy,synthetic_prototype_dataset
2026-07-10T21:00:00,HV-2026-006,6,32.7,69.66,39.227,88.12,normal,healthy,synthetic_prototype_dataset
2026-07-10T22:00:00,HV-2026-006,6,33.19,67.8,39.22,91.69,normal,healthy,synthetic_prototype_dataset
2026-07-10T23:00:00,HV-2026-006,6,33.2,71.29,39.271,88.21,normal,healthy,synthetic_prototype_dataset
2026-07-11T00:00:00,HV-2026-006,6,33.67,70.29,39.344,78.88,normal,healthy,synthetic_prototype_dataset
2026-07-11T01:00:00,HV-2026-006,6,33.78,68.34,39.378,69.58,normal,warning,synthetic_prototype_dataset
2026-07-11T02:00:00,HV-2026-006,6,34.11,68.21,39.386,71.21,normal,healthy,synthetic_prototype_dataset
2026-07-11T03:00:00,HV-2026-006,6,33.67,67.73,39.475,79.01,normal,healthy,synthetic_prototype_dataset
2026-07-11T04:00:00,HV-2026-006,6,33.72,63.77,39.42,72.41,normal,healthy,synthetic_prototype_dataset
2026-07-11T05:00:00,HV-2026-006,6,33.67,65.71,39.44,76.06,normal,healthy,synthetic_prototype_dataset
2026-07-11T06:00:00,HV-2026-006,6,34.18,63.54,39.416,75.69,normal,healthy,synthetic_prototype_dataset
2026-07-11T07:00:00,HV-2026-006,6,35.32,60.8,39.456,70.91,normal,healthy,synthetic_prototype_dataset
2026-07-11T08:00:00,HV-2026-006,6,34.33,60.36,39.522,78.79,normal,healthy,synthetic_prototype_dataset
2026-07-11T09:00:00,HV-2026-006,6,36.49,55.72,39.533,78.41,normal,warning,synthetic_prototype_dataset
2026-07-11T10:00:00,HV-2026-006,6,35.94,56.15,39.533,85.17,normal,healthy,synthetic_prototype_dataset
2026-07-11T11:00:00,HV-2026-006,6,35.92,55.89,39.591,84.05,normal,healthy,synthetic_prototype_dataset
2026-07-11T12:00:00,HV-2026-006,6,35.84,55.95,39.605,82.67,normal,healthy,synthetic_prototype_dataset
2026-07-11T13:00:00,HV-2026-006,6,35.63,56.56,39.582,90.41,normal,healthy,synthetic_prototype_dataset
2026-07-11T14:00:00,HV-2026-006,6,35.74,55.29,39.681,88.27,normal,healthy,synthetic_prototype_dataset
2026-07-11T15:00:00,HV-2026-006,6,34.92,61.15,39.769,85.75,normal,healthy,synthetic_prototype_dataset
2026-07-11T16:00:00,HV-2026-006,6,35.11,58.94,39.741,90.66,normal,healthy,synthetic_prototype_dataset
2026-07-11T17:00:00,HV-2026-006,6,35.32,62.64,39.776,93.18,normal,healthy,synthetic_prototype_dataset
2026-07-11T18:00:00,HV-2026-006,6,34.1,66.54,39.779,87.69,normal,healthy,synthetic_prototype_dataset
2026-07-11T19:00:00,HV-2026-006,6,34.01,63.91,39.797,89.07,normal,healthy,synthetic_prototype_dataset
2026-07-11T20:00:00,HV-2026-006,6,34.01,65.29,39.828,85.71,normal,healthy,synthetic_prototype_dataset
2026-07-11T21:00:00,HV-2026-006,6,34.02,69.51,39.853,86.66,normal,healthy,synthetic_prototype_dataset
2026-07-11T22:00:00,HV-2026-006,6,33.62,67.73,39.879,87.59,normal,healthy,synthetic_prototype_dataset
2026-07-11T23:00:00,HV-2026-006,6,34.53,67.82,39.811,84.88,normal,healthy,synthetic_prototype_dataset
2026-07-12T00:00:00,HV-2026-006,6,32.57,68.86,39.79,72.83,normal,healthy,synthetic_prototype_dataset
2026-07-12T01:00:00,HV-2026-006,6,32.9,71.67,39.813,79.76,normal,healthy,synthetic_prototype_dataset
2026-07-12T02:00:00,HV-2026-006,6,33.53,70.91,39.828,81.58,normal,healthy,synthetic_prototype_dataset
2026-07-12T03:00:00,HV-2026-006,6,33.93,66.72,39.875,76.09,normal,healthy,synthetic_prototype_dataset
2026-07-12T04:00:00,HV-2026-006,6,33.9,66.85,39.926,68.59,normal,warning,synthetic_prototype_dataset
2026-07-12T05:00:00,HV-2026-006,6,34.15,66.21,39.959,72.06,normal,healthy,synthetic_prototype_dataset
2026-07-12T06:00:00,HV-2026-006,6,33.57,66.23,39.978,81.3,normal,healthy,synthetic_prototype_dataset
2026-07-12T07:00:00,HV-2026-006,6,35.33,59.93,39.915,76.21,normal,healthy,synthetic_prototype_dataset
2026-07-12T08:00:00,HV-2026-006,6,35.27,60.48,39.906,80.25,normal,healthy,synthetic_prototype_dataset
2026-07-12T09:00:00,HV-2026-006,6,35.64,60.0,39.929,82.91,normal,healthy,synthetic_prototype_dataset
2026-07-12T10:00:00,HV-2026-006,6,35.9,58.69,39.938,72.25,normal,healthy,synthetic_prototype_dataset
2026-07-12T11:00:00,HV-2026-006,6,35.79,56.0,39.939,79.24,normal,healthy,synthetic_prototype_dataset
2026-07-12T12:00:00,HV-2026-006,6,35.68,55.97,39.984,77.9,normal,healthy,synthetic_prototype_dataset
2026-07-12T13:00:00,HV-2026-006,6,35.11,58.44,40.021,87.1,normal,healthy,synthetic_prototype_dataset
2026-07-12T14:00:00,HV-2026-006,6,35.17,57.1,40.05,85.96,normal,healthy,synthetic_prototype_dataset
2026-07-12T15:00:00,HV-2026-006,6,34.9,56.66,40.159,87.71,normal,healthy,synthetic_prototype_dataset
2026-07-12T16:00:00,HV-2026-006,6,35.64,59.32,40.186,87.3,normal,healthy,synthetic_prototype_dataset
2026-07-12T17:00:00,HV-2026-006,6,35.58,62.03,40.193,88.5,normal,healthy,synthetic_prototype_dataset
2026-07-12T18:00:00,HV-2026-006,6,35.12,58.06,40.233,91.88,normal,healthy,synthetic_prototype_dataset
2026-07-12T19:00:00,HV-2026-006,6,33.97,65.26,40.276,85.57,normal,healthy,synthetic_prototype_dataset
2026-07-12T20:00:00,HV-2026-006,6,34.37,67.21,40.295,89.89,normal,healthy,synthetic_prototype_dataset
2026-07-12T21:00:00,HV-2026-006,6,34.04,72.29,40.342,91.77,normal,healthy,synthetic_prototype_dataset
2026-07-12T22:00:00,HV-2026-006,6,33.6,72.66,40.315,82.04,normal,healthy,synthetic_prototype_dataset
2026-07-12T23:00:00,HV-2026-006,6,33.45,71.12,40.25,87.09,normal,healthy,synthetic_prototype_dataset
2026-07-13T00:00:00,HV-2026-006,6,33.28,71.44,40.29,69.67,normal,warning,synthetic_prototype_dataset
2026-07-13T01:00:00,HV-2026-006,6,32.92,68.41,40.341,77.31,normal,healthy,synthetic_prototype_dataset
2026-07-13T02:00:00,HV-2026-006,6,33.26,69.42,40.329,83.17,normal,healthy,synthetic_prototype_dataset
2026-07-13T03:00:00,HV-2026-006,6,34.0,69.46,40.402,79.56,normal,healthy,synthetic_prototype_dataset
2026-07-13T04:00:00,HV-2026-006,6,34.03,66.26,40.472,76.09,normal,healthy,synthetic_prototype_dataset
2026-07-13T05:00:00,HV-2026-006,6,33.99,68.45,40.465,69.93,normal,warning,synthetic_prototype_dataset
2026-07-13T06:00:00,HV-2026-006,6,35.11,61.78,40.505,82.36,normal,healthy,synthetic_prototype_dataset
2026-07-13T07:00:00,HV-2026-006,6,34.38,61.21,40.582,80.21,normal,healthy,synthetic_prototype_dataset
2026-07-13T08:00:00,HV-2026-006,6,35.23,63.9,40.608,81.01,normal,healthy,synthetic_prototype_dataset
2026-07-13T09:00:00,HV-2026-006,6,36.33,59.91,40.688,75.92,normal,warning,synthetic_prototype_dataset
2026-07-13T10:00:00,HV-2026-006,6,36.34,57.34,40.7,81.37,normal,warning,synthetic_prototype_dataset
2026-07-13T11:00:00,HV-2026-006,6,36.01,59.7,40.754,81.74,normal,warning,synthetic_prototype_dataset
2026-07-13T12:00:00,HV-2026-006,6,35.51,56.01,40.749,83.4,normal,healthy,synthetic_prototype_dataset
2026-07-13T13:00:00,HV-2026-006,6,35.81,55.58,40.818,84.52,normal,healthy,synthetic_prototype_dataset
2026-07-13T14:00:00,HV-2026-006,6,34.68,54.0,40.859,86.07,normal,healthy,synthetic_prototype_dataset
2026-07-13T15:00:00,HV-2026-006,6,35.03,61.67,40.929,88.73,normal,healthy,synthetic_prototype_dataset
2026-07-13T16:00:00,HV-2026-006,6,35.42,59.12,40.923,93.13,normal,healthy,synthetic_prototype_dataset
2026-07-13T17:00:00,HV-2026-006,6,35.39,57.73,40.965,91.06,normal,healthy,synthetic_prototype_dataset
2026-07-13T18:00:00,HV-2026-006,6,34.52,66.87,41.064,88.68,normal,healthy,synthetic_prototype_dataset
2026-07-13T19:00:00,HV-2026-006,6,34.23,64.3,41.068,86.66,normal,healthy,synthetic_prototype_dataset
2026-07-13T20:00:00,HV-2026-006,6,34.24,70.13,41.147,92.29,normal,healthy,synthetic_prototype_dataset
2026-07-13T21:00:00,HV-2026-006,6,32.66,64.69,41.209,94.6,normal,healthy,synthetic_prototype_dataset
2026-07-13T22:00:00,HV-2026-006,6,33.79,68.61,41.282,90.76,normal,healthy,synthetic_prototype_dataset
2026-07-13T23:00:00,HV-2026-006,6,33.92,66.52,41.319,93.32,normal,healthy,synthetic_prototype_dataset
2026-07-14T00:00:00,HV-2026-006,6,33.62,71.75,41.345,76.37,normal,healthy,synthetic_prototype_dataset
2026-07-14T01:00:00,HV-2026-006,6,34.06,68.6,41.343,74.33,normal,healthy,synthetic_prototype_dataset
2026-07-14T02:00:00,HV-2026-006,6,33.57,66.21,41.394,75.43,normal,healthy,synthetic_prototype_dataset
2026-07-14T03:00:00,HV-2026-006,6,34.15,64.18,41.449,80.68,normal,healthy,synthetic_prototype_dataset
2026-07-14T04:00:00,HV-2026-006,6,34.23,66.6,41.504,80.45,normal,healthy,synthetic_prototype_dataset
2026-07-14T05:00:00,HV-2026-006,6,34.58,65.93,41.587,78.66,normal,healthy,synthetic_prototype_dataset
2026-07-14T06:00:00,HV-2026-006,6,34.32,65.32,41.607,76.12,normal,healthy,synthetic_prototype_dataset
2026-07-14T07:00:00,HV-2026-006,6,35.07,62.98,41.694,77.91,normal,healthy,synthetic_prototype_dataset
2026-07-14T08:00:00,HV-2026-006,6,36.11,59.84,41.772,79.52,normal,warning,synthetic_prototype_dataset
2026-07-14T09:00:00,HV-2026-006,6,35.38,61.55,41.786,79.07,normal,healthy,synthetic_prototype_dataset
2026-07-14T10:00:00,HV-2026-006,6,35.25,59.26,41.876,84.31,normal,healthy,synthetic_prototype_dataset
2026-07-14T11:00:00,HV-2026-006,6,35.5,56.27,41.906,80.92,normal,healthy,synthetic_prototype_dataset
2026-07-14T12:00:00,HV-2026-006,6,35.76,56.95,41.927,86.92,normal,healthy,synthetic_prototype_dataset
2026-07-14T13:00:00,HV-2026-006,6,35.14,59.3,41.957,90.15,normal,healthy,synthetic_prototype_dataset
2026-07-14T14:00:00,HV-2026-006,6,35.9,57.71,41.959,85.46,normal,healthy,synthetic_prototype_dataset
2026-07-14T15:00:00,HV-2026-006,6,35.27,58.14,42.046,90.45,normal,healthy,synthetic_prototype_dataset
2026-07-14T16:00:00,HV-2026-006,6,34.93,59.7,42.081,88.29,normal,healthy,synthetic_prototype_dataset
2026-07-14T17:00:00,HV-2026-006,6,35.01,62.61,42.09,88.67,normal,healthy,synthetic_prototype_dataset
2026-07-14T18:00:00,HV-2026-006,6,35.13,63.89,42.165,95.03,normal,healthy,synthetic_prototype_dataset
2026-07-14T19:00:00,HV-2026-006,6,33.74,65.37,42.172,85.68,normal,healthy,synthetic_prototype_dataset
2026-07-14T20:00:00,HV-2026-006,6,33.68,66.0,42.187,87.4,normal,healthy,synthetic_prototype_dataset
2026-07-14T21:00:00,HV-2026-006,6,33.76,72.4,42.151,92.91,normal,healthy,synthetic_prototype_dataset
2026-07-14T22:00:00,HV-2026-006,6,33.55,68.32,42.105,90.79,normal,healthy,synthetic_prototype_dataset
2026-07-14T23:00:00,HV-2026-006,6,32.78,71.3,42.191,82.62,normal,healthy,synthetic_prototype_dataset
2026-07-15T00:00:00,HV-2026-006,6,33.92,70.06,42.143,71.78,normal,healthy,synthetic_prototype_dataset
2026-07-15T01:00:00,HV-2026-006,6,33.52,70.49,42.113,76.11,normal,healthy,synthetic_prototype_dataset
2026-07-15T02:00:00,HV-2026-006,6,33.94,70.87,42.123,77.53,normal,healthy,synthetic_prototype_dataset
2026-07-15T03:00:00,HV-2026-006,6,34.26,69.5,42.18,76.4,normal,healthy,synthetic_prototype_dataset
2026-07-15T04:00:00,HV-2026-006,6,34.0,67.0,42.178,79.89,normal,healthy,synthetic_prototype_dataset
2026-07-15T05:00:00,HV-2026-006,6,33.67,63.91,42.202,77.64,normal,healthy,synthetic_prototype_dataset
2026-07-15T06:00:00,HV-2026-006,6,34.99,65.69,42.229,73.49,normal,healthy,synthetic_prototype_dataset
2026-07-15T07:00:00,HV-2026-006,6,34.97,60.62,42.272,74.09,normal,healthy,synthetic_prototype_dataset
2026-07-15T08:00:00,HV-2026-006,6,35.27,62.43,42.308,75.94,normal,healthy,synthetic_prototype_dataset
2026-07-15T09:00:00,HV-2026-006,6,35.46,54.04,42.34,87.12,normal,healthy,synthetic_prototype_dataset
2026-07-15T10:00:00,HV-2026-006,6,35.29,54.33,42.355,86.22,normal,healthy,synthetic_prototype_dataset
2026-07-15T11:00:00,HV-2026-006,6,36.72,57.06,42.351,79.41,normal,warning,synthetic_prototype_dataset
2026-07-15T12:00:00,HV-2026-006,6,36.8,55.45,42.398,81.13,normal,warning,synthetic_prototype_dataset
2026-07-15T13:00:00,HV-2026-006,6,35.26,58.05,42.471,80.13,normal,healthy,synthetic_prototype_dataset
2026-07-15T14:00:00,HV-2026-006,6,35.22,55.2,42.54,85.5,normal,healthy,synthetic_prototype_dataset
2026-07-15T15:00:00,HV-2026-006,6,35.8,57.73,42.583,90.67,normal,healthy,synthetic_prototype_dataset
2026-07-15T16:00:00,HV-2026-006,6,35.47,59.48,42.632,90.28,normal,healthy,synthetic_prototype_dataset
2026-07-15T17:00:00,HV-2026-006,6,34.94,60.42,42.732,88.33,normal,healthy,synthetic_prototype_dataset
2026-07-15T18:00:00,HV-2026-006,6,35.31,61.78,42.79,96.24,normal,healthy,synthetic_prototype_dataset
2026-07-15T19:00:00,HV-2026-006,6,34.21,63.62,42.8,89.81,normal,healthy,synthetic_prototype_dataset
2026-07-15T20:00:00,HV-2026-006,6,34.19,66.44,42.81,96.36,normal,healthy,synthetic_prototype_dataset
2026-07-15T21:00:00,HV-2026-006,6,33.69,66.84,42.864,91.9,normal,healthy,synthetic_prototype_dataset
2026-07-15T22:00:00,HV-2026-006,6,34.21,72.54,42.901,87.12,normal,healthy,synthetic_prototype_dataset
2026-07-15T23:00:00,HV-2026-006,6,32.58,68.08,42.933,82.97,normal,healthy,synthetic_prototype_dataset
2026-07-16T00:00:00,HV-2026-006,6,32.69,70.12,42.986,75.14,normal,healthy,synthetic_prototype_dataset
2026-07-16T01:00:00,HV-2026-006,6,33.85,70.87,43.051,83.61,normal,healthy,synthetic_prototype_dataset
2026-07-16T02:00:00,HV-2026-006,6,34.75,70.38,43.06,76.22,normal,healthy,synthetic_prototype_dataset
2026-07-16T03:00:00,HV-2026-006,6,34.49,66.34,43.135,75.41,normal,healthy,synthetic_prototype_dataset
2026-07-16T04:00:00,HV-2026-006,6,34.15,65.05,43.114,75.02,normal,healthy,synthetic_prototype_dataset
2026-07-16T05:00:00,HV-2026-006,6,34.95,63.55,43.196,73.99,normal,healthy,synthetic_prototype_dataset
2026-07-16T06:00:00,HV-2026-006,6,34.22,63.46,43.244,76.66,normal,healthy,synthetic_prototype_dataset
2026-07-16T07:00:00,HV-2026-006,6,35.1,64.07,43.273,76.18,normal,healthy,synthetic_prototype_dataset
2026-07-16T08:00:00,HV-2026-006,6,34.84,61.79,43.287,78.48,normal,healthy,synthetic_prototype_dataset
2026-07-16T09:00:00,HV-2026-006,6,36.09,61.75,43.33,80.23,normal,warning,synthetic_prototype_dataset
2026-07-16T10:00:00,HV-2026-006,6,35.82,56.12,43.355,81.77,normal,healthy,synthetic_prototype_dataset
2026-07-16T11:00:00,HV-2026-006,6,36.37,56.08,43.444,81.56,normal,warning,synthetic_prototype_dataset
2026-07-16T12:00:00,HV-2026-006,6,35.83,58.3,43.487,85.46,normal,healthy,synthetic_prototype_dataset
2026-07-16T13:00:00,HV-2026-006,6,35.97,58.88,43.54,91.48,normal,healthy,synthetic_prototype_dataset
2026-07-16T14:00:00,HV-2026-006,6,35.72,58.9,43.591,91.21,normal,healthy,synthetic_prototype_dataset
2026-07-16T15:00:00,HV-2026-006,6,36.05,56.36,43.634,91.9,normal,warning,synthetic_prototype_dataset
2026-07-16T16:00:00,HV-2026-006,6,35.85,61.76,43.676,94.91,normal,healthy,synthetic_prototype_dataset
2026-07-16T17:00:00,HV-2026-006,6,34.74,58.5,43.7,94.07,normal,healthy,synthetic_prototype_dataset
2026-07-16T18:00:00,HV-2026-006,6,34.21,60.35,43.669,92.58,normal,healthy,synthetic_prototype_dataset
2026-07-16T19:00:00,HV-2026-006,6,33.71,65.8,43.683,87.18,normal,healthy,synthetic_prototype_dataset
2026-07-16T20:00:00,HV-2026-006,6,33.6,66.87,43.682,89.51,normal,healthy,synthetic_prototype_dataset
2026-07-16T21:00:00,HV-2026-006,6,33.96,69.05,43.739,89.51,normal,healthy,synthetic_prototype_dataset
2026-07-16T22:00:00,HV-2026-006,6,33.1,69.9,43.787,87.49,normal,healthy,synthetic_prototype_dataset
2026-07-16T23:00:00,HV-2026-006,6,33.31,74.22,43.767,88.83,normal,healthy,synthetic_prototype_dataset
2026-07-17T00:00:00,HV-2026-006,6,33.87,69.4,43.786,74.59,normal,healthy,synthetic_prototype_dataset
2026-07-17T01:00:00,HV-2026-006,6,33.44,71.39,43.804,86.89,normal,healthy,synthetic_prototype_dataset
2026-07-17T02:00:00,HV-2026-006,6,33.37,71.55,43.848,76.38,normal,healthy,synthetic_prototype_dataset
2026-07-17T03:00:00,HV-2026-006,6,34.44,65.08,43.888,73.49,normal,healthy,synthetic_prototype_dataset
2026-07-17T04:00:00,HV-2026-006,6,33.85,65.64,43.879,70.22,normal,healthy,synthetic_prototype_dataset
2026-07-17T05:00:00,HV-2026-006,6,34.53,64.7,43.894,78.66,normal,healthy,synthetic_prototype_dataset
2026-07-17T06:00:00,HV-2026-006,6,34.9,62.53,44.026,79.56,normal,healthy,synthetic_prototype_dataset
2026-07-17T07:00:00,HV-2026-006,6,36.13,60.45,44.059,72.56,normal,warning,synthetic_prototype_dataset
2026-07-17T08:00:00,HV-2026-006,6,35.2,58.46,44.194,77.2,normal,healthy,synthetic_prototype_dataset
2026-07-17T09:00:00,HV-2026-006,6,35.51,55.44,44.246,78.21,normal,healthy,synthetic_prototype_dataset
2026-07-17T10:00:00,HV-2026-006,6,36.24,53.73,44.28,74.89,normal,warning,synthetic_prototype_dataset
2026-07-17T11:00:00,HV-2026-006,6,35.73,55.73,44.3,82.77,normal,healthy,synthetic_prototype_dataset
2026-07-17T12:00:00,HV-2026-006,6,36.43,59.92,44.354,79.86,normal,warning,synthetic_prototype_dataset
2026-07-17T13:00:00,HV-2026-006,6,35.98,55.61,44.428,88.11,normal,healthy,synthetic_prototype_dataset
2026-07-17T14:00:00,HV-2026-006,6,35.11,58.93,44.504,93.36,normal,healthy,synthetic_prototype_dataset
2026-07-17T15:00:00,HV-2026-006,6,35.38,58.6,44.503,88.75,normal,healthy,synthetic_prototype_dataset
2026-07-17T16:00:00,HV-2026-006,6,35.52,58.37,44.553,90.11,normal,healthy,synthetic_prototype_dataset
2026-07-17T17:00:00,HV-2026-006,6,34.83,63.71,44.579,90.35,normal,healthy,synthetic_prototype_dataset
2026-07-17T18:00:00,HV-2026-006,6,34.04,63.95,44.592,93.35,normal,healthy,synthetic_prototype_dataset
2026-07-17T19:00:00,HV-2026-006,6,33.77,65.6,44.54,92.04,normal,healthy,synthetic_prototype_dataset
2026-07-17T20:00:00,HV-2026-006,6,33.97,67.23,44.544,86.2,normal,healthy,synthetic_prototype_dataset
2026-07-17T21:00:00,HV-2026-006,6,33.58,68.31,44.59,90.0,normal,healthy,synthetic_prototype_dataset
2026-07-17T22:00:00,HV-2026-006,6,33.15,72.38,44.626,85.95,normal,healthy,synthetic_prototype_dataset
2026-07-17T23:00:00,HV-2026-006,6,33.63,70.23,44.645,86.08,normal,healthy,synthetic_prototype_dataset
2026-07-18T00:00:00,HV-2026-006,6,33.83,73.15,44.599,80.31,normal,healthy,synthetic_prototype_dataset
2026-07-18T01:00:00,HV-2026-006,6,33.44,70.23,44.671,66.71,normal,warning,synthetic_prototype_dataset
2026-07-18T02:00:00,HV-2026-006,6,33.93,71.41,44.672,71.12,normal,healthy,synthetic_prototype_dataset
2026-07-18T03:00:00,HV-2026-006,6,34.5,64.83,44.712,79.58,normal,healthy,synthetic_prototype_dataset
2026-07-18T04:00:00,HV-2026-006,6,34.21,67.56,44.727,77.62,normal,healthy,synthetic_prototype_dataset
2026-07-18T05:00:00,HV-2026-006,6,34.03,63.81,44.754,70.61,normal,healthy,synthetic_prototype_dataset
2026-07-18T06:00:00,HV-2026-006,6,34.94,58.58,44.791,77.6,normal,healthy,synthetic_prototype_dataset
2026-07-18T07:00:00,HV-2026-006,6,34.66,59.01,44.802,80.07,normal,healthy,synthetic_prototype_dataset
2026-07-18T08:00:00,HV-2026-006,6,35.49,57.54,44.835,80.54,normal,healthy,synthetic_prototype_dataset
2026-07-18T09:00:00,HV-2026-006,6,35.7,56.32,44.875,84.57,normal,healthy,synthetic_prototype_dataset
2026-07-18T10:00:00,HV-2026-006,6,36.05,57.72,44.97,83.22,normal,warning,synthetic_prototype_dataset
2026-07-18T11:00:00,HV-2026-006,6,35.56,54.77,45.017,79.49,normal,healthy,synthetic_prototype_dataset
2026-07-18T12:00:00,HV-2026-006,6,35.84,56.88,45.1,80.5,normal,healthy,synthetic_prototype_dataset
2026-07-18T13:00:00,HV-2026-006,6,35.98,56.16,45.145,87.6,normal,healthy,synthetic_prototype_dataset
2026-07-18T14:00:00,HV-2026-006,6,35.8,59.49,45.23,95.63,normal,healthy,synthetic_prototype_dataset
2026-07-18T15:00:00,HV-2026-006,6,35.6,57.35,45.237,87.12,normal,healthy,synthetic_prototype_dataset
2026-07-18T16:00:00,HV-2026-006,6,35.66,61.11,45.299,87.2,normal,healthy,synthetic_prototype_dataset
2026-07-18T17:00:00,HV-2026-006,6,34.72,64.75,45.303,94.84,normal,healthy,synthetic_prototype_dataset
2026-07-18T18:00:00,HV-2026-006,6,34.87,61.73,45.292,87.59,normal,healthy,synthetic_prototype_dataset
2026-07-18T19:00:00,HV-2026-006,6,34.54,63.22,45.371,89.15,normal,healthy,synthetic_prototype_dataset
2026-07-18T20:00:00,HV-2026-006,6,34.35,67.66,45.453,87.99,normal,healthy,synthetic_prototype_dataset
2026-07-18T21:00:00,HV-2026-006,6,33.81,65.47,45.481,92.92,normal,healthy,synthetic_prototype_dataset
2026-07-18T22:00:00,HV-2026-006,6,33.66,73.27,45.525,86.23,normal,healthy,synthetic_prototype_dataset
2026-07-18T23:00:00,HV-2026-006,6,33.63,67.17,45.522,82.85,normal,healthy,synthetic_prototype_dataset
2026-07-19T00:00:00,HV-2026-006,6,33.37,69.99,45.589,75.65,normal,healthy,synthetic_prototype_dataset
2026-07-19T01:00:00,HV-2026-006,6,32.96,72.67,45.511,76.13,normal,healthy,synthetic_prototype_dataset
2026-07-19T02:00:00,HV-2026-006,6,33.64,69.14,45.553,76.39,normal,healthy,synthetic_prototype_dataset
2026-07-19T03:00:00,HV-2026-006,6,33.97,66.96,45.527,75.84,normal,healthy,synthetic_prototype_dataset
2026-07-19T04:00:00,HV-2026-006,6,33.55,65.29,45.593,81.45,normal,healthy,synthetic_prototype_dataset
2026-07-19T05:00:00,HV-2026-006,6,34.84,66.63,45.62,79.55,normal,healthy,synthetic_prototype_dataset
2026-07-19T06:00:00,HV-2026-006,6,34.83,66.6,45.613,78.35,normal,healthy,synthetic_prototype_dataset
2026-07-19T07:00:00,HV-2026-006,6,34.43,62.51,45.578,73.58,normal,healthy,synthetic_prototype_dataset
2026-07-19T08:00:00,HV-2026-006,6,34.74,60.05,45.62,88.2,normal,healthy,synthetic_prototype_dataset
2026-07-19T09:00:00,HV-2026-006,6,35.54,59.54,45.659,83.77,normal,healthy,synthetic_prototype_dataset
2026-07-19T10:00:00,HV-2026-006,6,35.86,59.02,45.66,74.43,normal,healthy,synthetic_prototype_dataset
2026-07-19T11:00:00,HV-2026-006,6,36.11,53.09,45.747,81.84,normal,warning,synthetic_prototype_dataset
2026-07-19T12:00:00,HV-2026-006,6,35.5,60.96,45.788,85.16,normal,healthy,synthetic_prototype_dataset
2026-07-19T13:00:00,HV-2026-006,6,36.26,57.8,45.871,80.64,normal,warning,synthetic_prototype_dataset
2026-07-19T14:00:00,HV-2026-006,6,36.03,56.51,45.881,88.06,normal,warning,synthetic_prototype_dataset
2026-07-19T15:00:00,HV-2026-006,6,34.77,59.81,45.912,87.26,normal,healthy,synthetic_prototype_dataset
2026-07-19T16:00:00,HV-2026-006,6,35.25,59.3,45.99,85.69,normal,healthy,synthetic_prototype_dataset
2026-07-19T17:00:00,HV-2026-006,6,34.83,60.9,45.986,90.44,normal,healthy,synthetic_prototype_dataset
2026-07-19T18:00:00,HV-2026-006,6,34.34,60.57,46.034,95.42,normal,healthy,synthetic_prototype_dataset
2026-07-19T19:00:00,HV-2026-006,6,34.35,64.72,46.055,88.07,normal,healthy,synthetic_prototype_dataset
2026-07-19T20:00:00,HV-2026-006,6,34.54,66.77,46.004,93.72,normal,healthy,synthetic_prototype_dataset
2026-07-19T21:00:00,HV-2026-006,6,34.18,69.13,45.932,88.92,normal,healthy,synthetic_prototype_dataset
2026-07-19T22:00:00,HV-2026-006,6,33.94,69.84,45.964,91.26,normal,healthy,synthetic_prototype_dataset
2026-07-19T23:00:00,HV-2026-006,6,33.47,72.03,45.995,87.39,normal,healthy,synthetic_prototype_dataset
2026-07-20T00:00:00,HV-2026-006,6,33.74,69.46,45.982,76.01,normal,healthy,synthetic_prototype_dataset
2026-07-20T01:00:00,HV-2026-006,6,33.65,71.6,46.039,75.76,normal,healthy,synthetic_prototype_dataset
2026-07-20T02:00:00,HV-2026-006,6,33.44,68.17,46.073,70.26,normal,healthy,synthetic_prototype_dataset
2026-07-20T03:00:00,HV-2026-006,6,33.73,73.25,46.045,76.55,normal,healthy,synthetic_prototype_dataset
2026-07-20T04:00:00,HV-2026-006,6,34.16,67.58,46.037,77.8,normal,healthy,synthetic_prototype_dataset
2026-07-20T05:00:00,HV-2026-006,6,34.06,62.41,46.095,78.33,normal,healthy,synthetic_prototype_dataset
2026-07-20T06:00:00,HV-2026-006,6,34.2,62.19,46.1,70.25,normal,healthy,synthetic_prototype_dataset
2026-07-20T07:00:00,HV-2026-006,6,35.32,62.8,46.113,77.73,normal,healthy,synthetic_prototype_dataset
2026-07-20T08:00:00,HV-2026-006,6,35.34,60.11,46.095,81.33,normal,healthy,synthetic_prototype_dataset
2026-07-20T09:00:00,HV-2026-006,6,35.03,59.45,46.092,76.81,normal,healthy,synthetic_prototype_dataset
2026-07-20T10:00:00,HV-2026-006,6,35.75,57.02,46.134,79.88,normal,healthy,synthetic_prototype_dataset
2026-07-20T11:00:00,HV-2026-006,6,35.99,56.95,46.215,85.17,normal,healthy,synthetic_prototype_dataset
2026-07-20T12:00:00,HV-2026-006,6,35.67,53.75,46.204,87.03,normal,healthy,synthetic_prototype_dataset
2026-07-20T13:00:00,HV-2026-006,6,36.25,54.81,46.256,84.73,normal,warning,synthetic_prototype_dataset
2026-07-20T14:00:00,HV-2026-006,6,36.09,58.67,46.219,91.12,normal,warning,synthetic_prototype_dataset
2026-07-20T15:00:00,HV-2026-006,6,35.67,57.27,46.242,89.05,normal,healthy,synthetic_prototype_dataset
2026-07-20T16:00:00,HV-2026-006,6,35.06,57.99,46.255,85.88,normal,healthy,synthetic_prototype_dataset
2026-07-20T17:00:00,HV-2026-006,6,35.58,61.46,46.368,91.18,normal,healthy,synthetic_prototype_dataset
2026-07-20T18:00:00,HV-2026-006,6,34.9,61.26,46.39,90.25,normal,healthy,synthetic_prototype_dataset
2026-07-20T19:00:00,HV-2026-006,6,34.02,64.15,46.429,91.42,normal,healthy,synthetic_prototype_dataset
2026-07-20T20:00:00,HV-2026-006,6,33.39,67.18,46.474,87.46,normal,healthy,synthetic_prototype_dataset
2026-07-20T21:00:00,HV-2026-006,6,33.41,68.92,46.409,88.94,normal,healthy,synthetic_prototype_dataset
2026-07-20T22:00:00,HV-2026-006,6,34.25,64.56,46.462,90.03,normal,healthy,synthetic_prototype_dataset
2026-07-20T23:00:00,HV-2026-006,6,32.74,70.87,46.522,82.99,normal,healthy,synthetic_prototype_dataset
2026-07-21T00:00:00,HV-2026-006,6,32.99,70.31,46.582,74.11,normal,healthy,synthetic_prototype_dataset
2026-07-21T01:00:00,HV-2026-006,6,33.33,68.83,46.607,79.66,normal,healthy,synthetic_prototype_dataset
2026-07-21T02:00:00,HV-2026-006,6,33.53,68.69,46.631,73.2,normal,healthy,synthetic_prototype_dataset
2026-07-21T03:00:00,HV-2026-006,6,33.24,70.38,46.714,69.73,normal,warning,synthetic_prototype_dataset
2026-07-21T04:00:00,HV-2026-006,6,34.22,68.31,46.696,74.35,normal,healthy,synthetic_prototype_dataset
2026-07-21T05:00:00,HV-2026-006,6,34.01,68.5,46.779,72.78,normal,healthy,synthetic_prototype_dataset
2026-07-21T06:00:00,HV-2026-006,6,33.95,64.66,46.823,80.35,normal,healthy,synthetic_prototype_dataset
2026-07-21T07:00:00,HV-2026-006,6,34.47,62.76,46.823,80.01,normal,healthy,synthetic_prototype_dataset
2026-07-21T08:00:00,HV-2026-006,6,35.24,63.19,46.868,78.52,normal,healthy,synthetic_prototype_dataset
2026-07-21T09:00:00,HV-2026-006,6,35.59,58.14,46.861,88.09,normal,healthy,synthetic_prototype_dataset
2026-07-21T10:00:00,HV-2026-006,6,36.45,56.89,46.924,87.02,normal,warning,synthetic_prototype_dataset
2026-07-21T11:00:00,HV-2026-006,6,36.42,55.95,46.961,75.58,normal,warning,synthetic_prototype_dataset
2026-07-21T12:00:00,HV-2026-006,6,36.25,58.51,47.047,86.57,normal,warning,synthetic_prototype_dataset
2026-07-21T13:00:00,HV-2026-006,6,36.02,54.71,47.101,84.75,normal,warning,synthetic_prototype_dataset
2026-07-21T14:00:00,HV-2026-006,6,35.97,55.83,47.162,92.76,normal,healthy,synthetic_prototype_dataset
2026-07-21T15:00:00,HV-2026-006,6,35.7,58.91,47.235,95.13,normal,healthy,synthetic_prototype_dataset
2026-07-21T16:00:00,HV-2026-006,6,35.21,60.71,47.325,91.87,normal,healthy,synthetic_prototype_dataset
2026-07-21T17:00:00,HV-2026-006,6,34.04,60.17,47.385,88.48,normal,healthy,synthetic_prototype_dataset
2026-07-21T18:00:00,HV-2026-006,6,35.25,66.61,47.394,86.39,normal,healthy,synthetic_prototype_dataset
2026-07-21T19:00:00,HV-2026-006,6,34.11,64.33,47.473,86.26,normal,healthy,synthetic_prototype_dataset
2026-07-21T20:00:00,HV-2026-006,6,34.29,69.27,47.527,91.05,normal,healthy,synthetic_prototype_dataset
2026-07-21T21:00:00,HV-2026-006,6,33.61,71.55,47.543,92.25,normal,healthy,synthetic_prototype_dataset
2026-07-21T22:00:00,HV-2026-006,6,33.41,66.02,47.559,87.58,normal,healthy,synthetic_prototype_dataset
2026-07-21T23:00:00,HV-2026-006,6,33.29,68.84,47.606,89.69,normal,healthy,synthetic_prototype_dataset
2026-07-22T00:00:00,HV-2026-006,6,33.13,69.82,47.594,76.89,normal,healthy,synthetic_prototype_dataset
2026-07-22T01:00:00,HV-2026-006,6,33.93,72.62,47.598,82.97,normal,healthy,synthetic_prototype_dataset
2026-07-22T02:00:00,HV-2026-006,6,33.28,67.62,47.575,72.23,normal,healthy,synthetic_prototype_dataset
2026-07-22T03:00:00,HV-2026-006,6,33.8,67.87,47.578,73.03,normal,healthy,synthetic_prototype_dataset
2026-07-22T04:00:00,HV-2026-006,6,33.43,65.28,47.639,82.31,normal,healthy,synthetic_prototype_dataset
2026-07-22T05:00:00,HV-2026-006,6,35.07,66.43,47.647,73.66,normal,healthy,synthetic_prototype_dataset
2026-07-22T06:00:00,HV-2026-006,6,34.91,62.94,47.686,82.76,normal,healthy,synthetic_prototype_dataset
2026-07-22T07:00:00,HV-2026-006,6,35.0,65.67,47.672,79.39,normal,healthy,synthetic_prototype_dataset
2026-07-22T08:00:00,HV-2026-006,6,35.36,58.11,47.729,84.98,normal,healthy,synthetic_prototype_dataset
2026-07-22T09:00:00,HV-2026-006,6,36.48,59.17,47.697,79.69,normal,warning,synthetic_prototype_dataset
2026-07-22T10:00:00,HV-2026-006,6,36.03,56.9,47.742,81.13,normal,warning,synthetic_prototype_dataset
2026-07-22T11:00:00,HV-2026-006,6,35.76,58.45,47.831,80.08,normal,healthy,synthetic_prototype_dataset
2026-07-22T12:00:00,HV-2026-006,6,35.64,53.52,47.938,88.95,normal,healthy,synthetic_prototype_dataset
2026-07-22T13:00:00,HV-2026-006,6,34.92,56.5,47.971,84.46,normal,healthy,synthetic_prototype_dataset
2026-07-22T14:00:00,HV-2026-006,6,36.16,59.14,48.023,84.77,normal,warning,synthetic_prototype_dataset
2026-07-22T15:00:00,HV-2026-006,6,35.2,58.51,48.047,88.91,normal,healthy,synthetic_prototype_dataset
2026-07-22T16:00:00,HV-2026-006,6,35.47,57.12,48.059,89.41,normal,healthy,synthetic_prototype_dataset
2026-07-22T17:00:00,HV-2026-006,6,35.61,63.09,48.093,91.29,normal,healthy,synthetic_prototype_dataset
2026-07-22T18:00:00,HV-2026-006,6,34.52,65.32,48.137,94.48,normal,healthy,synthetic_prototype_dataset
2026-07-22T19:00:00,HV-2026-006,6,33.62,63.74,48.172,91.61,normal,healthy,synthetic_prototype_dataset
2026-07-22T20:00:00,HV-2026-006,6,35.0,63.63,48.196,89.25,normal,healthy,synthetic_prototype_dataset
2026-07-22T21:00:00,HV-2026-006,6,33.75,71.45,48.251,83.32,normal,healthy,synthetic_prototype_dataset
2026-07-22T22:00:00,HV-2026-006,6,34.13,72.15,48.286,82.46,normal,healthy,synthetic_prototype_dataset
2026-07-22T23:00:00,HV-2026-006,6,33.24,70.99,48.346,80.91,normal,healthy,synthetic_prototype_dataset
2026-07-23T00:00:00,HV-2026-006,6,32.87,72.49,48.423,77.51,normal,healthy,synthetic_prototype_dataset
2026-07-23T01:00:00,HV-2026-006,6,33.78,71.09,48.482,76.51,normal,healthy,synthetic_prototype_dataset
2026-07-23T02:00:00,HV-2026-006,6,33.61,67.38,48.532,71.62,normal,healthy,synthetic_prototype_dataset
2026-07-23T03:00:00,HV-2026-006,6,33.93,67.67,48.57,72.67,normal,healthy,synthetic_prototype_dataset
2026-07-23T04:00:00,HV-2026-006,6,33.64,67.68,48.621,79.83,normal,healthy,synthetic_prototype_dataset
2026-07-23T05:00:00,HV-2026-006,6,33.67,62.62,48.612,72.27,normal,healthy,synthetic_prototype_dataset
2026-07-23T06:00:00,HV-2026-006,6,35.23,65.93,48.602,81.99,normal,healthy,synthetic_prototype_dataset
2026-07-23T07:00:00,HV-2026-006,6,35.43,58.77,48.591,72.02,normal,healthy,synthetic_prototype_dataset
2026-07-23T08:00:00,HV-2026-006,6,35.13,60.05,48.622,72.53,normal,healthy,synthetic_prototype_dataset
2026-07-23T09:00:00,HV-2026-006,6,34.8,59.03,48.677,74.29,normal,healthy,synthetic_prototype_dataset
2026-07-23T10:00:00,HV-2026-006,6,35.07,59.29,48.672,82.95,normal,healthy,synthetic_prototype_dataset
2026-07-23T11:00:00,HV-2026-006,6,35.18,58.25,48.642,83.46,normal,healthy,synthetic_prototype_dataset
2026-07-23T12:00:00,HV-2026-006,6,36.24,57.61,48.668,81.75,normal,warning,synthetic_prototype_dataset
2026-07-23T13:00:00,HV-2026-006,6,35.67,54.43,48.708,86.82,normal,healthy,synthetic_prototype_dataset
2026-07-23T14:00:00,HV-2026-006,6,35.46,59.25,48.713,82.16,normal,healthy,synthetic_prototype_dataset
2026-07-23T15:00:00,HV-2026-006,6,35.2,58.79,48.75,88.41,normal,healthy,synthetic_prototype_dataset
2026-07-23T16:00:00,HV-2026-006,6,34.66,58.25,48.77,87.54,normal,healthy,synthetic_prototype_dataset
2026-07-23T17:00:00,HV-2026-006,6,35.35,62.18,48.786,93.71,normal,healthy,synthetic_prototype_dataset
2026-07-23T18:00:00,HV-2026-006,6,34.72,61.07,48.702,85.36,normal,healthy,synthetic_prototype_dataset
2026-07-23T19:00:00,HV-2026-006,6,34.45,66.93,48.669,92.19,normal,healthy,synthetic_prototype_dataset
2026-07-23T20:00:00,HV-2026-006,6,34.15,69.52,48.727,94.25,normal,healthy,synthetic_prototype_dataset
2026-07-23T21:00:00,HV-2026-006,6,33.82,69.28,48.74,91.81,normal,healthy,synthetic_prototype_dataset
2026-07-23T22:00:00,HV-2026-006,6,32.79,69.33,48.784,93.05,normal,healthy,synthetic_prototype_dataset
2026-07-23T23:00:00,HV-2026-006,6,33.05,72.02,48.802,90.56,normal,healthy,synthetic_prototype_dataset
2026-07-24T00:00:00,HV-2026-006,6,32.81,71.97,48.824,71.85,normal,healthy,synthetic_prototype_dataset
2026-07-24T01:00:00,HV-2026-006,6,33.14,72.8,48.813,70.8,normal,healthy,synthetic_prototype_dataset
2026-07-24T02:00:00,HV-2026-006,6,33.52,66.7,48.893,81.38,normal,healthy,synthetic_prototype_dataset
2026-07-24T03:00:00,HV-2026-006,6,34.02,68.59,48.976,80.71,normal,healthy,synthetic_prototype_dataset
2026-07-24T04:00:00,HV-2026-006,6,33.58,69.75,48.969,75.31,normal,healthy,synthetic_prototype_dataset
2026-07-24T05:00:00,HV-2026-006,6,33.32,65.74,48.984,74.42,normal,healthy,synthetic_prototype_dataset
2026-07-24T06:00:00,HV-2026-006,6,34.39,62.62,49.01,80.49,normal,healthy,synthetic_prototype_dataset
2026-07-24T07:00:00,HV-2026-006,6,34.33,63.4,49.043,79.14,normal,healthy,synthetic_prototype_dataset
2026-07-24T08:00:00,HV-2026-006,6,35.1,58.87,49.088,81.44,normal,healthy,synthetic_prototype_dataset
2026-07-24T09:00:00,HV-2026-006,6,35.03,56.3,49.125,84.0,normal,healthy,synthetic_prototype_dataset
2026-07-24T10:00:00,HV-2026-006,6,36.05,59.77,49.176,81.75,normal,warning,synthetic_prototype_dataset
2026-07-24T11:00:00,HV-2026-006,6,35.72,54.66,49.193,84.34,normal,healthy,synthetic_prototype_dataset
2026-07-24T12:00:00,HV-2026-006,6,35.65,56.83,49.187,81.87,normal,healthy,synthetic_prototype_dataset
2026-07-24T13:00:00,HV-2026-006,6,36.07,55.4,49.206,86.93,normal,warning,synthetic_prototype_dataset
2026-07-24T14:00:00,HV-2026-006,6,35.18,59.59,49.205,88.13,normal,healthy,synthetic_prototype_dataset
2026-07-24T15:00:00,HV-2026-006,6,35.05,58.99,49.228,88.85,normal,healthy,synthetic_prototype_dataset
2026-07-24T16:00:00,HV-2026-006,6,35.67,58.92,49.241,88.42,normal,healthy,synthetic_prototype_dataset
2026-07-24T17:00:00,HV-2026-006,6,35.47,61.69,49.318,89.26,normal,healthy,synthetic_prototype_dataset
2026-07-24T18:00:00,HV-2026-006,6,35.0,64.4,49.367,84.97,normal,healthy,synthetic_prototype_dataset
2026-07-24T19:00:00,HV-2026-006,6,33.42,67.4,49.429,98.0,normal,healthy,synthetic_prototype_dataset
2026-07-24T20:00:00,HV-2026-006,6,33.15,68.04,49.419,86.93,normal,healthy,synthetic_prototype_dataset
2026-07-24T21:00:00,HV-2026-006,6,33.32,69.3,49.42,89.05,normal,healthy,synthetic_prototype_dataset
2026-07-24T22:00:00,HV-2026-006,6,33.72,71.75,49.47,89.71,normal,healthy,synthetic_prototype_dataset
2026-07-24T23:00:00,HV-2026-006,6,33.15,69.4,49.513,83.43,normal,healthy,synthetic_prototype_dataset
2026-07-25T00:00:00,HV-2026-006,6,33.17,68.89,49.537,72.31,normal,healthy,synthetic_prototype_dataset
2026-07-25T01:00:00,HV-2026-006,6,32.98,69.37,49.534,75.69,normal,healthy,synthetic_prototype_dataset
2026-07-25T02:00:00,HV-2026-006,6,32.19,66.64,49.587,76.52,normal,healthy,synthetic_prototype_dataset
2026-07-25T03:00:00,HV-2026-006,6,33.17,70.53,49.59,73.97,normal,healthy,synthetic_prototype_dataset
2026-07-25T04:00:00,HV-2026-006,6,33.41,70.76,49.623,76.68,normal,healthy,synthetic_prototype_dataset
2026-07-25T05:00:00,HV-2026-006,6,34.28,62.3,49.627,77.59,normal,healthy,synthetic_prototype_dataset
2026-07-25T06:00:00,HV-2026-006,6,34.41,67.79,49.634,79.3,normal,healthy,synthetic_prototype_dataset
2026-07-25T07:00:00,HV-2026-006,6,35.11,62.27,49.67,76.81,normal,healthy,synthetic_prototype_dataset
2026-07-25T08:00:00,HV-2026-006,6,34.17,60.95,49.715,81.67,normal,healthy,synthetic_prototype_dataset
2026-07-25T09:00:00,HV-2026-006,6,35.36,60.62,49.718,86.5,normal,healthy,synthetic_prototype_dataset
2026-07-25T10:00:00,HV-2026-006,6,35.09,57.57,49.78,81.2,normal,healthy,synthetic_prototype_dataset
2026-07-25T11:00:00,HV-2026-006,6,36.0,56.45,49.825,83.86,normal,warning,synthetic_prototype_dataset
2026-07-25T12:00:00,HV-2026-006,6,35.45,60.88,49.838,77.9,normal,healthy,synthetic_prototype_dataset
2026-07-25T13:00:00,HV-2026-006,6,35.31,57.3,49.867,90.67,normal,healthy,synthetic_prototype_dataset
2026-07-25T14:00:00,HV-2026-006,6,35.98,57.19,49.851,83.63,normal,healthy,synthetic_prototype_dataset
2026-07-25T15:00:00,HV-2026-006,6,35.32,56.06,49.879,93.91,normal,healthy,synthetic_prototype_dataset
2026-07-25T16:00:00,HV-2026-006,6,35.22,60.41,49.88,90.16,normal,healthy,synthetic_prototype_dataset
2026-07-25T17:00:00,HV-2026-006,6,34.63,62.44,49.939,93.02,normal,healthy,synthetic_prototype_dataset
2026-07-25T18:00:00,HV-2026-006,6,34.47,64.75,49.951,93.96,normal,healthy,synthetic_prototype_dataset
2026-07-25T19:00:00,HV-2026-006,6,33.68,65.26,50.019,88.19,normal,healthy,synthetic_prototype_dataset
2026-07-25T20:00:00,HV-2026-006,6,33.16,66.59,50.093,81.58,normal,healthy,synthetic_prototype_dataset
2026-07-25T21:00:00,HV-2026-006,6,33.54,67.63,50.112,87.71,normal,healthy,synthetic_prototype_dataset
2026-07-25T22:00:00,HV-2026-006,6,33.72,69.98,50.173,92.62,normal,healthy,synthetic_prototype_dataset
2026-07-25T23:00:00,HV-2026-006,6,33.17,69.94,50.211,89.1,normal,healthy,synthetic_prototype_dataset
2026-07-26T00:00:00,HV-2026-006,6,32.53,71.42,50.227,74.53,normal,healthy,synthetic_prototype_dataset
2026-07-26T01:00:00,HV-2026-006,6,32.78,69.64,50.296,74.73,normal,healthy,synthetic_prototype_dataset
2026-07-26T02:00:00,HV-2026-006,6,33.74,70.3,50.281,76.67,normal,healthy,synthetic_prototype_dataset
2026-07-26T03:00:00,HV-2026-006,6,32.9,70.04,50.299,78.99,normal,healthy,synthetic_prototype_dataset
2026-07-26T04:00:00,HV-2026-006,6,34.35,64.38,50.308,71.77,normal,healthy,synthetic_prototype_dataset
2026-07-26T05:00:00,HV-2026-006,6,34.98,65.02,50.287,83.84,normal,healthy,synthetic_prototype_dataset
2026-07-26T06:00:00,HV-2026-006,6,34.02,61.08,50.271,76.5,normal,healthy,synthetic_prototype_dataset
2026-07-26T07:00:00,HV-2026-006,6,34.71,60.68,50.279,78.01,normal,healthy,synthetic_prototype_dataset
2026-07-26T08:00:00,HV-2026-006,6,35.6,61.1,50.289,78.82,normal,healthy,synthetic_prototype_dataset
2026-07-26T09:00:00,HV-2026-006,6,35.62,62.07,50.285,85.26,normal,healthy,synthetic_prototype_dataset
2026-07-26T10:00:00,HV-2026-006,6,35.34,55.01,50.258,87.67,normal,healthy,synthetic_prototype_dataset
2026-07-26T11:00:00,HV-2026-006,6,36.26,56.21,50.292,76.47,normal,warning,synthetic_prototype_dataset
2026-07-26T12:00:00,HV-2026-006,6,35.99,56.95,50.28,86.62,normal,healthy,synthetic_prototype_dataset
2026-07-26T13:00:00,HV-2026-006,6,34.98,58.24,50.285,88.29,normal,healthy,synthetic_prototype_dataset
2026-07-26T14:00:00,HV-2026-006,6,35.18,53.68,50.362,91.8,normal,healthy,synthetic_prototype_dataset
2026-07-26T15:00:00,HV-2026-006,6,35.03,59.54,50.418,90.58,normal,healthy,synthetic_prototype_dataset
2026-07-26T16:00:00,HV-2026-006,6,35.78,61.25,50.443,91.02,normal,healthy,synthetic_prototype_dataset
2026-07-26T17:00:00,HV-2026-006,6,34.49,60.27,50.52,91.75,normal,healthy,synthetic_prototype_dataset
2026-07-26T18:00:00,HV-2026-006,6,33.51,62.77,50.576,84.53,normal,healthy,synthetic_prototype_dataset
2026-07-26T19:00:00,HV-2026-006,6,33.67,70.6,50.589,93.67,normal,healthy,synthetic_prototype_dataset
2026-07-26T20:00:00,HV-2026-006,6,34.38,65.86,50.624,96.73,normal,healthy,synthetic_prototype_dataset
2026-07-26T21:00:00,HV-2026-006,6,33.64,73.21,50.626,95.22,normal,healthy,synthetic_prototype_dataset
2026-07-26T22:00:00,HV-2026-006,6,33.23,69.47,50.674,87.73,normal,healthy,synthetic_prototype_dataset
2026-07-26T23:00:00,HV-2026-006,6,33.06,71.63,50.636,84.31,normal,healthy,synthetic_prototype_dataset
2026-07-27T00:00:00,HV-2026-006,6,33.31,72.97,50.673,76.97,normal,healthy,synthetic_prototype_dataset
2026-07-27T01:00:00,HV-2026-006,6,33.21,72.67,50.648,74.22,normal,healthy,synthetic_prototype_dataset
2026-07-27T02:00:00,HV-2026-006,6,33.13,70.6,50.599,71.6,normal,healthy,synthetic_prototype_dataset
2026-07-27T03:00:00,HV-2026-006,6,33.36,70.96,50.61,73.67,normal,healthy,synthetic_prototype_dataset
2026-07-27T04:00:00,HV-2026-006,6,33.87,67.1,50.666,75.23,normal,healthy,synthetic_prototype_dataset
2026-07-27T05:00:00,HV-2026-006,6,33.45,68.56,50.734,72.66,normal,healthy,synthetic_prototype_dataset
2026-07-27T06:00:00,HV-2026-006,6,34.46,63.6,50.781,72.94,normal,healthy,synthetic_prototype_dataset
2026-07-27T07:00:00,HV-2026-006,6,35.01,64.53,50.772,78.06,normal,healthy,synthetic_prototype_dataset
2026-07-27T08:00:00,HV-2026-006,6,35.48,58.88,50.779,81.94,normal,healthy,synthetic_prototype_dataset
2026-07-27T09:00:00,HV-2026-006,6,35.13,56.4,50.801,87.47,normal,healthy,synthetic_prototype_dataset
2026-07-27T10:00:00,HV-2026-006,6,36.34,56.98,50.807,79.03,normal,warning,synthetic_prototype_dataset
2026-07-27T11:00:00,HV-2026-006,6,36.35,58.94,50.899,85.56,normal,warning,synthetic_prototype_dataset
2026-07-27T12:00:00,HV-2026-006,6,34.99,55.48,50.917,84.07,normal,healthy,synthetic_prototype_dataset
2026-07-27T13:00:00,HV-2026-006,6,35.24,56.41,50.982,87.58,normal,healthy,synthetic_prototype_dataset
2026-07-27T14:00:00,HV-2026-006,6,35.96,58.58,51.001,88.78,normal,healthy,synthetic_prototype_dataset
2026-07-27T15:00:00,HV-2026-006,6,34.52,55.08,51.064,92.5,normal,healthy,synthetic_prototype_dataset
2026-07-27T16:00:00,HV-2026-006,6,34.97,59.98,51.055,93.61,normal,healthy,synthetic_prototype_dataset
2026-07-27T17:00:00,HV-2026-006,6,34.84,62.9,51.089,88.24,normal,healthy,synthetic_prototype_dataset
2026-07-27T18:00:00,HV-2026-006,6,33.78,64.64,51.1,88.52,normal,healthy,synthetic_prototype_dataset
2026-07-27T19:00:00,HV-2026-006,6,34.72,65.91,51.039,88.01,normal,healthy,synthetic_prototype_dataset
2026-07-27T20:00:00,HV-2026-006,6,33.18,67.44,51.014,91.04,normal,healthy,synthetic_prototype_dataset
2026-07-27T21:00:00,HV-2026-006,6,33.23,68.28,51.044,88.67,normal,healthy,synthetic_prototype_dataset
2026-07-27T22:00:00,HV-2026-006,6,33.1,69.85,51.068,89.33,normal,healthy,synthetic_prototype_dataset
2026-07-27T23:00:00,HV-2026-006,6,33.13,72.98,51.074,87.94,normal,healthy,synthetic_prototype_dataset
2026-07-28T00:00:00,HV-2026-006,6,34.02,71.31,51.099,71.58,normal,healthy,synthetic_prototype_dataset
2026-07-28T01:00:00,HV-2026-006,6,32.64,70.95,51.143,78.27,normal,healthy,synthetic_prototype_dataset
2026-07-28T02:00:00,HV-2026-006,6,33.24,71.89,51.133,77.71,normal,healthy,synthetic_prototype_dataset
2026-07-28T03:00:00,HV-2026-006,6,33.3,69.56,51.145,72.66,normal,healthy,synthetic_prototype_dataset
2026-07-28T04:00:00,HV-2026-006,6,33.02,68.46,51.188,75.55,normal,healthy,synthetic_prototype_dataset
2026-07-28T05:00:00,HV-2026-006,6,33.87,64.9,51.23,76.21,normal,healthy,synthetic_prototype_dataset
2026-07-28T06:00:00,HV-2026-006,6,34.05,65.94,51.278,70.62,normal,healthy,synthetic_prototype_dataset
2026-07-28T07:00:00,HV-2026-006,6,34.57,60.85,51.308,66.8,normal,warning,synthetic_prototype_dataset
2026-07-28T08:00:00,HV-2026-006,6,34.96,62.16,51.334,75.55,normal,healthy,synthetic_prototype_dataset
2026-07-28T09:00:00,HV-2026-006,6,36.02,61.51,51.349,80.33,normal,warning,synthetic_prototype_dataset
2026-07-28T10:00:00,HV-2026-006,6,34.45,59.17,51.339,85.33,normal,healthy,synthetic_prototype_dataset
2026-07-28T11:00:00,HV-2026-006,6,35.93,57.49,51.342,88.89,normal,healthy,synthetic_prototype_dataset
2026-07-28T12:00:00,HV-2026-006,6,35.52,57.55,51.352,86.58,normal,healthy,synthetic_prototype_dataset
2026-07-28T13:00:00,HV-2026-006,6,35.38,55.23,51.442,93.26,normal,healthy,synthetic_prototype_dataset
2026-07-28T14:00:00,HV-2026-006,6,35.8,59.88,51.546,84.46,normal,healthy,synthetic_prototype_dataset
2026-07-28T15:00:00,HV-2026-006,6,34.66,58.69,51.597,87.91,normal,healthy,synthetic_prototype_dataset
2026-07-28T16:00:00,HV-2026-006,6,34.41,60.89,51.631,92.47,normal,healthy,synthetic_prototype_dataset
2026-07-28T17:00:00,HV-2026-006,6,34.57,59.14,51.679,95.42,normal,healthy,synthetic_prototype_dataset
2026-07-28T18:00:00,HV-2026-006,6,34.23,66.16,51.691,91.98,normal,healthy,synthetic_prototype_dataset
2026-07-28T19:00:00,HV-2026-006,6,33.54,65.75,51.707,91.55,normal,healthy,synthetic_prototype_dataset
2026-07-28T20:00:00,HV-2026-006,6,33.2,65.25,51.749,91.04,normal,healthy,synthetic_prototype_dataset
2026-07-28T21:00:00,HV-2026-006,6,33.35,71.01,51.767,89.92,normal,healthy,synthetic_prototype_dataset
2026-07-28T22:00:00,HV-2026-006,6,32.93,69.98,51.804,96.06,normal,healthy,synthetic_prototype_dataset
2026-07-28T23:00:00,HV-2026-006,6,33.29,72.13,51.856,78.89,normal,healthy,synthetic_prototype_dataset
2026-07-29T00:00:00,HV-2026-006,6,32.99,73.22,51.884,75.85,normal,healthy,synthetic_prototype_dataset
2026-07-29T01:00:00,HV-2026-006,6,32.47,70.57,51.88,79.5,normal,healthy,synthetic_prototype_dataset
2026-07-29T02:00:00,HV-2026-006,6,33.7,74.13,51.875,73.66,normal,healthy,synthetic_prototype_dataset
2026-07-29T03:00:00,HV-2026-006,6,32.89,67.7,51.865,74.2,normal,healthy,synthetic_prototype_dataset
2026-07-29T04:00:00,HV-2026-006,6,33.89,66.79,51.927,80.79,normal,healthy,synthetic_prototype_dataset
2026-07-29T05:00:00,HV-2026-006,6,33.94,68.61,51.904,74.05,normal,healthy,synthetic_prototype_dataset
2026-07-29T06:00:00,HV-2026-006,6,34.23,64.99,51.979,72.5,normal,healthy,synthetic_prototype_dataset
2026-07-29T07:00:00,HV-2026-006,6,34.24,62.62,51.986,74.18,normal,healthy,synthetic_prototype_dataset
2026-07-29T08:00:00,HV-2026-006,6,34.58,60.64,52.066,76.05,normal,healthy,synthetic_prototype_dataset
2026-07-29T09:00:00,HV-2026-006,6,35.43,61.92,52.082,82.27,normal,healthy,synthetic_prototype_dataset
2026-07-29T10:00:00,HV-2026-006,6,35.53,59.26,52.123,80.62,normal,healthy,synthetic_prototype_dataset
2026-07-29T11:00:00,HV-2026-006,6,35.7,57.15,52.164,85.14,normal,healthy,synthetic_prototype_dataset
2026-07-29T12:00:00,HV-2026-006,6,35.83,61.05,52.181,86.08,normal,healthy,synthetic_prototype_dataset
2026-07-29T13:00:00,HV-2026-006,6,34.73,60.49,52.226,86.06,normal,healthy,synthetic_prototype_dataset
2026-07-29T14:00:00,HV-2026-006,6,35.29,58.71,52.242,92.28,normal,healthy,synthetic_prototype_dataset
2026-07-29T15:00:00,HV-2026-006,6,35.35,61.05,52.259,86.36,normal,healthy,synthetic_prototype_dataset
2026-07-29T16:00:00,HV-2026-006,6,34.74,62.52,52.314,86.8,normal,healthy,synthetic_prototype_dataset
2026-07-29T17:00:00,HV-2026-006,6,34.78,61.02,52.325,90.43,normal,healthy,synthetic_prototype_dataset
2026-07-29T18:00:00,HV-2026-006,6,33.62,62.85,52.409,94.78,normal,healthy,synthetic_prototype_dataset
2026-07-29T19:00:00,HV-2026-006,6,34.84,67.21,52.457,89.34,normal,healthy,synthetic_prototype_dataset
2026-07-29T20:00:00,HV-2026-006,6,33.34,69.65,52.529,92.28,normal,healthy,synthetic_prototype_dataset
2026-07-29T21:00:00,HV-2026-006,6,32.85,70.24,52.527,87.8,normal,healthy,synthetic_prototype_dataset
2026-07-29T22:00:00,HV-2026-006,6,33.76,68.49,52.628,90.05,normal,healthy,synthetic_prototype_dataset
2026-07-29T23:00:00,HV-2026-006,6,32.68,71.47,52.629,85.19,normal,healthy,synthetic_prototype_dataset
2026-07-30T00:00:00,HV-2026-006,6,32.81,71.2,52.622,75.23,normal,healthy,synthetic_prototype_dataset
2026-07-30T01:00:00,HV-2026-006,6,32.23,69.26,52.602,81.85,normal,healthy,synthetic_prototype_dataset
2026-07-30T02:00:00,HV-2026-006,6,33.13,71.93,52.627,77.77,normal,healthy,synthetic_prototype_dataset
2026-07-30T03:00:00,HV-2026-006,6,33.68,70.47,52.71,75.87,normal,healthy,synthetic_prototype_dataset
2026-07-30T04:00:00,HV-2026-006,6,33.69,69.56,52.702,76.15,normal,healthy,synthetic_prototype_dataset
2026-07-30T05:00:00,HV-2026-006,6,32.91,66.37,52.717,74.81,normal,healthy,synthetic_prototype_dataset
2026-07-30T06:00:00,HV-2026-006,6,33.89,65.71,52.711,82.51,normal,healthy,synthetic_prototype_dataset
2026-07-30T07:00:00,HV-2026-006,6,34.67,61.53,52.759,81.31,normal,healthy,synthetic_prototype_dataset
2026-07-30T08:00:00,HV-2026-006,6,34.89,59.48,52.867,81.86,normal,healthy,synthetic_prototype_dataset
2026-07-30T09:00:00,HV-2026-006,6,34.43,60.22,52.893,81.38,normal,healthy,synthetic_prototype_dataset
2026-07-30T10:00:00,HV-2026-006,6,34.66,58.83,52.902,81.78,normal,healthy,synthetic_prototype_dataset
2026-07-30T11:00:00,HV-2026-006,6,35.5,57.17,52.932,87.39,normal,healthy,synthetic_prototype_dataset
2026-07-30T12:00:00,HV-2026-006,6,34.97,56.62,52.931,83.02,normal,healthy,synthetic_prototype_dataset
2026-07-30T13:00:00,HV-2026-006,6,35.39,59.18,52.946,89.24,normal,healthy,synthetic_prototype_dataset
2026-07-30T14:00:00,HV-2026-006,6,35.25,56.24,52.994,92.3,normal,healthy,synthetic_prototype_dataset
2026-07-30T15:00:00,HV-2026-006,6,34.14,63.45,53.013,83.16,normal,healthy,synthetic_prototype_dataset
2026-07-30T16:00:00,HV-2026-006,6,34.79,62.79,53.041,90.61,normal,healthy,synthetic_prototype_dataset
2026-07-30T17:00:00,HV-2026-006,6,35.36,63.35,53.18,94.31,normal,healthy,synthetic_prototype_dataset
2026-07-30T18:00:00,HV-2026-006,6,34.1,65.32,53.198,90.87,normal,healthy,synthetic_prototype_dataset
2026-07-30T19:00:00,HV-2026-006,6,33.99,65.88,53.175,94.5,normal,healthy,synthetic_prototype_dataset
2026-07-30T20:00:00,HV-2026-006,6,33.86,65.74,53.206,93.12,normal,healthy,synthetic_prototype_dataset
2026-07-30T21:00:00,HV-2026-006,6,33.57,68.49,53.265,88.99,normal,healthy,synthetic_prototype_dataset
2026-07-30T22:00:00,HV-2026-006,6,33.12,69.2,53.141,85.4,normal,healthy,synthetic_prototype_dataset
2026-07-30T23:00:00,HV-2026-006,6,33.06,71.18,53.189,90.98,normal,healthy,synthetic_prototype_dataset
2026-07-31T00:00:00,HV-2026-006,6,32.55,71.23,53.137,70.58,normal,healthy,synthetic_prototype_dataset
2026-07-31T01:00:00,HV-2026-006,6,32.14,72.76,53.151,74.13,normal,healthy,synthetic_prototype_dataset
2026-07-31T02:00:00,HV-2026-006,6,32.58,69.66,53.208,76.33,normal,healthy,synthetic_prototype_dataset
2026-07-31T03:00:00,HV-2026-006,6,33.53,66.0,53.252,74.31,normal,healthy,synthetic_prototype_dataset
2026-07-31T04:00:00,HV-2026-006,6,33.22,70.94,53.263,77.72,normal,healthy,synthetic_prototype_dataset
2026-07-31T05:00:00,HV-2026-006,6,33.21,66.88,53.233,75.8,normal,healthy,synthetic_prototype_dataset
2026-07-31T06:00:00,HV-2026-006,6,34.17,66.99,53.229,74.15,normal,healthy,synthetic_prototype_dataset
2026-07-31T07:00:00,HV-2026-006,6,34.05,62.73,53.22,70.28,normal,healthy,synthetic_prototype_dataset
2026-07-31T08:00:00,HV-2026-006,6,34.18,61.41,53.245,81.56,normal,healthy,synthetic_prototype_dataset
2026-07-31T09:00:00,HV-2026-006,6,35.3,59.24,53.223,82.77,normal,healthy,synthetic_prototype_dataset
2026-07-31T10:00:00,HV-2026-006,6,35.12,58.47,53.304,84.58,normal,healthy,synthetic_prototype_dataset
2026-07-31T11:00:00,HV-2026-006,6,35.31,58.53,53.374,82.11,normal,healthy,synthetic_prototype_dataset
2026-07-31T12:00:00,HV-2026-006,6,34.9,57.58,53.375,85.74,normal,healthy,synthetic_prototype_dataset
2026-07-31T13:00:00,HV-2026-006,6,35.3,58.11,53.406,92.89,normal,healthy,synthetic_prototype_dataset
2026-07-31T14:00:00,HV-2026-006,6,35.55,58.76,53.451,92.94,normal,healthy,synthetic_prototype_dataset
2026-07-31T15:00:00,HV-2026-006,6,34.66,58.31,53.5,90.38,normal,healthy,synthetic_prototype_dataset
2026-07-31T16:00:00,HV-2026-006,6,34.87,62.99,53.512,84.59,normal,healthy,synthetic_prototype_dataset
2026-07-31T17:00:00,HV-2026-006,6,34.07,64.24,53.514,83.11,normal,healthy,synthetic_prototype_dataset
2026-07-31T18:00:00,HV-2026-006,6,34.06,63.98,53.483,90.26,normal,healthy,synthetic_prototype_dataset
2026-07-31T19:00:00,HV-2026-006,6,33.49,69.83,53.511,91.93,normal,healthy,synthetic_prototype_dataset
2026-07-31T20:00:00,HV-2026-006,6,33.34,67.42,53.519,93.31,normal,healthy,synthetic_prototype_dataset
2026-07-31T21:00:00,HV-2026-006,6,33.42,67.27,53.5,84.76,normal,healthy,synthetic_prototype_dataset
2026-07-31T22:00:00,HV-2026-006,6,33.35,67.95,53.553,89.52,normal,healthy,synthetic_prototype_dataset
2026-07-31T23:00:00,HV-2026-006,6,32.81,70.91,53.619,87.5,normal,healthy,synthetic_prototype_dataset
2026-08-01T00:00:00,HV-2026-006,6,31.98,70.03,53.587,80.2,normal,healthy,synthetic_prototype_dataset
2026-08-01T01:00:00,HV-2026-006,6,33.31,73.93,53.607,71.01,normal,healthy,synthetic_prototype_dataset
2026-08-01T02:00:00,HV-2026-006,6,32.33,69.49,53.63,80.86,normal,healthy,synthetic_prototype_dataset
2026-08-01T03:00:00,HV-2026-006,6,33.63,69.28,53.577,71.92,normal,healthy,synthetic_prototype_dataset
2026-08-01T04:00:00,HV-2026-006,6,33.81,69.13,53.589,74.51,normal,healthy,synthetic_prototype_dataset
2026-08-01T05:00:00,HV-2026-006,6,33.25,64.85,53.687,82.01,normal,healthy,synthetic_prototype_dataset
2026-08-01T06:00:00,HV-2026-006,6,33.56,62.05,53.718,75.48,normal,healthy,synthetic_prototype_dataset
2026-08-01T07:00:00,HV-2026-006,6,34.55,64.94,53.702,82.31,normal,healthy,synthetic_prototype_dataset
2026-08-01T08:00:00,HV-2026-006,6,34.42,62.8,53.722,82.85,normal,healthy,synthetic_prototype_dataset
2026-08-01T09:00:00,HV-2026-006,6,33.78,61.59,53.727,81.61,normal,healthy,synthetic_prototype_dataset
2026-08-01T10:00:00,HV-2026-006,6,35.61,57.7,53.731,81.7,normal,healthy,synthetic_prototype_dataset
2026-08-01T11:00:00,HV-2026-006,6,34.99,56.56,53.776,85.08,normal,healthy,synthetic_prototype_dataset
2026-08-01T12:00:00,HV-2026-006,6,35.44,56.73,53.785,85.48,normal,healthy,synthetic_prototype_dataset
2026-08-01T13:00:00,HV-2026-006,6,35.07,58.04,53.803,88.26,normal,healthy,synthetic_prototype_dataset
2026-08-01T14:00:00,HV-2026-006,6,34.63,58.93,53.835,88.01,normal,healthy,synthetic_prototype_dataset
2026-08-01T15:00:00,HV-2026-006,6,35.38,57.89,53.792,86.85,normal,healthy,synthetic_prototype_dataset
2026-08-01T16:00:00,HV-2026-006,6,34.06,56.29,53.891,91.48,normal,healthy,synthetic_prototype_dataset
2026-08-01T17:00:00,HV-2026-006,6,34.56,62.88,53.939,88.4,normal,healthy,synthetic_prototype_dataset
2026-08-01T18:00:00,HV-2026-006,6,34.29,65.55,53.968,90.14,normal,healthy,synthetic_prototype_dataset
2026-08-01T19:00:00,HV-2026-006,6,34.25,67.32,53.957,91.06,normal,healthy,synthetic_prototype_dataset
2026-08-01T20:00:00,HV-2026-006,6,33.5,68.45,53.98,85.79,normal,healthy,synthetic_prototype_dataset
2026-08-01T21:00:00,HV-2026-006,6,33.05,67.97,53.996,86.59,normal,healthy,synthetic_prototype_dataset
2026-08-01T22:00:00,HV-2026-006,6,33.24,74.06,53.981,88.11,normal,healthy,synthetic_prototype_dataset
2026-08-01T23:00:00,HV-2026-006,6,32.53,72.81,54.009,85.75,normal,healthy,synthetic_prototype_dataset
2026-08-02T00:00:00,HV-2026-006,6,32.6,72.03,54.09,73.22,normal,healthy,synthetic_prototype_dataset
2026-08-02T01:00:00,HV-2026-006,6,32.71,73.09,54.13,74.96,normal,healthy,synthetic_prototype_dataset
2026-08-02T02:00:00,HV-2026-006,6,33.34,67.72,54.117,78.32,normal,healthy,synthetic_prototype_dataset
2026-08-02T03:00:00,HV-2026-006,6,32.54,68.68,54.126,73.25,normal,healthy,synthetic_prototype_dataset
2026-08-02T04:00:00,HV-2026-006,6,33.49,70.54,54.154,79.69,normal,healthy,synthetic_prototype_dataset
2026-08-02T05:00:00,HV-2026-006,6,32.89,67.36,54.226,79.42,normal,healthy,synthetic_prototype_dataset
2026-08-02T06:00:00,HV-2026-006,6,34.5,64.35,54.283,74.51,normal,healthy,synthetic_prototype_dataset
2026-08-02T07:00:00,HV-2026-006,6,34.46,65.96,54.28,71.33,normal,healthy,synthetic_prototype_dataset
2026-08-02T08:00:00,HV-2026-006,6,35.34,62.79,54.306,79.06,normal,healthy,synthetic_prototype_dataset
2026-08-02T09:00:00,HV-2026-006,6,33.83,60.84,54.322,81.54,normal,healthy,synthetic_prototype_dataset
2026-08-02T10:00:00,HV-2026-006,6,34.99,53.27,54.377,83.66,normal,healthy,synthetic_prototype_dataset
2026-08-02T11:00:00,HV-2026-006,6,35.26,58.32,54.419,85.13,normal,healthy,synthetic_prototype_dataset
2026-08-02T12:00:00,HV-2026-006,6,35.28,59.27,54.471,92.37,normal,healthy,synthetic_prototype_dataset
2026-08-02T13:00:00,HV-2026-006,6,34.78,57.98,54.573,86.57,normal,healthy,synthetic_prototype_dataset
2026-08-02T14:00:00,HV-2026-006,6,35.4,59.6,54.608,91.58,normal,healthy,synthetic_prototype_dataset
2026-08-02T15:00:00,HV-2026-006,6,35.01,57.7,54.655,85.45,normal,healthy,synthetic_prototype_dataset
2026-08-02T16:00:00,HV-2026-006,6,35.08,65.07,54.758,90.77,normal,healthy,synthetic_prototype_dataset
2026-08-02T17:00:00,HV-2026-006,6,33.98,64.18,54.759,98.0,normal,healthy,synthetic_prototype_dataset
2026-08-02T18:00:00,HV-2026-006,6,34.39,65.96,54.823,88.28,normal,healthy,synthetic_prototype_dataset
2026-08-02T19:00:00,HV-2026-006,6,33.02,63.24,54.851,89.15,normal,healthy,synthetic_prototype_dataset
2026-08-02T20:00:00,HV-2026-006,6,33.44,68.94,54.893,92.36,normal,healthy,synthetic_prototype_dataset
2026-08-02T21:00:00,HV-2026-006,6,32.28,71.93,54.904,90.75,normal,healthy,synthetic_prototype_dataset
2026-08-02T22:00:00,HV-2026-006,6,33.19,73.33,54.933,88.75,normal,healthy,synthetic_prototype_dataset
2026-08-02T23:00:00,HV-2026-006,6,33.0,69.48,54.925,86.13,normal,healthy,synthetic_prototype_dataset
2026-08-03T00:00:00,HV-2026-006,6,31.88,72.13,54.939,76.3,normal,healthy,synthetic_prototype_dataset
2026-08-03T01:00:00,HV-2026-006,6,32.5,74.3,54.984,75.75,normal,healthy,synthetic_prototype_dataset
2026-08-03T02:00:00,HV-2026-006,6,32.51,71.59,55.008,84.82,normal,healthy,synthetic_prototype_dataset
2026-08-03T03:00:00,HV-2026-006,6,32.21,68.9,54.995,76.94,normal,healthy,synthetic_prototype_dataset
2026-08-03T04:00:00,HV-2026-006,6,33.24,68.09,55.051,77.29,normal,healthy,synthetic_prototype_dataset
2026-08-03T05:00:00,HV-2026-006,6,33.87,69.6,55.002,78.4,normal,healthy,synthetic_prototype_dataset
2026-08-03T06:00:00,HV-2026-006,6,33.2,66.07,55.024,75.89,normal,healthy,synthetic_prototype_dataset
2026-08-03T07:00:00,HV-2026-006,6,33.58,65.66,55.004,80.45,normal,healthy,synthetic_prototype_dataset
2026-08-03T08:00:00,HV-2026-006,6,33.79,62.09,55.097,87.89,normal,healthy,synthetic_prototype_dataset
2026-08-03T09:00:00,HV-2026-006,6,33.97,59.4,55.113,89.25,normal,healthy,synthetic_prototype_dataset
2026-08-03T10:00:00,HV-2026-006,6,34.88,61.49,55.161,78.8,normal,healthy,synthetic_prototype_dataset
2026-08-03T11:00:00,HV-2026-006,6,34.2,57.75,55.282,85.42,normal,healthy,synthetic_prototype_dataset
2026-08-03T12:00:00,HV-2026-006,6,35.56,56.07,55.313,88.63,normal,healthy,synthetic_prototype_dataset
2026-08-03T13:00:00,HV-2026-006,6,34.55,58.74,55.326,90.0,normal,healthy,synthetic_prototype_dataset
2026-08-03T14:00:00,HV-2026-006,6,35.09,60.79,55.399,87.33,normal,healthy,synthetic_prototype_dataset
2026-08-03T15:00:00,HV-2026-006,6,35.15,59.61,55.461,82.04,normal,healthy,synthetic_prototype_dataset
2026-08-03T16:00:00,HV-2026-006,6,34.1,66.29,55.52,91.66,normal,healthy,synthetic_prototype_dataset
2026-08-03T17:00:00,HV-2026-006,6,33.75,61.84,55.545,89.65,normal,healthy,synthetic_prototype_dataset
2026-08-03T18:00:00,HV-2026-006,6,34.65,67.45,55.578,90.23,normal,healthy,synthetic_prototype_dataset
2026-08-03T19:00:00,HV-2026-006,6,33.79,65.06,55.536,92.48,normal,healthy,synthetic_prototype_dataset
2026-08-03T20:00:00,HV-2026-006,6,33.17,66.76,55.488,92.65,normal,healthy,synthetic_prototype_dataset
2026-08-03T21:00:00,HV-2026-006,6,32.63,71.29,55.504,88.81,normal,healthy,synthetic_prototype_dataset
2026-08-03T22:00:00,HV-2026-006,6,32.39,71.54,55.549,87.16,normal,healthy,synthetic_prototype_dataset
2026-08-03T23:00:00,HV-2026-006,6,32.38,73.47,55.597,83.13,normal,healthy,synthetic_prototype_dataset
2026-08-04T00:00:00,HV-2026-006,6,32.4,71.87,55.623,81.02,normal,healthy,synthetic_prototype_dataset
2026-08-04T01:00:00,HV-2026-006,6,32.62,76.47,55.656,74.39,normal,warning,synthetic_prototype_dataset
2026-08-04T02:00:00,HV-2026-006,6,32.58,72.13,55.692,72.53,normal,healthy,synthetic_prototype_dataset
2026-08-04T03:00:00,HV-2026-006,6,32.69,69.46,55.753,69.26,normal,warning,synthetic_prototype_dataset
2026-08-04T04:00:00,HV-2026-006,6,33.14,66.58,55.793,74.6,normal,healthy,synthetic_prototype_dataset
2026-08-04T05:00:00,HV-2026-006,6,32.56,69.32,55.73,75.89,normal,healthy,synthetic_prototype_dataset
2026-08-04T06:00:00,HV-2026-006,6,34.03,68.29,55.699,74.19,normal,healthy,synthetic_prototype_dataset
2026-08-04T07:00:00,HV-2026-006,6,34.54,66.07,55.768,86.79,normal,healthy,synthetic_prototype_dataset
2026-08-04T08:00:00,HV-2026-006,6,34.14,62.98,55.786,72.71,normal,healthy,synthetic_prototype_dataset
2026-08-04T09:00:00,HV-2026-006,6,34.59,57.27,55.802,76.22,normal,healthy,synthetic_prototype_dataset
2026-08-04T10:00:00,HV-2026-006,6,35.04,58.35,55.777,86.03,normal,healthy,synthetic_prototype_dataset
2026-08-04T11:00:00,HV-2026-006,6,34.7,58.27,55.783,88.54,normal,healthy,synthetic_prototype_dataset
2026-08-04T12:00:00,HV-2026-006,6,35.14,57.71,55.759,94.69,normal,healthy,synthetic_prototype_dataset
2026-08-04T13:00:00,HV-2026-006,6,35.86,61.65,55.777,85.35,normal,healthy,synthetic_prototype_dataset
2026-08-04T14:00:00,HV-2026-006,6,35.02,58.14,55.785,93.23,normal,healthy,synthetic_prototype_dataset
2026-08-04T15:00:00,HV-2026-006,6,34.61,58.85,55.859,86.93,normal,healthy,synthetic_prototype_dataset
2026-08-04T16:00:00,HV-2026-006,6,33.47,60.27,55.878,90.29,normal,healthy,synthetic_prototype_dataset
2026-08-04T17:00:00,HV-2026-006,6,34.13,66.21,55.904,88.25,normal,healthy,synthetic_prototype_dataset
2026-08-04T18:00:00,HV-2026-006,6,34.28,67.58,55.926,91.02,normal,healthy,synthetic_prototype_dataset
2026-08-04T19:00:00,HV-2026-006,6,33.16,65.53,56.028,87.98,normal,healthy,synthetic_prototype_dataset
2026-08-04T20:00:00,HV-2026-006,6,33.2,66.59,56.079,85.3,normal,healthy,synthetic_prototype_dataset
2026-08-04T21:00:00,HV-2026-006,6,33.55,74.0,56.124,89.34,normal,healthy,synthetic_prototype_dataset
2026-08-04T22:00:00,HV-2026-006,6,32.51,71.79,56.163,88.44,normal,healthy,synthetic_prototype_dataset
2026-08-04T23:00:00,HV-2026-006,6,32.9,70.92,56.242,85.63,normal,healthy,synthetic_prototype_dataset
2026-08-05T00:00:00,HV-2026-006,6,32.01,73.65,56.282,69.92,normal,warning,synthetic_prototype_dataset
2026-08-05T01:00:00,HV-2026-006,6,32.18,68.85,56.283,73.79,normal,healthy,synthetic_prototype_dataset
2026-08-05T02:00:00,HV-2026-006,6,32.66,70.64,56.289,80.56,normal,healthy,synthetic_prototype_dataset
2026-08-05T03:00:00,HV-2026-006,6,33.66,69.29,56.349,77.36,normal,healthy,synthetic_prototype_dataset
2026-08-05T04:00:00,HV-2026-006,6,32.22,68.08,56.268,77.13,normal,healthy,synthetic_prototype_dataset
2026-08-05T05:00:00,HV-2026-006,6,32.83,68.05,56.383,81.58,normal,healthy,synthetic_prototype_dataset
2026-08-05T06:00:00,HV-2026-006,6,33.3,64.18,56.454,72.48,normal,healthy,synthetic_prototype_dataset
2026-08-05T07:00:00,HV-2026-006,6,34.43,69.11,56.502,81.97,normal,healthy,synthetic_prototype_dataset
2026-08-05T08:00:00,HV-2026-006,6,34.78,61.5,56.542,76.28,normal,healthy,synthetic_prototype_dataset
2026-08-05T09:00:00,HV-2026-006,6,35.15,59.1,56.601,85.32,normal,healthy,synthetic_prototype_dataset
2026-08-05T10:00:00,HV-2026-006,6,34.55,58.64,56.632,79.88,normal,healthy,synthetic_prototype_dataset
2026-08-05T11:00:00,HV-2026-006,6,34.98,57.59,56.643,86.44,normal,healthy,synthetic_prototype_dataset
2026-08-05T12:00:00,HV-2026-006,6,35.23,58.47,56.628,90.0,normal,healthy,synthetic_prototype_dataset
2026-08-05T13:00:00,HV-2026-006,6,34.7,62.95,56.667,87.58,normal,healthy,synthetic_prototype_dataset
2026-08-05T14:00:00,HV-2026-006,6,34.58,60.38,56.831,86.9,normal,healthy,synthetic_prototype_dataset
2026-08-05T15:00:00,HV-2026-006,6,35.14,61.21,56.912,82.17,normal,healthy,synthetic_prototype_dataset
2026-08-05T16:00:00,HV-2026-006,6,35.18,63.11,56.941,92.68,normal,healthy,synthetic_prototype_dataset
2026-08-05T17:00:00,HV-2026-006,6,34.05,62.12,56.89,96.27,normal,healthy,synthetic_prototype_dataset
2026-08-05T18:00:00,HV-2026-006,6,33.55,64.9,56.901,95.13,normal,healthy,synthetic_prototype_dataset
2026-08-05T19:00:00,HV-2026-006,6,33.09,68.97,56.914,85.49,normal,healthy,synthetic_prototype_dataset
2026-08-05T20:00:00,HV-2026-006,6,33.41,71.49,56.915,89.39,normal,healthy,synthetic_prototype_dataset
2026-08-05T21:00:00,HV-2026-006,6,32.77,71.75,57.009,87.8,normal,healthy,synthetic_prototype_dataset
2026-08-05T22:00:00,HV-2026-006,6,32.38,71.75,57.001,82.1,normal,healthy,synthetic_prototype_dataset
2026-08-05T23:00:00,HV-2026-006,6,32.45,73.71,57.026,86.89,normal,healthy,synthetic_prototype_dataset
2026-08-06T00:00:00,HV-2026-006,6,31.88,73.63,57.057,77.66,normal,healthy,synthetic_prototype_dataset
2026-08-06T01:00:00,HV-2026-006,6,32.48,73.65,57.128,78.0,normal,healthy,synthetic_prototype_dataset
2026-08-06T02:00:00,HV-2026-006,6,32.68,69.1,57.19,74.96,normal,healthy,synthetic_prototype_dataset
2026-08-06T03:00:00,HV-2026-006,6,32.7,68.83,57.288,67.34,normal,warning,synthetic_prototype_dataset
2026-08-06T04:00:00,HV-2026-006,6,33.61,70.44,57.247,83.13,normal,healthy,synthetic_prototype_dataset
2026-08-06T05:00:00,HV-2026-006,6,33.48,63.74,57.257,77.87,normal,healthy,synthetic_prototype_dataset
2026-08-06T06:00:00,HV-2026-006,6,34.36,65.44,57.189,81.11,normal,healthy,synthetic_prototype_dataset
2026-08-06T07:00:00,HV-2026-006,6,34.15,60.35,57.226,79.4,normal,healthy,synthetic_prototype_dataset
2026-08-06T08:00:00,HV-2026-006,6,34.09,61.19,57.235,78.48,normal,healthy,synthetic_prototype_dataset
2026-08-06T09:00:00,HV-2026-006,6,34.67,62.64,57.193,82.25,normal,healthy,synthetic_prototype_dataset
2026-08-06T10:00:00,HV-2026-006,6,34.93,60.42,57.217,87.97,normal,healthy,synthetic_prototype_dataset
2026-08-06T11:00:00,HV-2026-006,6,35.45,58.75,57.255,87.22,normal,healthy,synthetic_prototype_dataset
2026-08-06T12:00:00,HV-2026-006,6,35.47,57.71,57.26,86.86,normal,healthy,synthetic_prototype_dataset
2026-08-06T13:00:00,HV-2026-006,6,34.34,55.91,57.275,88.57,normal,healthy,synthetic_prototype_dataset
2026-08-06T14:00:00,HV-2026-006,6,35.41,58.84,57.313,88.67,normal,healthy,synthetic_prototype_dataset
2026-08-06T15:00:00,HV-2026-006,6,34.22,59.92,57.365,84.74,normal,healthy,synthetic_prototype_dataset
2026-08-06T16:00:00,HV-2026-006,6,33.89,62.31,57.414,84.22,normal,healthy,synthetic_prototype_dataset
2026-08-06T17:00:00,HV-2026-006,6,33.87,62.04,57.424,92.64,normal,healthy,synthetic_prototype_dataset
2026-08-06T18:00:00,HV-2026-006,6,33.56,69.18,57.451,93.39,normal,healthy,synthetic_prototype_dataset
2026-08-06T19:00:00,HV-2026-006,6,33.61,67.96,57.43,89.51,normal,healthy,synthetic_prototype_dataset
2026-08-06T20:00:00,HV-2026-006,6,32.7,68.65,57.461,84.45,normal,healthy,synthetic_prototype_dataset
2026-08-06T21:00:00,HV-2026-006,6,32.28,69.3,57.477,86.25,normal,healthy,synthetic_prototype_dataset
2026-08-06T22:00:00,HV-2026-006,6,32.15,72.48,57.486,88.14,normal,healthy,synthetic_prototype_dataset
2026-08-06T23:00:00,HV-2026-006,6,31.83,71.45,57.583,84.67,normal,healthy,synthetic_prototype_dataset
2026-08-07T00:00:00,HV-2026-006,6,31.28,73.95,57.583,76.85,normal,healthy,synthetic_prototype_dataset
2026-08-07T01:00:00,HV-2026-006,6,32.24,74.09,57.604,75.21,normal,healthy,synthetic_prototype_dataset
2026-08-07T02:00:00,HV-2026-006,6,32.92,68.41,57.583,73.11,normal,healthy,synthetic_prototype_dataset
2026-08-07T03:00:00,HV-2026-006,6,31.85,70.43,57.588,79.41,normal,healthy,synthetic_prototype_dataset
2026-08-07T04:00:00,HV-2026-006,6,32.84,69.45,57.599,72.32,normal,healthy,synthetic_prototype_dataset
2026-08-07T05:00:00,HV-2026-006,6,33.6,70.33,57.582,81.67,normal,healthy,synthetic_prototype_dataset
2026-08-07T06:00:00,HV-2026-006,6,33.23,64.98,57.624,77.97,normal,healthy,synthetic_prototype_dataset
2026-08-07T07:00:00,HV-2026-006,6,33.84,63.9,57.69,75.65,normal,healthy,synthetic_prototype_dataset
2026-08-07T08:00:00,HV-2026-006,6,34.15,65.89,57.672,78.02,normal,healthy,synthetic_prototype_dataset
2026-08-07T09:00:00,HV-2026-006,6,34.91,62.34,57.738,76.73,normal,healthy,synthetic_prototype_dataset
2026-08-07T10:00:00,HV-2026-006,6,34.8,59.76,57.855,85.83,normal,healthy,synthetic_prototype_dataset
2026-08-07T11:00:00,HV-2026-006,6,34.78,60.09,57.898,86.97,normal,healthy,synthetic_prototype_dataset
2026-08-07T12:00:00,HV-2026-006,6,34.45,61.8,57.894,86.62,normal,healthy,synthetic_prototype_dataset
2026-08-07T13:00:00,HV-2026-006,6,34.42,59.65,57.971,81.11,normal,healthy,synthetic_prototype_dataset
2026-08-07T14:00:00,HV-2026-006,6,34.58,57.68,58.004,83.08,normal,healthy,synthetic_prototype_dataset
2026-08-07T15:00:00,HV-2026-006,6,34.52,60.62,58.07,93.23,normal,healthy,synthetic_prototype_dataset
2026-08-07T16:00:00,HV-2026-006,6,34.19,64.45,58.157,86.3,normal,healthy,synthetic_prototype_dataset
2026-08-07T17:00:00,HV-2026-006,6,34.51,64.46,58.156,90.92,normal,healthy,synthetic_prototype_dataset
2026-08-07T18:00:00,HV-2026-006,6,33.5,63.81,58.147,95.73,normal,healthy,synthetic_prototype_dataset
2026-08-07T19:00:00,HV-2026-006,6,33.32,70.82,58.158,87.07,normal,healthy,synthetic_prototype_dataset
2026-08-07T20:00:00,HV-2026-006,6,32.12,71.58,58.197,88.1,normal,healthy,synthetic_prototype_dataset
2026-08-07T21:00:00,HV-2026-006,6,32.26,73.32,58.216,88.35,normal,healthy,synthetic_prototype_dataset
2026-08-07T22:00:00,HV-2026-006,6,32.14,71.67,58.26,83.17,normal,healthy,synthetic_prototype_dataset
2026-08-07T23:00:00,HV-2026-006,6,32.31,74.82,58.282,90.8,normal,healthy,synthetic_prototype_dataset
2026-08-08T00:00:00,HV-2026-006,6,32.78,75.11,58.289,75.8,normal,warning,synthetic_prototype_dataset
2026-08-08T01:00:00,HV-2026-006,6,32.38,72.4,58.296,74.03,normal,healthy,synthetic_prototype_dataset
2026-08-08T02:00:00,HV-2026-006,6,33.5,72.06,58.358,72.96,normal,healthy,synthetic_prototype_dataset
2026-08-08T03:00:00,HV-2026-006,6,33.33,70.75,58.385,69.59,normal,warning,synthetic_prototype_dataset
2026-08-08T04:00:00,HV-2026-006,6,33.33,72.39,58.369,80.11,normal,healthy,synthetic_prototype_dataset
2026-08-08T05:00:00,HV-2026-006,6,32.54,69.44,58.384,80.68,normal,healthy,synthetic_prototype_dataset
2026-08-08T06:00:00,HV-2026-006,6,33.59,68.16,58.452,74.98,normal,healthy,synthetic_prototype_dataset
2026-08-08T07:00:00,HV-2026-006,6,33.8,62.67,58.466,84.57,normal,healthy,synthetic_prototype_dataset
2026-08-08T08:00:00,HV-2026-006,6,34.47,61.11,58.553,80.98,normal,healthy,synthetic_prototype_dataset
2026-08-08T09:00:00,HV-2026-006,6,34.77,62.42,58.602,74.37,normal,healthy,synthetic_prototype_dataset
2026-08-08T10:00:00,HV-2026-006,6,35.1,56.37,58.675,83.35,normal,healthy,synthetic_prototype_dataset
2026-08-08T11:00:00,HV-2026-006,6,35.11,60.01,58.752,84.58,normal,healthy,synthetic_prototype_dataset
2026-08-08T12:00:00,HV-2026-006,6,34.91,60.21,58.86,88.0,normal,healthy,synthetic_prototype_dataset
2026-08-08T13:00:00,HV-2026-006,6,34.14,58.71,58.924,91.52,normal,healthy,synthetic_prototype_dataset
2026-08-08T14:00:00,HV-2026-006,6,34.28,64.46,58.973,89.6,normal,healthy,synthetic_prototype_dataset
2026-08-08T15:00:00,HV-2026-006,6,33.83,63.54,58.998,86.32,normal,healthy,synthetic_prototype_dataset
2026-08-08T16:00:00,HV-2026-006,6,33.99,65.48,59.052,86.41,normal,healthy,synthetic_prototype_dataset
2026-08-08T17:00:00,HV-2026-006,6,33.58,67.21,59.078,91.84,normal,healthy,synthetic_prototype_dataset
2026-08-08T18:00:00,HV-2026-006,6,33.84,60.33,59.151,87.02,normal,healthy,synthetic_prototype_dataset
2026-08-08T19:00:00,HV-2026-006,6,32.98,71.07,59.227,91.6,normal,healthy,synthetic_prototype_dataset
2026-08-08T20:00:00,HV-2026-006,6,33.16,71.75,59.302,94.97,normal,healthy,synthetic_prototype_dataset
2026-08-08T21:00:00,HV-2026-006,6,32.61,70.11,59.318,89.38,normal,healthy,synthetic_prototype_dataset
2026-08-08T22:00:00,HV-2026-006,6,32.33,70.73,59.359,82.64,normal,healthy,synthetic_prototype_dataset
2026-08-08T23:00:00,HV-2026-006,6,32.26,73.52,59.388,90.09,normal,healthy,synthetic_prototype_dataset
2026-08-09T00:00:00,HV-2026-006,6,32.46,77.62,59.394,75.14,normal,warning,synthetic_prototype_dataset
2026-08-09T01:00:00,HV-2026-006,6,32.27,73.68,59.375,71.86,normal,healthy,synthetic_prototype_dataset
2026-08-09T02:00:00,HV-2026-006,6,32.31,69.84,59.388,73.73,normal,healthy,synthetic_prototype_dataset
2026-08-09T03:00:00,HV-2026-006,6,32.38,73.61,59.376,79.04,normal,healthy,synthetic_prototype_dataset
2026-08-09T04:00:00,HV-2026-006,6,32.53,69.31,59.417,75.04,normal,healthy,synthetic_prototype_dataset
2026-08-09T05:00:00,HV-2026-006,6,32.7,67.76,59.38,77.33,normal,healthy,synthetic_prototype_dataset
2026-08-09T06:00:00,HV-2026-006,6,32.04,68.22,59.426,81.61,normal,healthy,synthetic_prototype_dataset
2026-08-09T07:00:00,HV-2026-006,6,34.75,66.49,59.429,85.43,normal,healthy,synthetic_prototype_dataset
2026-08-09T08:00:00,HV-2026-006,6,33.55,59.69,59.524,81.73,normal,healthy,synthetic_prototype_dataset
2026-08-09T09:00:00,HV-2026-006,6,33.51,59.23,59.577,78.31,normal,healthy,synthetic_prototype_dataset
2026-08-09T10:00:00,HV-2026-006,6,34.23,64.1,59.69,83.51,normal,healthy,synthetic_prototype_dataset
2026-08-09T11:00:00,HV-2026-006,6,34.62,61.48,59.711,76.72,normal,healthy,synthetic_prototype_dataset
2026-08-09T12:00:00,HV-2026-006,6,33.49,59.49,59.784,85.96,normal,healthy,synthetic_prototype_dataset
2026-08-09T13:00:00,HV-2026-006,6,35.05,61.49,59.876,87.76,normal,healthy,synthetic_prototype_dataset
2026-08-09T14:00:00,HV-2026-006,6,34.68,60.49,59.909,82.62,normal,healthy,synthetic_prototype_dataset
2026-08-09T15:00:00,HV-2026-006,6,34.88,60.98,59.934,87.04,normal,healthy,synthetic_prototype_dataset
2026-08-09T16:00:00,HV-2026-006,6,33.48,62.96,59.99,87.05,normal,healthy,synthetic_prototype_dataset
2026-08-09T17:00:00,HV-2026-006,6,34.24,64.14,59.97,94.69,normal,healthy,synthetic_prototype_dataset
2026-08-09T18:00:00,HV-2026-006,6,33.52,68.17,60.031,86.69,normal,healthy,synthetic_prototype_dataset
2026-08-09T19:00:00,HV-2026-006,6,32.86,70.29,60.12,90.1,normal,healthy,synthetic_prototype_dataset
2026-08-09T20:00:00,HV-2026-006,6,32.5,73.15,60.123,90.67,normal,healthy,synthetic_prototype_dataset
2026-08-09T21:00:00,HV-2026-006,6,32.32,72.05,60.115,87.62,normal,healthy,synthetic_prototype_dataset
2026-08-09T22:00:00,HV-2026-006,6,32.03,73.87,60.146,91.21,normal,healthy,synthetic_prototype_dataset
2026-08-09T23:00:00,HV-2026-006,6,31.81,73.0,60.193,90.11,normal,healthy,synthetic_prototype_dataset
2026-08-10T00:00:00,HV-2026-006,6,31.44,74.3,60.19,79.18,normal,healthy,synthetic_prototype_dataset
2026-08-10T01:00:00,HV-2026-006,6,32.98,68.79,60.192,76.92,normal,healthy,synthetic_prototype_dataset
2026-08-10T02:00:00,HV-2026-006,6,32.27,74.49,60.219,74.15,normal,healthy,synthetic_prototype_dataset
2026-08-10T03:00:00,HV-2026-006,6,32.02,69.54,60.218,74.02,normal,healthy,synthetic_prototype_dataset
2026-08-10T04:00:00,HV-2026-006,6,32.92,69.95,60.221,72.47,normal,healthy,synthetic_prototype_dataset
2026-08-10T05:00:00,HV-2026-006,6,32.74,67.53,60.219,78.36,normal,healthy,synthetic_prototype_dataset
2026-08-10T06:00:00,HV-2026-006,6,34.01,64.62,60.284,78.43,normal,healthy,synthetic_prototype_dataset
2026-08-10T07:00:00,HV-2026-006,6,33.81,67.67,60.303,79.23,normal,healthy,synthetic_prototype_dataset
2026-08-10T08:00:00,HV-2026-006,6,34.1,63.32,60.348,79.79,normal,healthy,synthetic_prototype_dataset
2026-08-10T09:00:00,HV-2026-006,6,34.52,60.58,60.36,79.0,normal,healthy,synthetic_prototype_dataset
2026-08-10T10:00:00,HV-2026-006,6,34.36,62.49,60.382,85.28,normal,healthy,synthetic_prototype_dataset
2026-08-10T11:00:00,HV-2026-006,6,34.77,59.18,60.468,87.1,normal,healthy,synthetic_prototype_dataset
2026-08-10T12:00:00,HV-2026-006,6,34.69,59.59,60.514,80.55,normal,healthy,synthetic_prototype_dataset
2026-08-10T13:00:00,HV-2026-006,6,34.28,60.8,60.501,84.49,normal,healthy,synthetic_prototype_dataset
2026-08-10T14:00:00,HV-2026-006,6,34.34,65.9,60.567,91.97,normal,healthy,synthetic_prototype_dataset
2026-08-10T15:00:00,HV-2026-006,6,33.95,62.43,60.546,87.78,normal,healthy,synthetic_prototype_dataset
2026-08-10T16:00:00,HV-2026-006,6,34.27,60.68,60.598,91.19,normal,healthy,synthetic_prototype_dataset
2026-08-10T17:00:00,HV-2026-006,6,33.46,63.42,60.607,88.67,normal,healthy,synthetic_prototype_dataset
2026-08-10T18:00:00,HV-2026-006,6,33.25,67.65,60.618,95.61,normal,healthy,synthetic_prototype_dataset
2026-08-10T19:00:00,HV-2026-006,6,33.78,68.97,60.63,88.01,normal,healthy,synthetic_prototype_dataset
2026-08-10T20:00:00,HV-2026-006,6,32.89,71.12,60.648,88.15,normal,healthy,synthetic_prototype_dataset
2026-08-10T21:00:00,HV-2026-006,6,32.63,71.81,60.653,89.33,normal,healthy,synthetic_prototype_dataset
2026-08-10T22:00:00,HV-2026-006,6,32.0,71.44,60.678,86.11,normal,healthy,synthetic_prototype_dataset
2026-08-10T23:00:00,HV-2026-006,6,31.81,75.38,60.69,93.3,normal,warning,synthetic_prototype_dataset
2026-08-11T00:00:00,HV-2026-006,6,32.34,72.35,60.755,73.49,normal,healthy,synthetic_prototype_dataset
2026-08-11T01:00:00,HV-2026-006,6,32.99,74.0,60.799,76.11,normal,healthy,synthetic_prototype_dataset
2026-08-11T02:00:00,HV-2026-006,6,32.35,72.48,60.792,77.19,normal,healthy,synthetic_prototype_dataset
2026-08-11T03:00:00,HV-2026-006,6,32.9,69.63,60.871,78.1,normal,healthy,synthetic_prototype_dataset
2026-08-11T04:00:00,HV-2026-006,6,32.51,69.51,60.961,79.29,normal,healthy,synthetic_prototype_dataset
2026-08-11T05:00:00,HV-2026-006,6,33.54,68.19,61.005,77.22,normal,healthy,synthetic_prototype_dataset
2026-08-11T06:00:00,HV-2026-006,6,33.28,67.02,61.069,81.6,normal,healthy,synthetic_prototype_dataset
2026-08-11T07:00:00,HV-2026-006,6,33.58,62.65,61.152,83.62,normal,healthy,synthetic_prototype_dataset
2026-08-11T08:00:00,HV-2026-006,6,34.19,66.55,61.193,76.44,normal,healthy,synthetic_prototype_dataset
2026-08-11T09:00:00,HV-2026-006,6,33.69,59.5,61.227,79.73,normal,healthy,synthetic_prototype_dataset
2026-08-11T10:00:00,HV-2026-006,6,34.23,60.57,61.295,81.09,normal,healthy,synthetic_prototype_dataset
2026-08-11T11:00:00,HV-2026-006,6,34.29,59.2,61.368,84.28,normal,healthy,synthetic_prototype_dataset
2026-08-11T12:00:00,HV-2026-006,6,34.79,62.62,61.509,88.14,normal,healthy,synthetic_prototype_dataset
2026-08-11T13:00:00,HV-2026-006,6,34.86,57.93,61.565,87.32,normal,healthy,synthetic_prototype_dataset
2026-08-11T14:00:00,HV-2026-006,6,34.89,60.06,61.615,90.24,normal,healthy,synthetic_prototype_dataset
2026-08-11T15:00:00,HV-2026-006,6,35.13,64.69,61.7,91.48,normal,healthy,synthetic_prototype_dataset
2026-08-11T16:00:00,HV-2026-006,6,33.82,64.63,61.71,88.8,normal,healthy,synthetic_prototype_dataset
2026-08-11T17:00:00,HV-2026-006,6,34.5,65.98,61.752,91.13,normal,healthy,synthetic_prototype_dataset
2026-08-11T18:00:00,HV-2026-006,6,33.32,62.95,61.738,92.16,normal,healthy,synthetic_prototype_dataset
2026-08-11T19:00:00,HV-2026-006,6,32.61,68.45,61.72,87.36,normal,healthy,synthetic_prototype_dataset
2026-08-11T20:00:00,HV-2026-006,6,32.71,71.99,61.784,86.95,normal,healthy,synthetic_prototype_dataset
2026-08-11T21:00:00,HV-2026-006,6,32.58,69.21,61.811,92.27,normal,healthy,synthetic_prototype_dataset
2026-08-11T22:00:00,HV-2026-006,6,32.2,75.26,61.865,88.79,normal,warning,synthetic_prototype_dataset
2026-08-11T23:00:00,HV-2026-006,6,31.99,72.63,61.839,82.57,normal,healthy,synthetic_prototype_dataset
2026-08-12T00:00:00,HV-2026-006,6,32.48,76.63,61.827,75.1,normal,warning,synthetic_prototype_dataset
2026-08-12T01:00:00,HV-2026-006,6,31.37,71.91,61.861,74.18,normal,healthy,synthetic_prototype_dataset
2026-08-12T02:00:00,HV-2026-006,6,31.35,76.06,61.884,71.39,normal,warning,synthetic_prototype_dataset
2026-08-12T03:00:00,HV-2026-006,6,32.47,71.71,61.924,74.81,normal,healthy,synthetic_prototype_dataset
2026-08-12T04:00:00,HV-2026-006,6,32.83,72.1,61.903,73.57,normal,healthy,synthetic_prototype_dataset
2026-08-12T05:00:00,HV-2026-006,6,33.38,67.72,61.925,74.35,normal,healthy,synthetic_prototype_dataset
2026-08-12T06:00:00,HV-2026-006,6,33.15,66.01,61.906,77.61,normal,healthy,synthetic_prototype_dataset
2026-08-12T07:00:00,HV-2026-006,6,34.15,64.77,61.964,76.11,normal,healthy,synthetic_prototype_dataset
2026-08-12T08:00:00,HV-2026-006,6,33.74,64.14,62.008,79.23,normal,healthy,synthetic_prototype_dataset
2026-08-12T09:00:00,HV-2026-006,6,34.56,59.64,62.032,84.73,normal,healthy,synthetic_prototype_dataset
2026-08-12T10:00:00,HV-2026-006,6,34.89,62.34,62.105,81.7,normal,healthy,synthetic_prototype_dataset
2026-08-12T11:00:00,HV-2026-006,6,33.82,59.67,62.168,87.32,normal,healthy,synthetic_prototype_dataset
2026-08-12T12:00:00,HV-2026-006,6,34.4,58.16,62.18,84.0,normal,healthy,synthetic_prototype_dataset
2026-08-12T13:00:00,HV-2026-006,6,33.74,59.19,62.225,86.76,normal,healthy,synthetic_prototype_dataset
2026-08-12T14:00:00,HV-2026-006,6,34.31,59.6,62.247,86.18,normal,healthy,synthetic_prototype_dataset
2026-08-12T15:00:00,HV-2026-006,6,34.57,61.95,62.399,87.77,normal,healthy,synthetic_prototype_dataset
2026-08-12T16:00:00,HV-2026-006,6,34.18,62.84,62.425,94.99,normal,healthy,synthetic_prototype_dataset
2026-08-12T17:00:00,HV-2026-006,6,34.12,61.93,62.423,89.4,normal,healthy,synthetic_prototype_dataset
2026-08-12T18:00:00,HV-2026-006,6,33.1,64.19,62.456,83.43,normal,healthy,synthetic_prototype_dataset
2026-08-12T19:00:00,HV-2026-006,6,33.05,70.03,62.512,89.38,normal,healthy,synthetic_prototype_dataset
2026-08-12T20:00:00,HV-2026-006,6,33.36,71.0,62.567,86.95,normal,healthy,synthetic_prototype_dataset
2026-08-12T21:00:00,HV-2026-006,6,33.1,71.85,62.647,93.69,normal,healthy,synthetic_prototype_dataset
2026-08-12T22:00:00,HV-2026-006,6,32.32,73.69,62.666,85.26,normal,healthy,synthetic_prototype_dataset
2026-08-12T23:00:00,HV-2026-006,6,32.35,74.64,62.634,86.82,normal,healthy,synthetic_prototype_dataset
2026-08-13T00:00:00,HV-2026-006,6,32.41,76.59,62.684,69.57,normal,warning,synthetic_prototype_dataset
2026-08-13T01:00:00,HV-2026-006,6,31.59,73.09,62.758,73.88,normal,healthy,synthetic_prototype_dataset
2026-08-13T02:00:00,HV-2026-006,6,32.67,71.9,62.802,72.71,normal,healthy,synthetic_prototype_dataset
2026-08-13T03:00:00,HV-2026-006,6,32.31,69.87,62.877,73.57,normal,healthy,synthetic_prototype_dataset
2026-08-13T04:00:00,HV-2026-006,6,31.97,67.53,62.899,74.4,normal,healthy,synthetic_prototype_dataset
2026-08-13T05:00:00,HV-2026-006,6,33.27,68.34,62.965,74.65,normal,healthy,synthetic_prototype_dataset
2026-08-13T06:00:00,HV-2026-006,6,33.78,65.24,62.938,73.12,normal,healthy,synthetic_prototype_dataset
2026-08-13T07:00:00,HV-2026-006,6,33.14,62.91,62.977,76.9,normal,healthy,synthetic_prototype_dataset
2026-08-13T08:00:00,HV-2026-006,6,34.03,64.41,62.948,81.62,normal,healthy,synthetic_prototype_dataset
2026-08-13T09:00:00,HV-2026-006,6,33.69,60.97,62.915,83.65,normal,healthy,synthetic_prototype_dataset
2026-08-13T10:00:00,HV-2026-006,6,33.68,58.73,62.914,82.55,normal,healthy,synthetic_prototype_dataset
2026-08-13T11:00:00,HV-2026-006,6,34.5,61.66,62.951,87.9,normal,healthy,synthetic_prototype_dataset
2026-08-13T12:00:00,HV-2026-006,6,34.79,58.25,62.97,91.19,normal,healthy,synthetic_prototype_dataset
2026-08-13T13:00:00,HV-2026-006,6,35.12,61.68,63.046,88.73,normal,healthy,synthetic_prototype_dataset
2026-08-13T14:00:00,HV-2026-006,6,34.59,60.98,63.148,86.5,normal,healthy,synthetic_prototype_dataset
2026-08-13T15:00:00,HV-2026-006,6,34.34,58.93,63.139,95.29,normal,healthy,synthetic_prototype_dataset
2026-08-13T16:00:00,HV-2026-006,6,34.24,63.07,63.179,84.77,normal,healthy,synthetic_prototype_dataset
2026-08-13T17:00:00,HV-2026-006,6,33.46,62.52,63.203,92.26,normal,healthy,synthetic_prototype_dataset
2026-08-13T18:00:00,HV-2026-006,6,33.52,69.82,63.243,81.33,normal,healthy,synthetic_prototype_dataset
2026-08-13T19:00:00,HV-2026-006,6,33.86,67.25,63.273,90.24,normal,healthy,synthetic_prototype_dataset
2026-08-13T20:00:00,HV-2026-006,6,32.77,70.54,63.301,84.9,normal,healthy,synthetic_prototype_dataset
2026-08-13T21:00:00,HV-2026-006,6,33.56,73.08,63.327,95.38,normal,healthy,synthetic_prototype_dataset
2026-08-13T22:00:00,HV-2026-006,6,31.71,74.58,63.333,89.53,normal,healthy,synthetic_prototype_dataset
2026-08-13T23:00:00,HV-2026-006,6,32.25,69.51,63.308,92.66,normal,healthy,synthetic_prototype_dataset
2026-08-14T00:00:00,HV-2026-006,6,31.89,77.59,63.379,73.41,normal,warning,synthetic_prototype_dataset
2026-08-14T01:00:00,HV-2026-006,6,31.91,76.72,63.477,73.79,normal,warning,synthetic_prototype_dataset
2026-08-14T02:00:00,HV-2026-006,6,32.87,74.91,63.544,76.35,normal,healthy,synthetic_prototype_dataset
2026-08-14T03:00:00,HV-2026-006,6,32.08,70.04,63.524,82.69,normal,healthy,synthetic_prototype_dataset
2026-08-14T04:00:00,HV-2026-006,6,32.66,68.43,63.584,74.32,normal,healthy,synthetic_prototype_dataset
2026-08-14T05:00:00,HV-2026-006,6,32.67,72.52,63.562,76.82,normal,healthy,synthetic_prototype_dataset
2026-08-14T06:00:00,HV-2026-006,6,33.04,65.64,63.536,76.21,normal,healthy,synthetic_prototype_dataset
2026-08-14T07:00:00,HV-2026-006,6,33.25,66.24,63.559,76.73,normal,healthy,synthetic_prototype_dataset
2026-08-14T08:00:00,HV-2026-006,6,33.56,66.06,63.615,77.24,normal,healthy,synthetic_prototype_dataset
2026-08-14T09:00:00,HV-2026-006,6,33.61,58.64,63.689,84.54,normal,healthy,synthetic_prototype_dataset
2026-08-14T10:00:00,HV-2026-006,6,34.9,60.71,63.755,86.6,normal,healthy,synthetic_prototype_dataset
2026-08-14T11:00:00,HV-2026-006,6,34.53,59.58,63.761,86.01,normal,healthy,synthetic_prototype_dataset
2026-08-14T12:00:00,HV-2026-006,6,34.86,59.26,63.793,85.14,normal,healthy,synthetic_prototype_dataset
2026-08-14T13:00:00,HV-2026-006,6,34.92,57.75,63.798,83.31,normal,healthy,synthetic_prototype_dataset
2026-08-14T14:00:00,HV-2026-006,6,34.36,61.49,63.803,91.31,normal,healthy,synthetic_prototype_dataset
2026-08-14T15:00:00,HV-2026-006,6,34.88,62.78,63.882,85.73,normal,healthy,synthetic_prototype_dataset
2026-08-14T16:00:00,HV-2026-006,6,33.55,64.42,63.919,86.4,normal,healthy,synthetic_prototype_dataset
2026-08-14T17:00:00,HV-2026-006,6,34.28,65.72,63.977,87.52,normal,healthy,synthetic_prototype_dataset
2026-08-14T18:00:00,HV-2026-006,6,34.06,66.71,64.043,87.96,normal,healthy,synthetic_prototype_dataset
2026-08-14T19:00:00,HV-2026-006,6,33.04,69.8,64.138,88.34,normal,healthy,synthetic_prototype_dataset
2026-08-14T20:00:00,HV-2026-006,6,32.74,71.55,64.113,81.91,normal,healthy,synthetic_prototype_dataset
2026-08-14T21:00:00,HV-2026-006,6,31.94,73.68,64.198,85.7,normal,healthy,synthetic_prototype_dataset
2026-08-14T22:00:00,HV-2026-006,6,31.63,75.81,64.203,86.25,normal,warning,synthetic_prototype_dataset
2026-08-14T23:00:00,HV-2026-006,6,32.7,76.08,64.261,80.36,normal,warning,synthetic_prototype_dataset
2026-08-15T00:00:00,HV-2026-006,6,31.43,76.02,64.297,72.57,normal,warning,synthetic_prototype_dataset
2026-08-15T01:00:00,HV-2026-006,6,31.89,75.76,64.376,75.45,normal,warning,synthetic_prototype_dataset
2026-08-15T02:00:00,HV-2026-006,6,31.87,72.57,64.448,80.63,normal,healthy,synthetic_prototype_dataset
2026-08-15T03:00:00,HV-2026-006,6,32.47,71.0,64.511,81.68,normal,healthy,synthetic_prototype_dataset
2026-08-15T04:00:00,HV-2026-006,6,32.0,70.08,64.576,76.26,normal,healthy,synthetic_prototype_dataset
2026-08-15T05:00:00,HV-2026-006,6,32.74,69.15,64.614,72.06,normal,healthy,synthetic_prototype_dataset
2026-08-15T06:00:00,HV-2026-006,6,33.34,67.66,64.622,73.27,normal,healthy,synthetic_prototype_dataset
2026-08-15T07:00:00,HV-2026-006,6,33.39,63.44,64.677,74.38,normal,healthy,synthetic_prototype_dataset
2026-08-15T08:00:00,HV-2026-006,6,34.04,62.83,64.681,84.42,normal,healthy,synthetic_prototype_dataset
2026-08-15T09:00:00,HV-2026-006,6,34.16,60.85,64.689,82.54,normal,healthy,synthetic_prototype_dataset
2026-08-15T10:00:00,HV-2026-006,6,34.8,63.23,64.721,82.2,normal,healthy,synthetic_prototype_dataset
2026-08-15T11:00:00,HV-2026-006,6,34.61,60.54,64.734,89.64,normal,healthy,synthetic_prototype_dataset
2026-08-15T12:00:00,HV-2026-006,6,34.61,60.96,64.791,87.31,normal,healthy,synthetic_prototype_dataset
2026-08-15T13:00:00,HV-2026-006,6,34.1,60.23,64.914,92.66,normal,healthy,synthetic_prototype_dataset
2026-08-15T14:00:00,HV-2026-006,6,34.5,60.28,64.879,86.38,normal,healthy,synthetic_prototype_dataset
2026-08-15T15:00:00,HV-2026-006,6,34.18,61.48,64.911,91.11,normal,healthy,synthetic_prototype_dataset
2026-08-15T16:00:00,HV-2026-006,6,33.5,63.99,64.945,86.43,normal,healthy,synthetic_prototype_dataset
2026-08-15T17:00:00,HV-2026-006,6,34.39,66.53,64.951,91.69,normal,healthy,synthetic_prototype_dataset
2026-08-15T18:00:00,HV-2026-006,6,32.67,65.81,65.027,91.23,normal,healthy,synthetic_prototype_dataset
2026-08-15T19:00:00,HV-2026-006,6,33.09,70.59,65.074,88.95,normal,healthy,synthetic_prototype_dataset
2026-08-15T20:00:00,HV-2026-006,6,33.07,67.46,65.075,89.18,normal,healthy,synthetic_prototype_dataset
2026-08-15T21:00:00,HV-2026-006,6,32.63,71.36,65.038,82.2,normal,healthy,synthetic_prototype_dataset
2026-08-15T22:00:00,HV-2026-006,6,32.14,72.2,65.031,84.35,normal,healthy,synthetic_prototype_dataset
2026-08-15T23:00:00,HV-2026-006,6,32.1,76.11,65.061,90.94,normal,warning,synthetic_prototype_dataset
2026-08-16T00:00:00,HV-2026-006,6,31.84,74.79,65.133,75.45,normal,healthy,synthetic_prototype_dataset
2026-08-16T01:00:00,HV-2026-006,6,32.06,73.08,65.179,79.16,normal,healthy,synthetic_prototype_dataset
2026-08-16T02:00:00,HV-2026-006,6,32.34,72.64,65.151,75.83,normal,healthy,synthetic_prototype_dataset
2026-08-16T03:00:00,HV-2026-006,6,32.3,72.36,65.18,81.5,normal,healthy,synthetic_prototype_dataset
2026-08-16T04:00:00,HV-2026-006,6,32.34,67.65,65.165,73.78,normal,healthy,synthetic_prototype_dataset
2026-08-16T05:00:00,HV-2026-006,6,33.45,66.47,65.15,77.45,normal,healthy,synthetic_prototype_dataset
2026-08-16T06:00:00,HV-2026-006,6,33.69,64.2,65.113,73.25,normal,healthy,synthetic_prototype_dataset
2026-08-16T07:00:00,HV-2026-006,6,33.94,65.44,65.111,80.42,normal,healthy,synthetic_prototype_dataset
2026-08-16T08:00:00,HV-2026-006,6,34.01,63.3,65.085,76.93,normal,healthy,synthetic_prototype_dataset
2026-08-16T09:00:00,HV-2026-006,6,35.1,61.43,65.085,80.02,normal,healthy,synthetic_prototype_dataset
2026-08-16T10:00:00,HV-2026-006,6,34.48,62.52,65.145,80.63,normal,healthy,synthetic_prototype_dataset
2026-08-16T11:00:00,HV-2026-006,6,35.13,61.69,65.17,84.07,normal,healthy,synthetic_prototype_dataset
2026-08-16T12:00:00,HV-2026-006,6,34.87,61.92,65.159,86.15,normal,healthy,synthetic_prototype_dataset
2026-08-16T13:00:00,HV-2026-006,6,34.55,59.2,65.182,90.8,normal,healthy,synthetic_prototype_dataset
2026-08-16T14:00:00,HV-2026-006,6,34.67,64.72,65.204,88.6,normal,healthy,synthetic_prototype_dataset
2026-08-16T15:00:00,HV-2026-006,6,34.36,63.65,65.292,89.26,normal,healthy,synthetic_prototype_dataset
2026-08-16T16:00:00,HV-2026-006,6,33.46,62.21,65.335,93.45,normal,healthy,synthetic_prototype_dataset
2026-08-16T17:00:00,HV-2026-006,6,32.99,63.07,65.395,85.35,normal,healthy,synthetic_prototype_dataset
2026-08-16T18:00:00,HV-2026-006,6,32.8,69.03,65.417,88.96,normal,healthy,synthetic_prototype_dataset
2026-08-16T19:00:00,HV-2026-006,6,33.58,66.89,65.398,95.58,normal,healthy,synthetic_prototype_dataset
2026-08-16T20:00:00,HV-2026-006,6,32.76,71.71,65.412,89.15,normal,healthy,synthetic_prototype_dataset
2026-08-16T21:00:00,HV-2026-006,6,32.07,72.51,65.466,89.62,normal,healthy,synthetic_prototype_dataset
2026-08-16T22:00:00,HV-2026-006,6,32.66,74.24,65.455,87.62,normal,healthy,synthetic_prototype_dataset
2026-08-16T23:00:00,HV-2026-006,6,31.85,75.11,65.496,87.48,normal,warning,synthetic_prototype_dataset
2026-08-17T00:00:00,HV-2026-006,6,32.47,70.6,65.5,74.19,normal,healthy,synthetic_prototype_dataset
2026-08-17T01:00:00,HV-2026-006,6,32.17,74.71,65.525,71.4,normal,healthy,synthetic_prototype_dataset
2026-08-17T02:00:00,HV-2026-006,6,32.37,73.25,65.498,74.97,normal,healthy,synthetic_prototype_dataset
2026-08-17T03:00:00,HV-2026-006,6,32.56,74.88,65.485,78.77,normal,healthy,synthetic_prototype_dataset
2026-08-17T04:00:00,HV-2026-006,6,32.18,68.17,65.468,78.12,normal,healthy,synthetic_prototype_dataset
2026-08-17T05:00:00,HV-2026-006,6,33.04,68.2,65.509,76.14,normal,healthy,synthetic_prototype_dataset
2026-08-17T06:00:00,HV-2026-006,6,33.37,66.41,65.498,81.92,normal,healthy,synthetic_prototype_dataset
2026-08-17T07:00:00,HV-2026-006,6,34.28,68.01,65.504,75.44,normal,healthy,synthetic_prototype_dataset
2026-08-17T08:00:00,HV-2026-006,6,33.78,65.39,65.534,77.72,normal,healthy,synthetic_prototype_dataset
2026-08-17T09:00:00,HV-2026-006,6,34.4,60.68,65.52,81.81,normal,healthy,synthetic_prototype_dataset
2026-08-17T10:00:00,HV-2026-006,6,34.21,60.87,65.464,79.88,normal,healthy,synthetic_prototype_dataset
2026-08-17T11:00:00,HV-2026-006,6,34.55,57.47,65.453,84.66,normal,healthy,synthetic_prototype_dataset
2026-08-17T12:00:00,HV-2026-006,6,34.93,58.35,65.486,85.06,normal,healthy,synthetic_prototype_dataset
2026-08-17T13:00:00,HV-2026-006,6,33.87,62.33,65.522,86.5,normal,healthy,synthetic_prototype_dataset
2026-08-17T14:00:00,HV-2026-006,6,34.61,58.09,65.597,91.8,normal,healthy,synthetic_prototype_dataset
2026-08-17T15:00:00,HV-2026-006,6,34.3,62.84,65.626,91.96,normal,healthy,synthetic_prototype_dataset
2026-08-17T16:00:00,HV-2026-006,6,33.59,63.4,65.665,89.39,normal,healthy,synthetic_prototype_dataset
2026-08-17T17:00:00,HV-2026-006,6,34.13,69.08,65.695,91.53,normal,healthy,synthetic_prototype_dataset
2026-08-17T18:00:00,HV-2026-006,6,32.95,68.81,65.707,98.0,normal,healthy,synthetic_prototype_dataset
2026-08-17T19:00:00,HV-2026-006,6,32.23,72.63,65.766,85.95,normal,healthy,synthetic_prototype_dataset
2026-08-17T20:00:00,HV-2026-006,6,33.71,68.79,65.78,84.98,normal,healthy,synthetic_prototype_dataset
2026-08-17T21:00:00,HV-2026-006,6,32.33,71.81,65.834,97.47,normal,healthy,synthetic_prototype_dataset
2026-08-17T22:00:00,HV-2026-006,6,31.96,68.06,65.882,86.2,normal,healthy,synthetic_prototype_dataset
2026-08-17T23:00:00,HV-2026-006,6,32.88,73.66,65.88,83.56,normal,healthy,synthetic_prototype_dataset
2026-08-18T00:00:00,HV-2026-006,6,32.31,73.41,65.957,75.26,normal,healthy,synthetic_prototype_dataset
2026-08-18T01:00:00,HV-2026-006,6,32.72,71.18,65.921,78.9,normal,healthy,synthetic_prototype_dataset
2026-08-18T02:00:00,HV-2026-006,6,32.0,72.49,65.91,72.2,normal,healthy,synthetic_prototype_dataset
2026-08-18T03:00:00,HV-2026-006,6,32.7,71.82,65.898,78.77,normal,healthy,synthetic_prototype_dataset
2026-08-18T04:00:00,HV-2026-006,6,33.21,70.21,65.958,72.49,normal,healthy,synthetic_prototype_dataset
2026-08-18T05:00:00,HV-2026-006,6,33.26,69.0,65.956,83.19,normal,healthy,synthetic_prototype_dataset
2026-08-18T06:00:00,HV-2026-006,6,33.44,65.84,65.981,72.96,normal,healthy,synthetic_prototype_dataset
2026-08-18T07:00:00,HV-2026-006,6,33.15,64.28,65.993,75.01,normal,healthy,synthetic_prototype_dataset
2026-08-18T08:00:00,HV-2026-006,6,34.55,62.02,65.99,75.47,normal,healthy,synthetic_prototype_dataset
2026-08-18T09:00:00,HV-2026-006,6,33.68,63.8,66.033,83.77,normal,healthy,synthetic_prototype_dataset
2026-08-18T10:00:00,HV-2026-006,6,34.92,60.24,66.122,80.81,normal,healthy,synthetic_prototype_dataset
2026-08-18T11:00:00,HV-2026-006,6,34.1,60.81,66.168,85.02,normal,healthy,synthetic_prototype_dataset
2026-08-18T12:00:00,HV-2026-006,6,35.09,60.09,66.221,90.66,normal,healthy,synthetic_prototype_dataset
2026-08-18T13:00:00,HV-2026-006,6,34.71,61.03,66.215,98.0,normal,healthy,synthetic_prototype_dataset
2026-08-18T14:00:00,HV-2026-006,6,33.74,59.87,66.237,95.5,normal,healthy,synthetic_prototype_dataset
2026-08-18T15:00:00,HV-2026-006,6,33.98,62.75,66.258,85.29,normal,healthy,synthetic_prototype_dataset
2026-08-18T16:00:00,HV-2026-006,6,34.24,62.11,66.303,91.72,normal,healthy,synthetic_prototype_dataset
2026-08-18T17:00:00,HV-2026-006,6,34.53,62.82,66.332,89.49,normal,healthy,synthetic_prototype_dataset
2026-08-18T18:00:00,HV-2026-006,6,33.33,71.53,66.355,81.18,normal,healthy,synthetic_prototype_dataset
2026-08-18T19:00:00,HV-2026-006,6,32.91,68.5,66.372,87.36,normal,healthy,synthetic_prototype_dataset
2026-08-18T20:00:00,HV-2026-006,6,32.09,74.29,66.408,88.85,normal,healthy,synthetic_prototype_dataset
2026-08-18T21:00:00,HV-2026-006,6,33.37,70.29,66.454,84.56,normal,healthy,synthetic_prototype_dataset
2026-08-18T22:00:00,HV-2026-006,6,32.55,70.92,66.496,94.96,normal,healthy,synthetic_prototype_dataset
2026-08-18T23:00:00,HV-2026-006,6,32.12,69.72,66.522,88.79,normal,healthy,synthetic_prototype_dataset
2026-08-19T00:00:00,HV-2026-006,6,32.47,76.48,66.6,74.51,normal,warning,synthetic_prototype_dataset
2026-08-19T01:00:00,HV-2026-006,6,31.81,71.58,66.606,77.67,normal,healthy,synthetic_prototype_dataset
2026-08-19T02:00:00,HV-2026-006,6,31.63,71.22,66.651,73.74,normal,healthy,synthetic_prototype_dataset
2026-08-19T03:00:00,HV-2026-006,6,32.61,70.31,66.686,73.3,normal,healthy,synthetic_prototype_dataset
2026-08-19T04:00:00,HV-2026-006,6,31.85,72.05,66.687,75.13,normal,healthy,synthetic_prototype_dataset
2026-08-19T05:00:00,HV-2026-006,6,32.71,69.62,66.723,77.9,normal,healthy,synthetic_prototype_dataset
2026-08-19T06:00:00,HV-2026-006,6,33.11,66.74,66.763,81.41,normal,healthy,synthetic_prototype_dataset
2026-08-19T07:00:00,HV-2026-006,6,33.83,63.21,66.797,77.25,normal,healthy,synthetic_prototype_dataset
2026-08-19T08:00:00,HV-2026-006,6,33.11,60.01,66.825,79.69,normal,healthy,synthetic_prototype_dataset
2026-08-19T09:00:00,HV-2026-006,6,34.15,63.47,66.826,76.51,normal,healthy,synthetic_prototype_dataset
2026-08-19T10:00:00,HV-2026-006,6,34.11,59.67,66.862,80.21,normal,healthy,synthetic_prototype_dataset
2026-08-19T11:00:00,HV-2026-006,6,33.65,55.44,66.907,80.57,normal,healthy,synthetic_prototype_dataset
2026-08-19T12:00:00,HV-2026-006,6,33.76,60.95,67.003,85.57,normal,healthy,synthetic_prototype_dataset
2026-08-19T13:00:00,HV-2026-006,6,34.74,60.56,66.965,90.22,normal,healthy,synthetic_prototype_dataset
2026-08-19T14:00:00,HV-2026-006,6,35.04,64.07,66.992,84.15,normal,healthy,synthetic_prototype_dataset
2026-08-19T15:00:00,HV-2026-006,6,34.89,62.78,67.063,86.67,normal,healthy,synthetic_prototype_dataset
2026-08-19T16:00:00,HV-2026-006,6,34.13,61.43,67.101,88.31,normal,healthy,synthetic_prototype_dataset
2026-08-19T17:00:00,HV-2026-006,6,34.75,66.0,67.06,89.87,normal,healthy,synthetic_prototype_dataset
2026-08-19T18:00:00,HV-2026-006,6,33.53,65.97,67.051,92.31,normal,healthy,synthetic_prototype_dataset
2026-08-19T19:00:00,HV-2026-006,6,32.59,69.67,67.039,88.01,normal,healthy,synthetic_prototype_dataset
2026-08-19T20:00:00,HV-2026-006,6,33.14,71.21,67.065,89.42,normal,healthy,synthetic_prototype_dataset
2026-08-19T21:00:00,HV-2026-006,6,32.48,70.35,67.037,90.93,normal,healthy,synthetic_prototype_dataset
2026-08-19T22:00:00,HV-2026-006,6,32.92,73.98,67.071,83.89,normal,healthy,synthetic_prototype_dataset
2026-08-19T23:00:00,HV-2026-006,6,32.5,74.46,67.123,90.73,normal,healthy,synthetic_prototype_dataset
2026-08-20T00:00:00,HV-2026-006,6,32.81,71.73,67.102,76.52,normal,healthy,synthetic_prototype_dataset
2026-08-20T01:00:00,HV-2026-006,6,31.72,71.52,67.17,72.47,normal,healthy,synthetic_prototype_dataset
2026-08-20T02:00:00,HV-2026-006,6,32.26,69.86,67.197,80.14,normal,healthy,synthetic_prototype_dataset
2026-08-20T03:00:00,HV-2026-006,6,33.02,73.56,67.22,79.89,normal,healthy,synthetic_prototype_dataset
2026-08-20T04:00:00,HV-2026-006,6,32.94,69.44,67.258,79.1,normal,healthy,synthetic_prototype_dataset
2026-08-20T05:00:00,HV-2026-006,6,32.46,66.64,67.278,71.72,normal,healthy,synthetic_prototype_dataset
2026-08-20T06:00:00,HV-2026-006,6,32.84,65.97,67.338,79.41,normal,healthy,synthetic_prototype_dataset
2026-08-20T07:00:00,HV-2026-006,6,33.87,65.24,67.436,75.94,normal,healthy,synthetic_prototype_dataset
2026-08-20T08:00:00,HV-2026-006,6,34.15,62.17,67.42,83.77,normal,healthy,synthetic_prototype_dataset
2026-08-20T09:00:00,HV-2026-006,6,34.18,63.03,67.446,85.72,normal,healthy,synthetic_prototype_dataset
2026-08-20T10:00:00,HV-2026-006,6,34.07,62.76,67.515,76.72,normal,healthy,synthetic_prototype_dataset
2026-08-20T11:00:00,HV-2026-006,6,34.42,61.81,67.613,87.03,normal,healthy,synthetic_prototype_dataset
2026-08-20T12:00:00,HV-2026-006,6,34.52,57.99,67.675,84.41,normal,healthy,synthetic_prototype_dataset
2026-08-20T13:00:00,HV-2026-006,6,34.48,59.57,67.749,93.43,normal,healthy,synthetic_prototype_dataset
2026-08-20T14:00:00,HV-2026-006,6,34.98,60.69,67.76,90.46,normal,healthy,synthetic_prototype_dataset
2026-08-20T15:00:00,HV-2026-006,6,35.06,63.59,67.807,87.22,normal,healthy,synthetic_prototype_dataset
2026-08-20T16:00:00,HV-2026-006,6,34.2,65.31,67.853,89.16,normal,healthy,synthetic_prototype_dataset
2026-08-20T17:00:00,HV-2026-006,6,33.42,69.58,67.856,86.44,normal,healthy,synthetic_prototype_dataset
2026-08-20T18:00:00,HV-2026-006,6,33.47,66.37,67.922,93.7,normal,healthy,synthetic_prototype_dataset
2026-08-20T19:00:00,HV-2026-006,6,32.51,67.18,67.916,92.63,normal,healthy,synthetic_prototype_dataset
2026-08-20T20:00:00,HV-2026-006,6,32.94,69.56,67.949,85.58,normal,healthy,synthetic_prototype_dataset
2026-08-20T21:00:00,HV-2026-006,6,32.14,69.34,67.979,89.43,normal,healthy,synthetic_prototype_dataset
2026-08-20T22:00:00,HV-2026-006,6,31.82,73.55,68.041,84.52,normal,healthy,synthetic_prototype_dataset
2026-08-20T23:00:00,HV-2026-006,6,31.99,74.42,68.065,82.3,normal,healthy,synthetic_prototype_dataset
2026-08-21T00:00:00,HV-2026-006,6,31.94,72.76,68.084,75.55,normal,healthy,synthetic_prototype_dataset
2026-08-21T01:00:00,HV-2026-006,6,32.88,73.0,68.049,76.32,normal,healthy,synthetic_prototype_dataset
2026-08-21T02:00:00,HV-2026-006,6,33.09,72.38,68.059,74.93,normal,healthy,synthetic_prototype_dataset
2026-08-21T03:00:00,HV-2026-006,6,32.78,71.01,68.031,73.65,normal,healthy,synthetic_prototype_dataset
2026-08-21T04:00:00,HV-2026-006,6,32.75,71.08,68.036,74.96,normal,healthy,synthetic_prototype_dataset
2026-08-21T05:00:00,HV-2026-006,6,33.12,67.03,68.057,77.64,normal,healthy,synthetic_prototype_dataset
2026-08-21T06:00:00,HV-2026-006,6,32.9,67.17,68.044,72.25,normal,healthy,synthetic_prototype_dataset
2026-08-21T07:00:00,HV-2026-006,6,33.47,67.26,68.009,76.2,normal,healthy,synthetic_prototype_dataset
2026-08-21T08:00:00,HV-2026-006,6,34.07,65.22,68.107,78.15,normal,healthy,synthetic_prototype_dataset
2026-08-21T09:00:00,HV-2026-006,6,34.6,61.5,68.137,82.31,normal,healthy,synthetic_prototype_dataset
2026-08-21T10:00:00,HV-2026-006,6,33.85,60.47,68.191,79.99,normal,healthy,synthetic_prototype_dataset
2026-08-21T11:00:00,HV-2026-006,6,34.9,56.75,68.235,89.22,normal,healthy,synthetic_prototype_dataset
2026-08-21T12:00:00,HV-2026-006,6,34.64,57.86,68.227,87.27,normal,healthy,synthetic_prototype_dataset
2026-08-21T13:00:00,HV-2026-006,6,35.11,59.76,68.254,80.35,normal,healthy,synthetic_prototype_dataset
2026-08-21T14:00:00,HV-2026-006,6,34.62,59.32,68.274,93.78,normal,healthy,synthetic_prototype_dataset
2026-08-21T15:00:00,HV-2026-006,6,33.54,58.67,68.323,87.59,normal,healthy,synthetic_prototype_dataset
2026-08-21T16:00:00,HV-2026-006,6,33.85,63.61,68.37,86.12,normal,healthy,synthetic_prototype_dataset
2026-08-21T17:00:00,HV-2026-006,6,33.5,64.9,68.41,91.57,normal,healthy,synthetic_prototype_dataset
2026-08-21T18:00:00,HV-2026-006,6,33.17,67.24,68.473,90.16,normal,healthy,synthetic_prototype_dataset
2026-08-21T19:00:00,HV-2026-006,6,33.05,68.01,68.476,86.6,normal,healthy,synthetic_prototype_dataset
2026-08-21T20:00:00,HV-2026-006,6,32.65,70.93,68.47,89.26,normal,healthy,synthetic_prototype_dataset
2026-08-21T21:00:00,HV-2026-006,6,32.43,74.77,68.52,91.41,normal,healthy,synthetic_prototype_dataset
2026-08-21T22:00:00,HV-2026-006,6,32.72,71.7,68.593,88.68,normal,healthy,synthetic_prototype_dataset
2026-08-21T23:00:00,HV-2026-006,6,32.16,71.19,68.604,80.93,normal,healthy,synthetic_prototype_dataset
2026-08-22T00:00:00,HV-2026-006,6,37.07,66.45,68.615,46.15,heat_stress,warning,synthetic_prototype_dataset
2026-08-22T01:00:00,HV-2026-006,6,37.54,68.31,68.699,56.82,heat_stress,warning,synthetic_prototype_dataset
2026-08-22T02:00:00,HV-2026-006,6,37.42,68.39,68.734,49.5,heat_stress,warning,synthetic_prototype_dataset
2026-08-22T03:00:00,HV-2026-006,6,37.44,66.59,68.902,55.08,heat_stress,warning,synthetic_prototype_dataset
2026-08-22T04:00:00,HV-2026-006,6,37.94,64.86,68.943,50.68,heat_stress,warning,synthetic_prototype_dataset
2026-08-22T05:00:00,HV-2026-006,6,38.48,62.02,68.933,52.69,heat_stress,critical,synthetic_prototype_dataset
2026-08-22T06:00:00,HV-2026-006,6,38.76,60.22,68.969,54.36,heat_stress,critical,synthetic_prototype_dataset
2026-08-22T07:00:00,HV-2026-006,6,38.79,57.87,68.969,51.94,heat_stress,critical,synthetic_prototype_dataset
2026-08-22T08:00:00,HV-2026-006,6,39.82,56.63,69.011,53.49,heat_stress,critical,synthetic_prototype_dataset
2026-08-22T09:00:00,HV-2026-006,6,39.21,53.95,69.049,54.55,heat_stress,critical,synthetic_prototype_dataset
2026-08-22T10:00:00,HV-2026-006,6,40.18,54.23,69.085,57.37,heat_stress,critical,synthetic_prototype_dataset
2026-08-22T11:00:00,HV-2026-006,6,39.9,56.41,69.089,60.49,heat_stress,critical,synthetic_prototype_dataset
2026-08-22T12:00:00,HV-2026-006,6,39.07,55.69,69.128,55.67,heat_stress,critical,synthetic_prototype_dataset
2026-08-22T13:00:00,HV-2026-006,6,39.16,55.19,69.112,63.08,heat_stress,critical,synthetic_prototype_dataset
2026-08-22T14:00:00,HV-2026-006,6,39.41,54.07,69.131,59.79,heat_stress,critical,synthetic_prototype_dataset
2026-08-22T15:00:00,HV-2026-006,6,39.18,56.57,69.161,65.41,heat_stress,critical,synthetic_prototype_dataset
2026-08-22T16:00:00,HV-2026-006,6,39.02,58.09,69.214,62.63,heat_stress,critical,synthetic_prototype_dataset
2026-08-22T17:00:00,HV-2026-006,6,38.39,60.39,69.219,66.63,heat_stress,critical,synthetic_prototype_dataset
2026-08-22T18:00:00,HV-2026-006,6,38.49,59.65,69.264,69.79,heat_stress,critical,synthetic_prototype_dataset
2026-08-22T19:00:00,HV-2026-006,6,38.42,62.53,69.346,59.02,heat_stress,critical,synthetic_prototype_dataset
2026-08-22T20:00:00,HV-2026-006,6,37.33,63.15,69.42,67.82,heat_stress,warning,synthetic_prototype_dataset
2026-08-22T21:00:00,HV-2026-006,6,36.79,64.65,69.399,63.79,heat_stress,warning,synthetic_prototype_dataset
2026-08-22T22:00:00,HV-2026-006,6,37.76,68.3,69.433,61.64,heat_stress,warning,synthetic_prototype_dataset
2026-08-22T23:00:00,HV-2026-006,6,37.18,68.48,69.541,57.96,heat_stress,warning,synthetic_prototype_dataset
2026-08-23T00:00:00,HV-2026-006,6,37.95,67.78,69.594,51.65,heat_stress,warning,synthetic_prototype_dataset
2026-08-23T01:00:00,HV-2026-006,6,37.91,67.69,69.597,52.58,heat_stress,warning,synthetic_prototype_dataset
2026-08-23T02:00:00,HV-2026-006,6,37.91,66.4,69.549,50.6,heat_stress,warning,synthetic_prototype_dataset
2026-08-23T03:00:00,HV-2026-006,6,37.66,65.21,69.557,55.63,heat_stress,warning,synthetic_prototype_dataset
2026-08-23T04:00:00,HV-2026-006,6,36.81,64.01,69.585,58.33,heat_stress,warning,synthetic_prototype_dataset
2026-08-23T05:00:00,HV-2026-006,6,38.19,62.95,69.615,51.33,heat_stress,critical,synthetic_prototype_dataset
2026-08-23T06:00:00,HV-2026-006,6,39.32,58.34,69.616,53.64,heat_stress,critical,synthetic_prototype_dataset
2026-08-23T07:00:00,HV-2026-006,6,38.98,58.02,69.639,56.03,heat_stress,critical,synthetic_prototype_dataset
2026-08-23T08:00:00,HV-2026-006,6,39.4,55.55,69.677,54.45,heat_stress,critical,synthetic_prototype_dataset
2026-08-23T09:00:00,HV-2026-006,6,39.66,54.81,69.669,58.71,heat_stress,critical,synthetic_prototype_dataset
2026-08-23T10:00:00,HV-2026-006,6,39.9,56.82,69.66,57.75,heat_stress,critical,synthetic_prototype_dataset
2026-08-23T11:00:00,HV-2026-006,6,39.68,52.86,69.647,55.79,heat_stress,critical,synthetic_prototype_dataset
2026-08-23T12:00:00,HV-2026-006,6,39.95,52.44,69.66,65.91,heat_stress,critical,synthetic_prototype_dataset
2026-08-23T13:00:00,HV-2026-006,6,40.86,53.48,69.651,63.49,heat_stress,critical,synthetic_prototype_dataset
2026-08-23T14:00:00,HV-2026-006,6,38.72,51.85,69.708,58.28,heat_stress,critical,synthetic_prototype_dataset
2026-08-23T15:00:00,HV-2026-006,6,39.32,52.72,69.75,67.87,heat_stress,critical,synthetic_prototype_dataset
2026-08-23T16:00:00,HV-2026-006,6,38.91,56.8,69.759,61.91,heat_stress,critical,synthetic_prototype_dataset
2026-08-23T17:00:00,HV-2026-006,6,38.49,59.94,69.744,63.72,heat_stress,critical,synthetic_prototype_dataset
2026-08-23T18:00:00,HV-2026-006,6,38.72,61.98,69.789,64.75,heat_stress,critical,synthetic_prototype_dataset
2026-08-23T19:00:00,HV-2026-006,6,37.94,63.82,69.784,61.9,heat_stress,warning,synthetic_prototype_dataset
2026-08-23T20:00:00,HV-2026-006,6,38.49,64.49,69.823,66.62,heat_stress,critical,synthetic_prototype_dataset
2026-08-23T21:00:00,HV-2026-006,6,37.57,62.7,69.856,63.87,heat_stress,warning,synthetic_prototype_dataset
2026-08-23T22:00:00,HV-2026-006,6,37.02,64.44,69.88,58.37,heat_stress,warning,synthetic_prototype_dataset
2026-08-23T23:00:00,HV-2026-006,6,37.21,66.62,69.901,63.52,heat_stress,warning,synthetic_prototype_dataset
2026-08-24T00:00:00,HV-2026-006,6,32.57,71.89,69.956,75.23,normal,healthy,synthetic_prototype_dataset
2026-08-24T01:00:00,HV-2026-006,6,33.12,71.88,69.925,78.92,normal,healthy,synthetic_prototype_dataset
2026-08-24T02:00:00,HV-2026-006,6,32.65,74.4,69.96,84.19,normal,healthy,synthetic_prototype_dataset
2026-08-24T03:00:00,HV-2026-006,6,32.58,73.01,69.967,77.72,normal,healthy,synthetic_prototype_dataset
2026-08-24T04:00:00,HV-2026-006,6,33.24,71.17,70.019,64.67,normal,warning,synthetic_prototype_dataset
2026-08-24T05:00:00,HV-2026-006,6,33.22,66.95,70.031,75.01,normal,healthy,synthetic_prototype_dataset
2026-08-24T06:00:00,HV-2026-006,6,34.03,66.54,70.038,70.86,normal,healthy,synthetic_prototype_dataset
2026-08-24T07:00:00,HV-2026-006,6,34.61,63.2,70.059,85.31,normal,healthy,synthetic_prototype_dataset
2026-08-24T08:00:00,HV-2026-006,6,33.96,62.18,70.096,74.0,normal,healthy,synthetic_prototype_dataset
2026-08-24T09:00:00,HV-2026-006,6,33.73,60.36,70.115,81.83,normal,healthy,synthetic_prototype_dataset
2026-08-24T10:00:00,HV-2026-006,6,34.27,60.89,70.077,82.75,normal,healthy,synthetic_prototype_dataset
2026-08-24T11:00:00,HV-2026-006,6,35.01,60.01,70.112,82.21,normal,healthy,synthetic_prototype_dataset
2026-08-24T12:00:00,HV-2026-006,6,34.8,61.4,70.133,89.32,normal,healthy,synthetic_prototype_dataset
2026-08-24T13:00:00,HV-2026-006,6,35.36,56.29,70.172,83.68,normal,healthy,synthetic_prototype_dataset
2026-08-24T14:00:00,HV-2026-006,6,34.04,61.54,70.231,89.05,normal,healthy,synthetic_prototype_dataset
2026-08-24T15:00:00,HV-2026-006,6,34.02,61.6,70.226,89.2,normal,healthy,synthetic_prototype_dataset
2026-08-24T16:00:00,HV-2026-006,6,33.94,64.57,70.251,90.33,normal,healthy,synthetic_prototype_dataset
2026-08-24T17:00:00,HV-2026-006,6,34.03,64.23,70.288,90.94,normal,healthy,synthetic_prototype_dataset
2026-08-24T18:00:00,HV-2026-006,6,33.19,66.9,70.348,91.39,normal,healthy,synthetic_prototype_dataset
2026-08-24T19:00:00,HV-2026-006,6,33.09,68.3,70.36,89.46,normal,healthy,synthetic_prototype_dataset
2026-08-24T20:00:00,HV-2026-006,6,32.4,72.16,70.453,87.06,normal,healthy,synthetic_prototype_dataset
2026-08-24T21:00:00,HV-2026-006,6,33.02,73.75,70.445,81.38,normal,healthy,synthetic_prototype_dataset
2026-08-24T22:00:00,HV-2026-006,6,33.15,72.22,70.451,88.29,normal,healthy,synthetic_prototype_dataset
2026-08-24T23:00:00,HV-2026-006,6,32.17,78.26,70.458,85.97,normal,warning,synthetic_prototype_dataset
2026-08-25T00:00:00,HV-2026-006,6,32.93,75.32,70.521,74.29,normal,warning,synthetic_prototype_dataset
2026-08-25T01:00:00,HV-2026-006,6,32.33,68.85,70.544,76.11,normal,healthy,synthetic_prototype_dataset
2026-08-25T02:00:00,HV-2026-006,6,32.86,75.29,70.594,79.54,normal,warning,synthetic_prototype_dataset
2026-08-25T03:00:00,HV-2026-006,6,32.72,73.26,70.619,79.99,normal,healthy,synthetic_prototype_dataset
2026-08-25T04:00:00,HV-2026-006,6,33.36,70.21,70.59,79.83,normal,healthy,synthetic_prototype_dataset
2026-08-25T05:00:00,HV-2026-006,6,33.48,69.08,70.626,77.7,normal,healthy,synthetic_prototype_dataset
2026-08-25T06:00:00,HV-2026-006,6,34.24,65.15,70.667,73.28,normal,healthy,synthetic_prototype_dataset
2026-08-25T07:00:00,HV-2026-006,6,34.25,64.64,70.67,78.16,normal,healthy,synthetic_prototype_dataset
2026-08-25T08:00:00,HV-2026-006,6,34.04,61.82,70.712,80.56,normal,healthy,synthetic_prototype_dataset
2026-08-25T09:00:00,HV-2026-006,6,33.71,61.72,70.736,79.91,normal,healthy,synthetic_prototype_dataset
2026-08-25T10:00:00,HV-2026-006,6,34.27,59.86,70.755,87.46,normal,healthy,synthetic_prototype_dataset
2026-08-25T11:00:00,HV-2026-006,6,34.12,57.5,70.76,85.43,normal,healthy,synthetic_prototype_dataset
2026-08-25T12:00:00,HV-2026-006,6,35.48,59.91,70.764,84.4,normal,healthy,synthetic_prototype_dataset
2026-08-25T13:00:00,HV-2026-006,6,34.54,60.15,70.791,82.16,normal,healthy,synthetic_prototype_dataset
2026-08-25T14:00:00,HV-2026-006,6,35.04,62.21,70.827,88.55,normal,healthy,synthetic_prototype_dataset
2026-08-25T15:00:00,HV-2026-006,6,33.89,57.34,70.803,88.78,normal,healthy,synthetic_prototype_dataset
2026-08-25T16:00:00,HV-2026-006,6,34.16,63.48,70.834,92.98,normal,healthy,synthetic_prototype_dataset
2026-08-25T17:00:00,HV-2026-006,6,34.38,63.61,70.833,83.17,normal,healthy,synthetic_prototype_dataset
2026-08-25T18:00:00,HV-2026-006,6,34.3,64.3,70.81,90.45,normal,healthy,synthetic_prototype_dataset
2026-08-25T19:00:00,HV-2026-006,6,32.64,68.04,70.823,93.11,normal,healthy,synthetic_prototype_dataset
2026-08-25T20:00:00,HV-2026-006,6,33.38,71.49,70.855,86.52,normal,healthy,synthetic_prototype_dataset
2026-08-25T21:00:00,HV-2026-006,6,32.26,69.99,70.95,88.06,normal,healthy,synthetic_prototype_dataset
2026-08-25T22:00:00,HV-2026-006,6,32.6,74.8,70.984,85.5,normal,healthy,synthetic_prototype_dataset
2026-08-25T23:00:00,HV-2026-006,6,32.72,71.99,71.019,88.9,normal,healthy,synthetic_prototype_dataset
2026-08-26T00:00:00,HV-2026-006,6,32.19,73.15,71.1,73.81,normal,healthy,synthetic_prototype_dataset
2026-08-26T01:00:00,HV-2026-006,6,33.05,71.51,71.188,73.01,normal,healthy,synthetic_prototype_dataset
2026-08-26T02:00:00,HV-2026-006,6,32.41,74.59,71.268,78.86,normal,healthy,synthetic_prototype_dataset
2026-08-26T03:00:00,HV-2026-006,6,32.31,70.91,71.293,73.0,normal,healthy,synthetic_prototype_dataset
2026-08-26T04:00:00,HV-2026-006,6,33.38,67.92,71.272,70.33,normal,healthy,synthetic_prototype_dataset
2026-08-26T05:00:00,HV-2026-006,6,34.15,66.71,71.28,72.39,normal,healthy,synthetic_prototype_dataset
2026-08-26T06:00:00,HV-2026-006,6,34.33,63.33,71.263,74.87,normal,healthy,synthetic_prototype_dataset
2026-08-26T07:00:00,HV-2026-006,6,34.04,65.19,71.265,83.23,normal,healthy,synthetic_prototype_dataset
2026-08-26T08:00:00,HV-2026-006,6,34.06,60.5,71.256,76.91,normal,healthy,synthetic_prototype_dataset
2026-08-26T09:00:00,HV-2026-006,6,34.11,62.22,71.255,80.89,normal,healthy,synthetic_prototype_dataset
2026-08-26T10:00:00,HV-2026-006,6,34.38,57.64,71.331,88.61,normal,healthy,synthetic_prototype_dataset
2026-08-26T11:00:00,HV-2026-006,6,35.54,56.4,71.325,91.45,normal,healthy,synthetic_prototype_dataset
2026-08-26T12:00:00,HV-2026-006,6,34.9,56.34,71.405,86.14,normal,healthy,synthetic_prototype_dataset
2026-08-26T13:00:00,HV-2026-006,6,35.23,55.02,71.437,90.43,normal,healthy,synthetic_prototype_dataset
2026-08-26T14:00:00,HV-2026-006,6,34.55,61.97,71.433,87.73,normal,healthy,synthetic_prototype_dataset
2026-08-26T15:00:00,HV-2026-006,6,35.37,58.79,71.483,90.98,normal,healthy,synthetic_prototype_dataset
2026-08-26T16:00:00,HV-2026-006,6,34.41,61.86,71.49,90.21,normal,healthy,synthetic_prototype_dataset
2026-08-26T17:00:00,HV-2026-006,6,34.01,61.42,71.563,86.7,normal,healthy,synthetic_prototype_dataset
2026-08-26T18:00:00,HV-2026-006,6,33.08,64.74,71.561,89.1,normal,healthy,synthetic_prototype_dataset
2026-08-26T19:00:00,HV-2026-006,6,32.82,68.43,71.634,90.25,normal,healthy,synthetic_prototype_dataset
2026-08-26T20:00:00,HV-2026-006,6,32.42,67.67,71.667,82.64,normal,healthy,synthetic_prototype_dataset
2026-08-26T21:00:00,HV-2026-006,6,32.24,67.8,71.696,96.5,normal,healthy,synthetic_prototype_dataset
2026-08-26T22:00:00,HV-2026-006,6,32.02,73.35,71.702,83.5,normal,healthy,synthetic_prototype_dataset
2026-08-26T23:00:00,HV-2026-006,6,33.16,76.46,71.741,87.35,normal,warning,synthetic_prototype_dataset
2026-08-27T00:00:00,HV-2026-006,6,32.51,72.35,71.778,78.37,normal,healthy,synthetic_prototype_dataset
2026-08-27T01:00:00,HV-2026-006,6,33.28,71.44,71.807,75.69,normal,healthy,synthetic_prototype_dataset
2026-08-27T02:00:00,HV-2026-006,6,33.12,76.0,71.869,78.09,normal,warning,synthetic_prototype_dataset
2026-08-27T03:00:00,HV-2026-006,6,33.27,72.85,71.979,70.1,normal,healthy,synthetic_prototype_dataset
2026-08-27T04:00:00,HV-2026-006,6,33.4,64.47,72.037,77.93,normal,healthy,synthetic_prototype_dataset
2026-08-27T05:00:00,HV-2026-006,6,33.2,62.62,72.062,76.78,normal,healthy,synthetic_prototype_dataset
2026-08-27T06:00:00,HV-2026-006,6,33.76,64.5,72.055,75.82,normal,healthy,synthetic_prototype_dataset
2026-08-27T07:00:00,HV-2026-006,6,33.76,65.26,72.078,71.79,normal,healthy,synthetic_prototype_dataset
2026-08-27T08:00:00,HV-2026-006,6,34.51,62.86,72.164,82.87,normal,healthy,synthetic_prototype_dataset
2026-08-27T09:00:00,HV-2026-006,6,34.3,63.23,72.149,81.46,normal,healthy,synthetic_prototype_dataset
2026-08-27T10:00:00,HV-2026-006,6,35.25,62.18,72.253,87.46,normal,healthy,synthetic_prototype_dataset
2026-08-27T11:00:00,HV-2026-006,6,34.98,59.9,72.302,82.04,normal,healthy,synthetic_prototype_dataset
2026-08-27T12:00:00,HV-2026-006,6,35.03,61.85,72.367,93.11,normal,healthy,synthetic_prototype_dataset
2026-08-27T13:00:00,HV-2026-006,6,34.55,58.17,72.424,89.71,normal,healthy,synthetic_prototype_dataset
2026-08-27T14:00:00,HV-2026-006,6,34.86,61.0,72.494,83.27,normal,healthy,synthetic_prototype_dataset
2026-08-27T15:00:00,HV-2026-006,6,35.04,62.6,72.545,82.49,normal,healthy,synthetic_prototype_dataset
2026-08-27T16:00:00,HV-2026-006,6,34.31,62.91,72.553,92.74,normal,healthy,synthetic_prototype_dataset
2026-08-27T17:00:00,HV-2026-006,6,34.45,64.05,72.587,90.56,normal,healthy,synthetic_prototype_dataset
2026-08-27T18:00:00,HV-2026-006,6,33.78,63.3,72.602,90.25,normal,healthy,synthetic_prototype_dataset
2026-08-27T19:00:00,HV-2026-006,6,34.09,68.68,72.678,84.96,normal,healthy,synthetic_prototype_dataset
2026-08-27T20:00:00,HV-2026-006,6,32.97,72.85,72.677,86.85,normal,healthy,synthetic_prototype_dataset
2026-08-27T21:00:00,HV-2026-006,6,32.74,74.2,72.679,90.89,normal,healthy,synthetic_prototype_dataset
2026-08-27T22:00:00,HV-2026-006,6,32.83,68.21,72.703,86.19,normal,healthy,synthetic_prototype_dataset
2026-08-27T23:00:00,HV-2026-006,6,32.83,75.51,72.716,85.54,normal,warning,synthetic_prototype_dataset
2026-08-28T00:00:00,HV-2026-006,6,33.69,71.14,72.694,80.82,normal,healthy,synthetic_prototype_dataset
2026-08-28T01:00:00,HV-2026-006,6,32.58,72.69,72.797,71.09,normal,healthy,synthetic_prototype_dataset
2026-08-28T02:00:00,HV-2026-006,6,32.64,69.25,72.834,74.06,normal,healthy,synthetic_prototype_dataset
2026-08-28T03:00:00,HV-2026-006,6,32.41,71.68,72.859,71.62,normal,healthy,synthetic_prototype_dataset
2026-08-28T04:00:00,HV-2026-006,6,32.67,69.29,72.826,76.8,normal,healthy,synthetic_prototype_dataset
2026-08-28T05:00:00,HV-2026-006,6,34.12,68.43,72.829,76.96,normal,healthy,synthetic_prototype_dataset
2026-08-28T06:00:00,HV-2026-006,6,33.29,65.66,72.843,72.36,normal,healthy,synthetic_prototype_dataset
2026-08-28T07:00:00,HV-2026-006,6,34.47,60.04,72.826,74.1,normal,healthy,synthetic_prototype_dataset
2026-08-28T08:00:00,HV-2026-006,6,34.28,64.25,72.882,79.99,normal,healthy,synthetic_prototype_dataset
2026-08-28T09:00:00,HV-2026-006,6,34.8,60.44,72.964,75.0,normal,healthy,synthetic_prototype_dataset
2026-08-28T10:00:00,HV-2026-006,6,35.33,58.44,73.02,84.78,normal,healthy,synthetic_prototype_dataset
2026-08-28T11:00:00,HV-2026-006,6,35.44,61.5,73.012,88.04,normal,healthy,synthetic_prototype_dataset
2026-08-28T12:00:00,HV-2026-006,6,35.13,57.59,73.126,88.36,normal,healthy,synthetic_prototype_dataset
2026-08-28T13:00:00,HV-2026-006,6,34.92,60.38,73.167,85.59,normal,healthy,synthetic_prototype_dataset
2026-08-28T14:00:00,HV-2026-006,6,34.71,59.9,73.188,88.67,normal,healthy,synthetic_prototype_dataset
2026-08-28T15:00:00,HV-2026-006,6,35.17,60.66,73.298,88.98,normal,healthy,synthetic_prototype_dataset
2026-08-28T16:00:00,HV-2026-006,6,35.11,63.67,73.389,96.43,normal,healthy,synthetic_prototype_dataset
2026-08-28T17:00:00,HV-2026-006,6,33.4,64.08,73.419,90.27,normal,healthy,synthetic_prototype_dataset
2026-08-28T18:00:00,HV-2026-006,6,33.68,64.44,73.41,90.34,normal,healthy,synthetic_prototype_dataset
2026-08-28T19:00:00,HV-2026-006,6,33.94,66.34,73.424,87.44,normal,healthy,synthetic_prototype_dataset
2026-08-28T20:00:00,HV-2026-006,6,32.76,68.49,73.461,93.92,normal,healthy,synthetic_prototype_dataset
2026-08-28T21:00:00,HV-2026-006,6,32.4,70.31,73.527,84.81,normal,healthy,synthetic_prototype_dataset
2026-08-28T22:00:00,HV-2026-006,6,33.3,70.69,73.577,87.36,normal,healthy,synthetic_prototype_dataset
2026-08-28T23:00:00,HV-2026-006,6,32.81,75.07,73.598,90.54,normal,warning,synthetic_prototype_dataset
2026-08-29T00:00:00,HV-2026-006,6,32.75,70.79,73.618,75.27,normal,healthy,synthetic_prototype_dataset
2026-08-29T01:00:00,HV-2026-006,6,32.04,72.8,73.666,78.84,normal,healthy,synthetic_prototype_dataset
2026-08-29T02:00:00,HV-2026-006,6,33.44,72.99,73.669,74.63,normal,healthy,synthetic_prototype_dataset
2026-08-29T03:00:00,HV-2026-006,6,33.39,70.86,73.694,72.94,normal,healthy,synthetic_prototype_dataset
2026-08-29T04:00:00,HV-2026-006,6,33.04,69.76,73.651,67.81,normal,warning,synthetic_prototype_dataset
2026-08-29T05:00:00,HV-2026-006,6,33.9,66.06,73.692,81.52,normal,healthy,synthetic_prototype_dataset
2026-08-29T06:00:00,HV-2026-006,6,33.47,62.2,73.707,73.6,normal,healthy,synthetic_prototype_dataset
2026-08-29T07:00:00,HV-2026-006,6,34.25,64.37,73.744,77.99,normal,healthy,synthetic_prototype_dataset
2026-08-29T08:00:00,HV-2026-006,6,35.05,62.92,73.767,81.85,normal,healthy,synthetic_prototype_dataset
2026-08-29T09:00:00,HV-2026-006,6,34.15,62.17,73.802,77.16,normal,healthy,synthetic_prototype_dataset
2026-08-29T10:00:00,HV-2026-006,6,34.87,61.01,73.813,84.44,normal,healthy,synthetic_prototype_dataset
2026-08-29T11:00:00,HV-2026-006,6,35.58,58.49,73.823,84.3,normal,healthy,synthetic_prototype_dataset
2026-08-29T12:00:00,HV-2026-006,6,34.59,57.33,73.827,85.74,normal,healthy,synthetic_prototype_dataset
2026-08-29T13:00:00,HV-2026-006,6,34.61,58.6,73.909,91.29,normal,healthy,synthetic_prototype_dataset
2026-08-29T14:00:00,HV-2026-006,6,34.49,57.95,73.982,90.59,normal,healthy,synthetic_prototype_dataset
2026-08-29T15:00:00,HV-2026-006,6,34.57,59.38,74.025,82.52,normal,healthy,synthetic_prototype_dataset
2026-08-29T16:00:00,HV-2026-006,6,34.81,63.66,74.049,84.56,normal,healthy,synthetic_prototype_dataset
2026-08-29T17:00:00,HV-2026-006,6,34.9,63.79,74.108,85.26,normal,healthy,synthetic_prototype_dataset
2026-08-29T18:00:00,HV-2026-006,6,33.33,65.95,74.174,86.05,normal,healthy,synthetic_prototype_dataset
2026-08-29T19:00:00,HV-2026-006,6,33.54,64.16,74.174,88.98,normal,healthy,synthetic_prototype_dataset
2026-08-29T20:00:00,HV-2026-006,6,33.5,64.92,74.245,88.93,normal,healthy,synthetic_prototype_dataset
2026-08-29T21:00:00,HV-2026-006,6,33.59,71.42,74.3,96.01,normal,healthy,synthetic_prototype_dataset
2026-08-29T22:00:00,HV-2026-006,6,32.45,71.52,74.29,87.77,normal,healthy,synthetic_prototype_dataset
2026-08-29T23:00:00,HV-2026-006,6,33.0,74.0,74.302,82.89,normal,healthy,synthetic_prototype_dataset
